Description,Category
Accidents happening due to no speed breakers at temple. request urgent action.,Transport
Building without proper permission in Sector 12. situation getting worse.,Development Authority
Broken divider near community hall causing jams.,Transport
Public dustbins overflowing and not cleaned. needs immediate attention.,Municipal
Pedestrian crossing signal not working at temple. facing issues since last week.,Transport
Land encroachment by private party near temple.,Development Authority
Waste dumped on roadside in Green Park. please resolve soon.,Municipal
Culvert repair pending at New Town. facing issues since last week.,Public Works Department
Illegal construction happening on 2nd street. please resolve soon.,Development Authority
Flyover construction delay leading to congestion. facing issues since last week.,Transport
There is frequent eve teasing near the market area. please resolve soon.,Police
Poor road markings making driving difficult. request urgent action.,Transport
No proper communication from officials on issue raised. facing issues since last week.,CM Office (Miscellaneous)
No proper communication from officials on issue raised. request urgent action.,CM Office (Miscellaneous)
Road full of potholes at market area. needs immediate attention.,Public Works Department
Streetlights not working since last week in MG Road. please resolve soon.,Municipal
Robbery incident reported near main road. facing issues since last week.,Police
Illegal gambling happening behind petrol bunk. please resolve soon.,Police
Unauthorized shops operating near signal point. needs immediate attention.,Development Authority
There is frequent eve teasing near the market area. kindly look into this.,Police
Citizen grievance unresolved despite repeated attempts. request urgent action.,CM Office (Miscellaneous)
Public dustbins overflowing and not cleaned. kindly look into this.,Municipal
"Footpath broken near Downtown, pedestrians facing issues. request urgent action.",Public Works Department
Delay in pension disbursement for seniors. please resolve soon.,CM Office (Miscellaneous)
People fighting daily at the school. needs immediate attention.,Police
Building without proper permission in XYZ Nagar. facing issues since last week.,Development Authority
New road construction delayed at MG Road. situation getting worse.,Public Works Department
Public dustbins overflowing and not cleaned. needs immediate attention.,Municipal
Robbery incident reported near railway station. request urgent action.,Police
Complaint regarding layout approval delay. needs immediate attention.,Development Authority
"Street damaged after rain, vehicles skidding. please resolve soon.",Public Works Department
Flyover joints damaged and causing vehicle imbalance. situation getting worse.,Public Works Department
Autos refusing passengers in Downtown. facing issues since last week.,Transport
Bus shelter at ABC Colony broken and unsafe. kindly look into this.,Transport
Online complaint portal not working for days. request urgent action.,CM Office (Miscellaneous)
Water stagnation near temple due to poor drainage.,Public Works Department
Robbery incident reported near park.,Police
Government office not responding to complaints. please resolve soon.,CM Office (Miscellaneous)
People blocking roads with illegal sheds. facing issues since last week.,Development Authority
Fogging not done properly leading to mosquito menace.,Municipal
Illegal gambling happening behind community hall. situation getting worse.,Police
Bus route 53 not running on time for several days.,Transport
"Unfair practices in local department reported, please look into it. facing issues since last week.",CM Office (Miscellaneous)
Uneven road surface leading to traffic problems. request urgent action.,Public Works Department
Autos refusing passengers in MG Road. request urgent action.,Transport
Stormwater drain collapsed near bus depot. kindly look into this.,Public Works Department
Water leakage near 1st cross. situation getting worse.,Municipal
Uneven road surface leading to traffic problems. needs immediate attention.,Public Works Department
Citizen grievance unresolved despite repeated attempts. facing issues since last week.,CM Office (Miscellaneous)
Road full of potholes at temple.,Public Works Department
Application not processed even after multiple visits. kindly look into this.,CM Office (Miscellaneous)
Delay in pension disbursement for seniors. please resolve soon.,CM Office (Miscellaneous)
Waste dumped on roadside in Green Park. request urgent action.,Municipal
Chain snatching reported near bus depot. Please take action. needs immediate attention.,Police
Land encroachment by private party near bus stop. kindly look into this.,Development Authority
Bus route 53 not running on time for several days. please resolve soon.,Transport
No proper communication from officials on issue raised. request urgent action.,CM Office (Miscellaneous)
Unhygienic conditions near market in Green Park.,Municipal
Waste dumped on roadside in Lakeview. situation getting worse.,Municipal
Illegal construction happening on 1st cross. needs immediate attention.,Development Authority
Corruption complaint ignored by local officer.,CM Office (Miscellaneous)
Stormwater drain collapsed near signal point. facing issues since last week.,Public Works Department
Drainage overflow causing bad smell near market area. kindly look into this.,Municipal
Illegal gambling happening behind community hall. facing issues since last week.,Police
Water leakage near ring road. facing issues since last week.,Municipal
Women feel unsafe walking home after 7 PM. request urgent action.,Police
Road full of potholes at railway station. request urgent action.,Public Works Department
Signal at city mall not functioning properly causing accidents. kindly look into this.,Transport
Culvert repair pending at Airport Road. kindly look into this.,Public Works Department
Road full of potholes at temple. needs immediate attention.,Public Works Department
Flyover construction delay leading to congestion. please resolve soon.,Transport
Illegal gambling happening behind signal point. situation getting worse.,Police
"Street damaged after rain, vehicles skidding. situation getting worse.",Public Works Department
"Unfair practices in local department reported, please look into it. needs immediate attention.",CM Office (Miscellaneous)
Loud noise and public nuisance every night around park. facing issues since last week.,Police
Encroachment on public land at market area. please resolve soon.,Development Authority
Theft cases increasing in MG Road. Please increase patrolling. kindly look into this.,Police
Public dustbins overflowing and not cleaned. request urgent action.,Municipal
There is frequent eve teasing near the hospital. situation getting worse.,Police
Corruption complaint ignored by local officer. request urgent action.,CM Office (Miscellaneous)
Water stagnation near market area due to poor drainage. please resolve soon.,Public Works Department
Unhygienic conditions near market in XYZ Nagar. request urgent action.,Municipal
Land encroachment by private party near railway station. situation getting worse.,Development Authority
Road full of potholes at bus stop. kindly look into this.,Public Works Department
Unhygienic conditions near market in Central Avenue. needs immediate attention.,Municipal
Corruption complaint ignored by local officer. kindly look into this.,CM Office (Miscellaneous)
Illegal gambling happening behind junction. request urgent action.,Police
Fogging not done properly leading to mosquito menace. needs immediate attention.,Municipal
Poor road markings making driving difficult. kindly look into this.,Transport
Robbery incident reported near school. facing issues since last week.,Police
Land encroachment by private party near park. facing issues since last week.,Development Authority
Culvert repair pending at New Town. facing issues since last week.,Public Works Department
Robbery incident reported near market area. needs immediate attention.,Police
Unauthorized shops operating near bus depot. facing issues since last week.,Development Authority
Autos refusing passengers in Sector 12. situation getting worse.,Transport
Drunken men creating disturbance in Central Avenue.,Police
Flyover joints damaged and causing vehicle imbalance. facing issues since last week.,Public Works Department
Garbage not collected in Lakeview for several days. situation getting worse.,Municipal
Women feel unsafe walking home after 7 PM. facing issues since last week.,Police
Water stagnation near park due to poor drainage. kindly look into this.,Public Works Department
People fighting daily at the main road.,Police
Bus shelter at MG Road broken and unsafe. facing issues since last week.,Transport
Plot disputes not being resolved on time. kindly look into this.,Development Authority
Application not processed even after multiple visits. situation getting worse.,CM Office (Miscellaneous)
Road full of potholes at park. needs immediate attention.,Public Works Department
No proper communication from officials on issue raised. kindly look into this.,CM Office (Miscellaneous)
Flyover joints damaged and causing vehicle imbalance.,Public Works Department
Uneven road surface leading to traffic problems. please resolve soon.,Public Works Department
Road full of potholes at park.,Public Works Department
Land encroachment by private party near school.,Development Authority
Pedestrian crossing signal not working at railway station. facing issues since last week.,Transport
People fighting daily at the bus stop. request urgent action.,Police
People fighting daily at the hospital. needs immediate attention.,Police
Delay in pension disbursement for seniors. please resolve soon.,CM Office (Miscellaneous)
Violation of building norms at temple. kindly look into this.,Development Authority
Plot disputes not being resolved on time. request urgent action.,Development Authority
Streetlights not working since last week in Sector 12. needs immediate attention.,Municipal
Open manhole in hospital dangerous for kids. kindly look into this.,Municipal
Illegal construction happening on main bazaar road. please resolve soon.,Development Authority
Citizen grievance unresolved despite repeated attempts. request urgent action.,CM Office (Miscellaneous)
Land encroachment by private party near park. situation getting worse.,Development Authority
Uneven road surface leading to traffic problems.,Public Works Department
There is frequent eve teasing near the railway station. facing issues since last week.,Police
Illegal construction happening on ring road.,Development Authority
Theft cases increasing in ABC Colony. Please increase patrolling. kindly look into this.,Police
No proper communication from officials on issue raised.,CM Office (Miscellaneous)
Government office not responding to complaints. facing issues since last week.,CM Office (Miscellaneous)
Garbage not collected in Central Avenue for several days.,Municipal
"Footpath broken near MG Road, pedestrians facing issues.",Public Works Department
Broken divider near junction causing jams.,Transport
Signal at bus depot not functioning properly causing accidents. needs immediate attention.,Transport
Bus route 11 not running on time for several days. please resolve soon.,Transport
Corruption complaint ignored by local officer. kindly look into this.,CM Office (Miscellaneous)
Bus shelter at Sector 12 broken and unsafe. kindly look into this.,Transport
Delay in pension disbursement for seniors. please resolve soon.,CM Office (Miscellaneous)
Heavy traffic jam at park every morning. request urgent action.,Transport
Poor road markings making driving difficult. please resolve soon.,Transport
"Street damaged after rain, vehicles skidding. request urgent action.",Public Works Department
Stray dogs attacking people in XYZ Nagar. kindly look into this.,Municipal
Public dustbins overflowing and not cleaned. facing issues since last week.,Municipal
Government office not responding to complaints. please resolve soon.,CM Office (Miscellaneous)
Flyover joints damaged and causing vehicle imbalance. needs immediate attention.,Public Works Department
Complaint regarding layout approval delay. needs immediate attention.,Development Authority
Unhygienic conditions near market in Central Avenue. kindly look into this.,Municipal
Chain snatching reported near junction. Please take action. request urgent action.,Police
Unauthorized shops operating near community hall. request urgent action.,Development Authority
"Unfair practices in local department reported, please look into it. needs immediate attention.",CM Office (Miscellaneous)
Flyover construction delay leading to congestion. request urgent action.,Transport
Corruption complaint ignored by local officer. kindly look into this.,CM Office (Miscellaneous)
Online complaint portal not working for days. please resolve soon.,CM Office (Miscellaneous)
New road construction delayed at Downtown. needs immediate attention.,Public Works Department
People fighting daily at the school.,Police
Accidents happening due to no speed breakers at park. needs immediate attention.,Transport
There is frequent eve teasing near the market area. needs immediate attention.,Police
Online complaint portal not working for days. needs immediate attention.,CM Office (Miscellaneous)
People blocking roads with illegal sheds. facing issues since last week.,Development Authority
Signal at petrol bunk not functioning properly causing accidents. facing issues since last week.,Transport
Complaint regarding layout approval delay.,Development Authority
Loud noise and public nuisance every night around market area. facing issues since last week.,Police
Construction debris dumped near XYZ Nagar.,Development Authority
Drunken men creating disturbance in Central Avenue. facing issues since last week.,Police
Poor road markings making driving difficult. please resolve soon.,Transport
Government office not responding to complaints. please resolve soon.,CM Office (Miscellaneous)
Streetlights not working since last week in ABC Colony. facing issues since last week.,Municipal
Pedestrian crossing signal not working at bus stop. situation getting worse.,Transport
Stray dogs attacking people in MG Road. request urgent action.,Municipal
Heavy traffic jam at temple every morning. kindly look into this.,Transport
People blocking roads with illegal sheds. kindly look into this.,Development Authority
No proper communication from officials on issue raised.,CM Office (Miscellaneous)
Complaint regarding layout approval delay.,Development Authority
New road construction delayed at Central Avenue. situation getting worse.,Public Works Department
Streetlights not working since last week in Downtown. situation getting worse.,Municipal
Plot disputes not being resolved on time. kindly look into this.,Development Authority
Pedestrian crossing signal not working at railway station. request urgent action.,Transport
Drunken men creating disturbance in Sector 12. situation getting worse.,Police
Police not responding quickly during emergencies.,Police
Flyover joints damaged and causing vehicle imbalance. kindly look into this.,Public Works Department
Online complaint portal not working for days. please resolve soon.,CM Office (Miscellaneous)
Accidents happening due to no speed breakers at main road. request urgent action.,Transport
Building without proper permission in Sector 12.,Development Authority
Heavy traffic jam at market area every morning. request urgent action.,Transport
Land encroachment by private party near park. request urgent action.,Development Authority
Waste dumped on roadside in Central Avenue. needs immediate attention.,Municipal
Drunken men creating disturbance in XYZ Nagar. request urgent action.,Police
Uneven road surface leading to traffic problems. situation getting worse.,Public Works Department
Police not responding quickly during emergencies. kindly look into this.,Police
Need urgent help regarding electricity bill issue. situation getting worse.,CM Office (Miscellaneous)
Stray dogs attacking people in Green Park. request urgent action.,Municipal
Theft cases increasing in Central Avenue. Please increase patrolling. needs immediate attention.,Police
Illegal gambling happening behind community hall. needs immediate attention.,Police
Road full of potholes at railway station. situation getting worse.,Public Works Department
Staff behavior rude and unhelpful in office. please resolve soon.,CM Office (Miscellaneous)
Autos refusing passengers in Downtown. situation getting worse.,Transport
Uneven road surface leading to traffic problems.,Public Works Department
Bridge under repair for months at signal point. request urgent action.,Public Works Department
Drunken men creating disturbance in Downtown. needs immediate attention.,Police
Drunken men creating disturbance in Sector 12.,Police
Bus shelter at Sector 12 broken and unsafe. request urgent action.,Transport
Chain snatching reported near junction. Please take action. request urgent action.,Police
Water leakage near 2nd street. facing issues since last week.,Municipal
"Unfair practices in local department reported, please look into it. request urgent action.",CM Office (Miscellaneous)
Illegal construction happening on 2nd street. situation getting worse.,Development Authority
Corruption complaint ignored by local officer. kindly look into this.,CM Office (Miscellaneous)
New road construction delayed at XYZ Nagar. request urgent action.,Public Works Department
Complaint regarding layout approval delay. kindly look into this.,Development Authority
Corruption complaint ignored by local officer. please resolve soon.,CM Office (Miscellaneous)
Government office not responding to complaints. facing issues since last week.,CM Office (Miscellaneous)
Construction debris dumped near MG Road. needs immediate attention.,Development Authority
Chain snatching reported near community hall. Please take action. needs immediate attention.,Police
New road construction delayed at Lakeview. please resolve soon.,Public Works Department
Unauthorized shops operating near bus depot. needs immediate attention.,Development Authority
Government office not responding to complaints. request urgent action.,CM Office (Miscellaneous)
Illegal gambling happening behind petrol bunk. facing issues since last week.,Police
Streetlights not working since last week in XYZ Nagar. please resolve soon.,Municipal
Construction debris dumped near Sector 12. kindly look into this.,Development Authority
Open manhole in main road dangerous for kids. please resolve soon.,Municipal
Open manhole in park dangerous for kids. facing issues since last week.,Municipal
Poor road markings making driving difficult. kindly look into this.,Transport
Pedestrian crossing signal not working at main road. situation getting worse.,Transport
Flyover construction delay leading to congestion. kindly look into this.,Transport
Drunken men creating disturbance in Central Avenue. needs immediate attention.,Police
Water stagnation near main road due to poor drainage.,Public Works Department
Chain snatching reported near petrol bunk. Please take action. facing issues since last week.,Police
Flyover construction delay leading to congestion. needs immediate attention.,Transport
Staff behavior rude and unhelpful in office. facing issues since last week.,CM Office (Miscellaneous)
Broken divider near signal point causing jams. needs immediate attention.,Transport
Construction debris dumped near ABC Colony. needs immediate attention.,Development Authority
Online complaint portal not working for days.,CM Office (Miscellaneous)
Pedestrian crossing signal not working at railway station. situation getting worse.,Transport
Violation of building norms at main road. situation getting worse.,Development Authority
Robbery incident reported near hospital.,Police
Chain snatching reported near signal point. Please take action. please resolve soon.,Police
Heavy traffic jam at hospital every morning. kindly look into this.,Transport
Police not responding quickly during emergencies. please resolve soon.,Police
Unhygienic conditions near market in MG Road. situation getting worse.,Municipal
Waste dumped on roadside in Central Avenue. situation getting worse.,Municipal
Culvert repair pending at New Town. kindly look into this.,Public Works Department
Robbery incident reported near park.,Police
Need urgent help regarding electricity bill issue. needs immediate attention.,CM Office (Miscellaneous)
Heavy traffic jam at park every morning. situation getting worse.,Transport
Bridge under repair for months at junction.,Public Works Department
Illegal gambling happening behind bus depot. kindly look into this.,Police
Uneven road surface leading to traffic problems. needs immediate attention.,Public Works Department
Culvert repair pending at Airport Road. facing issues since last week.,Public Works Department
Women feel unsafe walking home after 7 PM. situation getting worse.,Police
Stormwater drain collapsed near junction. facing issues since last week.,Public Works Department
Autos refusing passengers in Central Avenue. kindly look into this.,Transport
Bus shelter at MG Road broken and unsafe.,Transport
Loud noise and public nuisance every night around park. request urgent action.,Police
Unauthorized shops operating near petrol bunk. situation getting worse.,Development Authority
There is frequent eve teasing near the market area. situation getting worse.,Police
Women feel unsafe walking home after 7 PM. facing issues since last week.,Police
There is frequent eve teasing near the school. kindly look into this.,Police
Robbery incident reported near school. please resolve soon.,Police
Unauthorized shops operating near city mall. kindly look into this.,Development Authority
New road construction delayed at ABC Colony. kindly look into this.,Public Works Department
Stray dogs attacking people in MG Road. kindly look into this.,Municipal
Encroachment on public land at bus stop. request urgent action.,Development Authority
Water stagnation near market area due to poor drainage.,Public Works Department
Corruption complaint ignored by local officer. needs immediate attention.,CM Office (Miscellaneous)
No proper communication from officials on issue raised. facing issues since last week.,CM Office (Miscellaneous)
Fogging not done properly leading to mosquito menace.,Municipal
New road construction delayed at Lakeview. please resolve soon.,Public Works Department
Unauthorized shops operating near junction. needs immediate attention.,Development Authority
There is frequent eve teasing near the park. facing issues since last week.,Police
Poor road markings making driving difficult. facing issues since last week.,Transport
People blocking roads with illegal sheds. kindly look into this.,Development Authority
Public dustbins overflowing and not cleaned. please resolve soon.,Municipal
"Unfair practices in local department reported, please look into it. request urgent action.",CM Office (Miscellaneous)
Construction debris dumped near Sector 12. please resolve soon.,Development Authority
Violation of building norms at market area.,Development Authority
Police not responding quickly during emergencies. situation getting worse.,Police
Loud noise and public nuisance every night around main road. please resolve soon.,Police
Robbery incident reported near bus stop. situation getting worse.,Police
Unhygienic conditions near market in Downtown. situation getting worse.,Municipal
Building without proper permission in XYZ Nagar. needs immediate attention.,Development Authority
Citizen grievance unresolved despite repeated attempts.,CM Office (Miscellaneous)
Heavy traffic jam at hospital every morning. needs immediate attention.,Transport
Drunken men creating disturbance in Sector 12. kindly look into this.,Police
Poor road markings making driving difficult.,Transport
Water leakage near ring road. facing issues since last week.,Municipal
Autos refusing passengers in ABC Colony. please resolve soon.,Transport
Illegal construction happening on main bazaar road. please resolve soon.,Development Authority
Illegal construction happening on main bazaar road. needs immediate attention.,Development Authority
Online complaint portal not working for days. please resolve soon.,CM Office (Miscellaneous)
Heavy traffic jam at main road every morning. please resolve soon.,Transport
Heavy traffic jam at hospital every morning. facing issues since last week.,Transport
Construction debris dumped near Central Avenue. situation getting worse.,Development Authority
Drainage overflow causing bad smell near market area. situation getting worse.,Municipal
Bus shelter at Central Avenue broken and unsafe. please resolve soon.,Transport
Water stagnation near hospital due to poor drainage. needs immediate attention.,Public Works Department
Flyover construction delay leading to congestion. please resolve soon.,Transport
Construction debris dumped near Downtown. situation getting worse.,Development Authority
Fogging not done properly leading to mosquito menace. situation getting worse.,Municipal
Culvert repair pending at New Town.,Public Works Department
"Unfair practices in local department reported, please look into it. situation getting worse.",CM Office (Miscellaneous)
Violation of building norms at railway station. situation getting worse.,Development Authority
Road full of potholes at main road.,Public Works Department
Accidents happening due to no speed breakers at main road.,Transport
Culvert repair pending at New Town. situation getting worse.,Public Works Department
There is frequent eve teasing near the hospital. kindly look into this.,Police
Flyover construction delay leading to congestion. situation getting worse.,Transport
Citizen grievance unresolved despite repeated attempts. facing issues since last week.,CM Office (Miscellaneous)
Signal at community hall not functioning properly causing accidents. facing issues since last week.,Transport
Drunken men creating disturbance in Sector 12. request urgent action.,Police
Construction debris dumped near MG Road. needs immediate attention.,Development Authority
Waste dumped on roadside in ABC Colony. request urgent action.,Municipal
Need urgent help regarding electricity bill issue. kindly look into this.,CM Office (Miscellaneous)
Stormwater drain collapsed near bus depot.,Public Works Department
Heavy traffic jam at school every morning. please resolve soon.,Transport
Streetlights not working since last week in XYZ Nagar. request urgent action.,Municipal
Chain snatching reported near community hall. Please take action. situation getting worse.,Police
Encroachment on public land at temple.,Development Authority
Unauthorized shops operating near community hall. kindly look into this.,Development Authority
Fogging not done properly leading to mosquito menace. situation getting worse.,Municipal
Accidents happening due to no speed breakers at railway station.,Transport
Need urgent help regarding electricity bill issue. request urgent action.,CM Office (Miscellaneous)
"Street damaged after rain, vehicles skidding.",Public Works Department
No proper communication from officials on issue raised. needs immediate attention.,CM Office (Miscellaneous)
Plot disputes not being resolved on time. please resolve soon.,Development Authority
Need urgent help regarding electricity bill issue. kindly look into this.,CM Office (Miscellaneous)
Online complaint portal not working for days. needs immediate attention.,CM Office (Miscellaneous)
Corruption complaint ignored by local officer.,CM Office (Miscellaneous)
Signal at petrol bunk not functioning properly causing accidents. situation getting worse.,Transport
Staff behavior rude and unhelpful in office. needs immediate attention.,CM Office (Miscellaneous)
Drainage overflow causing bad smell near temple. please resolve soon.,Municipal
No proper communication from officials on issue raised. situation getting worse.,CM Office (Miscellaneous)
Robbery incident reported near market area. request urgent action.,Police
Heavy traffic jam at hospital every morning. request urgent action.,Transport
Robbery incident reported near school. facing issues since last week.,Police
Flyover joints damaged and causing vehicle imbalance. needs immediate attention.,Public Works Department
Robbery incident reported near railway station. kindly look into this.,Police
Bridge under repair for months at signal point. needs immediate attention.,Public Works Department
Garbage not collected in Downtown for several days. situation getting worse.,Municipal
Bridge under repair for months at signal point. needs immediate attention.,Public Works Department
Chain snatching reported near junction. Please take action. situation getting worse.,Police
Pedestrian crossing signal not working at school. request urgent action.,Transport
People fighting daily at the school.,Police
Streetlights not working since last week in Lakeview. needs immediate attention.,Municipal
Stormwater drain collapsed near bus depot. request urgent action.,Public Works Department
Chain snatching reported near city mall. Please take action. situation getting worse.,Police
Heavy traffic jam at park every morning. situation getting worse.,Transport
Robbery incident reported near railway station. needs immediate attention.,Police
Uneven road surface leading to traffic problems. situation getting worse.,Public Works Department
Signal at community hall not functioning properly causing accidents. facing issues since last week.,Transport
There is frequent eve teasing near the bus stop. needs immediate attention.,Police
Streetlights not working since last week in Downtown. request urgent action.,Municipal
Flyover joints damaged and causing vehicle imbalance. request urgent action.,Public Works Department
Chain snatching reported near community hall. Please take action.,Police
Plot disputes not being resolved on time.,Development Authority
Building without proper permission in ABC Colony. please resolve soon.,Development Authority
People fighting daily at the park. request urgent action.,Police
Stray dogs attacking people in Sector 12. facing issues since last week.,Municipal
"Unfair practices in local department reported, please look into it. needs immediate attention.",CM Office (Miscellaneous)
Delay in pension disbursement for seniors. needs immediate attention.,CM Office (Miscellaneous)
Drainage overflow causing bad smell near school. kindly look into this.,Municipal
Drunken men creating disturbance in Lakeview. needs immediate attention.,Police
New road construction delayed at Central Avenue. kindly look into this.,Public Works Department
Plot disputes not being resolved on time. facing issues since last week.,Development Authority
Government office not responding to complaints. situation getting worse.,CM Office (Miscellaneous)
Illegal gambling happening behind signal point. needs immediate attention.,Police
Application not processed even after multiple visits. situation getting worse.,CM Office (Miscellaneous)
Garbage not collected in Lakeview for several days. situation getting worse.,Municipal
Corruption complaint ignored by local officer. situation getting worse.,CM Office (Miscellaneous)
Need urgent help regarding electricity bill issue. situation getting worse.,CM Office (Miscellaneous)
Robbery incident reported near temple. please resolve soon.,Police
Complaint regarding layout approval delay. please resolve soon.,Development Authority
Theft cases increasing in MG Road. Please increase patrolling. request urgent action.,Police
Violation of building norms at main road. kindly look into this.,Development Authority
Flyover joints damaged and causing vehicle imbalance. request urgent action.,Public Works Department
Culvert repair pending at Old City. needs immediate attention.,Public Works Department
Corruption complaint ignored by local officer. needs immediate attention.,CM Office (Miscellaneous)
Robbery incident reported near railway station. please resolve soon.,Police
Water stagnation near hospital due to poor drainage. kindly look into this.,Public Works Department
Culvert repair pending at Airport Road. please resolve soon.,Public Works Department
Corruption complaint ignored by local officer. needs immediate attention.,CM Office (Miscellaneous)
Open manhole in school dangerous for kids. kindly look into this.,Municipal
Heavy traffic jam at hospital every morning. situation getting worse.,Transport
Building without proper permission in Green Park. please resolve soon.,Development Authority
Police not responding quickly during emergencies. needs immediate attention.,Police
Stormwater drain collapsed near city mall. facing issues since last week.,Public Works Department
Flyover joints damaged and causing vehicle imbalance. kindly look into this.,Public Works Department
Plot disputes not being resolved on time. facing issues since last week.,Development Authority
Garbage not collected in Central Avenue for several days. facing issues since last week.,Municipal
Illegal gambling happening behind signal point. kindly look into this.,Police
Drainage overflow causing bad smell near park. needs immediate attention.,Municipal
Unhygienic conditions near market in Green Park.,Municipal
Complaint regarding layout approval delay. situation getting worse.,Development Authority
There is frequent eve teasing near the temple. please resolve soon.,Police
Government office not responding to complaints. kindly look into this.,CM Office (Miscellaneous)
Application not processed even after multiple visits. situation getting worse.,CM Office (Miscellaneous)
Broken divider near petrol bunk causing jams. request urgent action.,Transport
Online complaint portal not working for days. request urgent action.,CM Office (Miscellaneous)
Fogging not done properly leading to mosquito menace. needs immediate attention.,Municipal
Application not processed even after multiple visits.,CM Office (Miscellaneous)
Open manhole in school dangerous for kids. needs immediate attention.,Municipal
Complaint regarding layout approval delay. kindly look into this.,Development Authority
Bus shelter at MG Road broken and unsafe. situation getting worse.,Transport
Need urgent help regarding electricity bill issue. needs immediate attention.,CM Office (Miscellaneous)
Broken divider near petrol bunk causing jams.,Transport
Uneven road surface leading to traffic problems.,Public Works Department
Government office not responding to complaints. please resolve soon.,CM Office (Miscellaneous)
Illegal construction happening on 2nd street. please resolve soon.,Development Authority
Drainage overflow causing bad smell near market area. facing issues since last week.,Municipal
Land encroachment by private party near bus stop. please resolve soon.,Development Authority
Drunken men creating disturbance in XYZ Nagar. please resolve soon.,Police
Culvert repair pending at New Town.,Public Works Department
Staff behavior rude and unhelpful in office. please resolve soon.,CM Office (Miscellaneous)
Stray dogs attacking people in Lakeview. needs immediate attention.,Municipal
Women feel unsafe walking home after 7 PM. facing issues since last week.,Police
Police not responding quickly during emergencies. kindly look into this.,Police
"Footpath broken near Green Park, pedestrians facing issues.",Public Works Department
Bus route 47 not running on time for several days. kindly look into this.,Transport
Violation of building norms at hospital. facing issues since last week.,Development Authority
Autos refusing passengers in MG Road.,Transport
Building without proper permission in XYZ Nagar. needs immediate attention.,Development Authority
Women feel unsafe walking home after 7 PM. kindly look into this.,Police
Bus shelter at MG Road broken and unsafe.,Transport
Flyover construction delay leading to congestion. please resolve soon.,Transport
Chain snatching reported near community hall. Please take action. kindly look into this.,Police
Accidents happening due to no speed breakers at temple. needs immediate attention.,Transport
Drainage overflow causing bad smell near main road. facing issues since last week.,Municipal
Road full of potholes at temple. please resolve soon.,Public Works Department
Signal at bus depot not functioning properly causing accidents. situation getting worse.,Transport
Unauthorized shops operating near community hall. facing issues since last week.,Development Authority
Streetlights not working since last week in MG Road. kindly look into this.,Municipal
Construction debris dumped near Lakeview. needs immediate attention.,Development Authority
Broken divider near community hall causing jams. situation getting worse.,Transport
Pedestrian crossing signal not working at hospital. situation getting worse.,Transport
Citizen grievance unresolved despite repeated attempts. facing issues since last week.,CM Office (Miscellaneous)
Complaint regarding layout approval delay. facing issues since last week.,Development Authority
"Street damaged after rain, vehicles skidding. needs immediate attention.",Public Works Department
Delay in pension disbursement for seniors.,CM Office (Miscellaneous)
"Unfair practices in local department reported, please look into it. request urgent action.",CM Office (Miscellaneous)
People blocking roads with illegal sheds. request urgent action.,Development Authority
Online complaint portal not working for days. please resolve soon.,CM Office (Miscellaneous)
Complaint regarding layout approval delay.,Development Authority
Fogging not done properly leading to mosquito menace.,Municipal
Corruption complaint ignored by local officer. request urgent action.,CM Office (Miscellaneous)
Culvert repair pending at New Town. needs immediate attention.,Public Works Department
Bus shelter at MG Road broken and unsafe.,Transport
Stray dogs attacking people in Central Avenue. kindly look into this.,Municipal
People fighting daily at the market area.,Police
Theft cases increasing in ABC Colony. Please increase patrolling. needs immediate attention.,Police
Signal at signal point not functioning properly causing accidents. kindly look into this.,Transport
Fogging not done properly leading to mosquito menace. situation getting worse.,Municipal
Unhygienic conditions near market in Central Avenue. situation getting worse.,Municipal
People fighting daily at the market area. facing issues since last week.,Police
People fighting daily at the park. needs immediate attention.,Police
New road construction delayed at Central Avenue. situation getting worse.,Public Works Department
There is frequent eve teasing near the railway station. kindly look into this.,Police
Plot disputes not being resolved on time.,Development Authority
Robbery incident reported near temple. request urgent action.,Police
Theft cases increasing in MG Road. Please increase patrolling.,Police
Heavy traffic jam at main road every morning. kindly look into this.,Transport
Bridge under repair for months at community hall. situation getting worse.,Public Works Department
Police not responding quickly during emergencies. facing issues since last week.,Police
Corruption complaint ignored by local officer. request urgent action.,CM Office (Miscellaneous)
Corruption complaint ignored by local officer.,CM Office (Miscellaneous)
Theft cases increasing in XYZ Nagar. Please increase patrolling.,Police
Plot disputes not being resolved on time. situation getting worse.,Development Authority
Government office not responding to complaints. request urgent action.,CM Office (Miscellaneous)
Construction debris dumped near MG Road. needs immediate attention.,Development Authority
Bridge under repair for months at signal point. situation getting worse.,Public Works Department
People fighting daily at the park. needs immediate attention.,Police
Stray dogs attacking people in Lakeview. please resolve soon.,Municipal
Theft cases increasing in Sector 12. Please increase patrolling. facing issues since last week.,Police
Drunken men creating disturbance in Sector 12. facing issues since last week.,Police
Chain snatching reported near city mall. Please take action. request urgent action.,Police
Stormwater drain collapsed near city mall. situation getting worse.,Public Works Department
Heavy traffic jam at bus stop every morning. request urgent action.,Transport
Bus route 71 not running on time for several days. kindly look into this.,Transport
Drainage overflow causing bad smell near park. request urgent action.,Municipal
Online complaint portal not working for days. please resolve soon.,CM Office (Miscellaneous)
Staff behavior rude and unhelpful in office.,CM Office (Miscellaneous)
Water stagnation near school due to poor drainage. request urgent action.,Public Works Department
Government office not responding to complaints. kindly look into this.,CM Office (Miscellaneous)
"Street damaged after rain, vehicles skidding. facing issues since last week.",Public Works Department
Online complaint portal not working for days. facing issues since last week.,CM Office (Miscellaneous)
Need urgent help regarding electricity bill issue. situation getting worse.,CM Office (Miscellaneous)
Drainage overflow causing bad smell near temple. request urgent action.,Municipal
Land encroachment by private party near school. request urgent action.,Development Authority
Police not responding quickly during emergencies. request urgent action.,Police
There is frequent eve teasing near the railway station.,Police
Water stagnation near temple due to poor drainage. facing issues since last week.,Public Works Department
Streetlights not working since last week in XYZ Nagar. request urgent action.,Municipal
Unauthorized shops operating near community hall. request urgent action.,Development Authority
Stormwater drain collapsed near city mall. needs immediate attention.,Public Works Department
Bridge under repair for months at community hall. request urgent action.,Public Works Department
Police not responding quickly during emergencies. kindly look into this.,Police
Signal at city mall not functioning properly causing accidents. needs immediate attention.,Transport
Uneven road surface leading to traffic problems. facing issues since last week.,Public Works Department
Government office not responding to complaints. kindly look into this.,CM Office (Miscellaneous)
Staff behavior rude and unhelpful in office. facing issues since last week.,CM Office (Miscellaneous)
Drainage overflow causing bad smell near bus stop. facing issues since last week.,Municipal
Violation of building norms at temple. situation getting worse.,Development Authority
Police not responding quickly during emergencies. request urgent action.,Police
Unhygienic conditions near market in Central Avenue. request urgent action.,Municipal
Illegal gambling happening behind bus depot. needs immediate attention.,Police
New road construction delayed at Central Avenue. request urgent action.,Public Works Department
Chain snatching reported near bus depot. Please take action. request urgent action.,Police
Autos refusing passengers in ABC Colony. facing issues since last week.,Transport
Corruption complaint ignored by local officer. needs immediate attention.,CM Office (Miscellaneous)
"Footpath broken near Downtown, pedestrians facing issues. request urgent action.",Public Works Department
People fighting daily at the bus stop. kindly look into this.,Police
Culvert repair pending at Hill View. situation getting worse.,Public Works Department
There is frequent eve teasing near the school. please resolve soon.,Police
People fighting daily at the hospital.,Police
Violation of building norms at temple. needs immediate attention.,Development Authority
Accidents happening due to no speed breakers at market area. needs immediate attention.,Transport
Pedestrian crossing signal not working at park. kindly look into this.,Transport
Government office not responding to complaints.,CM Office (Miscellaneous)
Broken divider near bus depot causing jams. facing issues since last week.,Transport
Heavy traffic jam at railway station every morning. kindly look into this.,Transport
Accidents happening due to no speed breakers at market area. kindly look into this.,Transport
Illegal gambling happening behind signal point. please resolve soon.,Police
Citizen grievance unresolved despite repeated attempts. request urgent action.,CM Office (Miscellaneous)
Water leakage near ring road.,Municipal
Public dustbins overflowing and not cleaned. needs immediate attention.,Municipal
Broken divider near signal point causing jams. facing issues since last week.,Transport
Road full of potholes at park.,Public Works Department
Heavy traffic jam at market area every morning. please resolve soon.,Transport
Bus shelter at MG Road broken and unsafe. request urgent action.,Transport
No proper communication from officials on issue raised. needs immediate attention.,CM Office (Miscellaneous)
Autos refusing passengers in ABC Colony. needs immediate attention.,Transport
Encroachment on public land at park. please resolve soon.,Development Authority
New road construction delayed at Lakeview. request urgent action.,Public Works Department
Building without proper permission in Downtown. situation getting worse.,Development Authority
Open manhole in market area dangerous for kids.,Municipal
Stormwater drain collapsed near signal point. facing issues since last week.,Public Works Department
Accidents happening due to no speed breakers at hospital. kindly look into this.,Transport
Open manhole in market area dangerous for kids. facing issues since last week.,Municipal
Drunken men creating disturbance in ABC Colony. facing issues since last week.,Police
Heavy traffic jam at bus stop every morning. please resolve soon.,Transport
Bridge under repair for months at city mall. needs immediate attention.,Public Works Department
No proper communication from officials on issue raised. please resolve soon.,CM Office (Miscellaneous)
Corruption complaint ignored by local officer. please resolve soon.,CM Office (Miscellaneous)
Drunken men creating disturbance in Downtown. facing issues since last week.,Police
Water stagnation near temple due to poor drainage. needs immediate attention.,Public Works Department
Application not processed even after multiple visits. please resolve soon.,CM Office (Miscellaneous)
People blocking roads with illegal sheds. please resolve soon.,Development Authority
Bus shelter at Central Avenue broken and unsafe. please resolve soon.,Transport
Bus route 91 not running on time for several days. please resolve soon.,Transport
Need urgent help regarding electricity bill issue. situation getting worse.,CM Office (Miscellaneous)
Encroachment on public land at bus stop. facing issues since last week.,Development Authority
Water leakage near 1st cross. please resolve soon.,Municipal
Waste dumped on roadside in MG Road. request urgent action.,Municipal
Application not processed even after multiple visits. situation getting worse.,CM Office (Miscellaneous)
Bus shelter at Sector 12 broken and unsafe. facing issues since last week.,Transport
Unhygienic conditions near market in XYZ Nagar. facing issues since last week.,Municipal
Autos refusing passengers in XYZ Nagar. kindly look into this.,Transport
Online complaint portal not working for days. facing issues since last week.,CM Office (Miscellaneous)
Women feel unsafe walking home after 7 PM. needs immediate attention.,Police
Bridge under repair for months at bus depot. needs immediate attention.,Public Works Department
Pedestrian crossing signal not working at school.,Transport
Illegal gambling happening behind community hall. kindly look into this.,Police
People blocking roads with illegal sheds. please resolve soon.,Development Authority
Citizen grievance unresolved despite repeated attempts. needs immediate attention.,CM Office (Miscellaneous)
Open manhole in market area dangerous for kids.,Municipal
Plot disputes not being resolved on time. needs immediate attention.,Development Authority
Robbery incident reported near bus stop. please resolve soon.,Police
Garbage not collected in Green Park for several days. kindly look into this.,Municipal
"Footpath broken near Green Park, pedestrians facing issues. facing issues since last week.",Public Works Department
Broken divider near junction causing jams. request urgent action.,Transport
New road construction delayed at Lakeview. please resolve soon.,Public Works Department
Unhygienic conditions near market in MG Road. situation getting worse.,Municipal
Streetlights not working since last week in XYZ Nagar. situation getting worse.,Municipal
Encroachment on public land at park. situation getting worse.,Development Authority
Broken divider near bus depot causing jams. facing issues since last week.,Transport
Staff behavior rude and unhelpful in office. please resolve soon.,CM Office (Miscellaneous)
Building without proper permission in XYZ Nagar. needs immediate attention.,Development Authority
Water leakage near main bazaar road. please resolve soon.,Municipal
Autos refusing passengers in XYZ Nagar.,Transport
Heavy traffic jam at market area every morning. request urgent action.,Transport
Need urgent help regarding electricity bill issue. situation getting worse.,CM Office (Miscellaneous)
People fighting daily at the hospital. kindly look into this.,Police
Accidents happening due to no speed breakers at market area.,Transport
Unhygienic conditions near market in Lakeview. facing issues since last week.,Municipal
Bus route 92 not running on time for several days. situation getting worse.,Transport
Bus route 48 not running on time for several days.,Transport
People blocking roads with illegal sheds. needs immediate attention.,Development Authority
"Unfair practices in local department reported, please look into it. situation getting worse.",CM Office (Miscellaneous)
Road full of potholes at hospital. facing issues since last week.,Public Works Department
No proper communication from officials on issue raised. kindly look into this.,CM Office (Miscellaneous)
Complaint regarding layout approval delay. kindly look into this.,Development Authority
Bus shelter at Downtown broken and unsafe. facing issues since last week.,Transport
Robbery incident reported near school. facing issues since last week.,Police
Delay in pension disbursement for seniors.,CM Office (Miscellaneous)
Autos refusing passengers in ABC Colony. facing issues since last week.,Transport
Women feel unsafe walking home after 7 PM. needs immediate attention.,Police
Poor road markings making driving difficult. kindly look into this.,Transport
Flyover joints damaged and causing vehicle imbalance. situation getting worse.,Public Works Department
Bus shelter at MG Road broken and unsafe.,Transport
Chain snatching reported near community hall. Please take action. needs immediate attention.,Police
Road full of potholes at hospital. situation getting worse.,Public Works Department
Bus shelter at MG Road broken and unsafe. situation getting worse.,Transport
People fighting daily at the school. needs immediate attention.,Police
Water stagnation near temple due to poor drainage. facing issues since last week.,Public Works Department
Flyover construction delay leading to congestion. kindly look into this.,Transport
Signal at bus depot not functioning properly causing accidents. needs immediate attention.,Transport
Building without proper permission in XYZ Nagar. kindly look into this.,Development Authority
Illegal gambling happening behind community hall. situation getting worse.,Police
Accidents happening due to no speed breakers at temple. kindly look into this.,Transport
Theft cases increasing in Lakeview. Please increase patrolling. needs immediate attention.,Police
People fighting daily at the school. facing issues since last week.,Police
Construction debris dumped near Sector 12. needs immediate attention.,Development Authority
Streetlights not working since last week in Green Park. situation getting worse.,Municipal
Drainage overflow causing bad smell near railway station. request urgent action.,Municipal
Need urgent help regarding electricity bill issue. situation getting worse.,CM Office (Miscellaneous)
Violation of building norms at market area. request urgent action.,Development Authority
Pedestrian crossing signal not working at main road. kindly look into this.,Transport
Road full of potholes at park. needs immediate attention.,Public Works Department
Plot disputes not being resolved on time. request urgent action.,Development Authority
Violation of building norms at railway station. request urgent action.,Development Authority
Fogging not done properly leading to mosquito menace. request urgent action.,Municipal
Chain snatching reported near city mall. Please take action. kindly look into this.,Police
"Unfair practices in local department reported, please look into it. please resolve soon.",CM Office (Miscellaneous)
Illegal construction happening on 2nd street. please resolve soon.,Development Authority
No proper communication from officials on issue raised.,CM Office (Miscellaneous)
Building without proper permission in Lakeview. facing issues since last week.,Development Authority
Building without proper permission in Downtown. please resolve soon.,Development Authority
Violation of building norms at main road. request urgent action.,Development Authority
Accidents happening due to no speed breakers at railway station.,Transport
People blocking roads with illegal sheds. needs immediate attention.,Development Authority
Building without proper permission in Green Park. please resolve soon.,Development Authority
There is frequent eve teasing near the park. needs immediate attention.,Police
Streetlights not working since last week in Central Avenue.,Municipal
Illegal construction happening on 2nd street. request urgent action.,Development Authority
People blocking roads with illegal sheds. facing issues since last week.,Development Authority
Streetlights not working since last week in Sector 12. situation getting worse.,Municipal
Signal at junction not functioning properly causing accidents. facing issues since last week.,Transport
Broken divider near bus depot causing jams. kindly look into this.,Transport
Police not responding quickly during emergencies. kindly look into this.,Police
Uneven road surface leading to traffic problems. please resolve soon.,Public Works Department
Uneven road surface leading to traffic problems. please resolve soon.,Public Works Department
New road construction delayed at XYZ Nagar. please resolve soon.,Public Works Department
Drunken men creating disturbance in XYZ Nagar. please resolve soon.,Police
Building without proper permission in Central Avenue. situation getting worse.,Development Authority
Robbery incident reported near railway station. request urgent action.,Police
There is frequent eve teasing near the park. please resolve soon.,Police
Illegal construction happening on 1st cross. please resolve soon.,Development Authority
Police not responding quickly during emergencies. kindly look into this.,Police
Broken divider near community hall causing jams. situation getting worse.,Transport
Online complaint portal not working for days. needs immediate attention.,CM Office (Miscellaneous)
Bus shelter at ABC Colony broken and unsafe. please resolve soon.,Transport
Construction debris dumped near MG Road.,Development Authority
Construction debris dumped near Lakeview.,Development Authority
Flyover construction delay leading to congestion. please resolve soon.,Transport
Water stagnation near market area due to poor drainage. situation getting worse.,Public Works Department
Building without proper permission in MG Road. please resolve soon.,Development Authority
Water stagnation near temple due to poor drainage. kindly look into this.,Public Works Department
Women feel unsafe walking home after 7 PM. situation getting worse.,Police
Unhygienic conditions near market in Central Avenue. situation getting worse.,Municipal
Plot disputes not being resolved on time. kindly look into this.,Development Authority
Complaint regarding layout approval delay. situation getting worse.,Development Authority
Application not processed even after multiple visits. kindly look into this.,CM Office (Miscellaneous)
Women feel unsafe walking home after 7 PM. kindly look into this.,Police
Unauthorized shops operating near city mall.,Development Authority
Autos refusing passengers in Lakeview. facing issues since last week.,Transport
"Unfair practices in local department reported, please look into it. please resolve soon.",CM Office (Miscellaneous)
Flyover construction delay leading to congestion. please resolve soon.,Transport
Road full of potholes at market area.,Public Works Department
Illegal gambling happening behind signal point. please resolve soon.,Police
Streetlights not working since last week in Sector 12. request urgent action.,Municipal
Drainage overflow causing bad smell near hospital.,Municipal
Drainage overflow causing bad smell near railway station. facing issues since last week.,Municipal
People fighting daily at the hospital. please resolve soon.,Police
Poor road markings making driving difficult. situation getting worse.,Transport
Police not responding quickly during emergencies. request urgent action.,Police
"Unfair practices in local department reported, please look into it. please resolve soon.",CM Office (Miscellaneous)
Construction debris dumped near Green Park. request urgent action.,Development Authority
"Footpath broken near ABC Colony, pedestrians facing issues. kindly look into this.",Public Works Department
Bridge under repair for months at city mall. kindly look into this.,Public Works Department
Construction debris dumped near Downtown.,Development Authority
Online complaint portal not working for days. request urgent action.,CM Office (Miscellaneous)
Construction debris dumped near Green Park.,Development Authority
Theft cases increasing in Downtown. Please increase patrolling. please resolve soon.,Police
Autos refusing passengers in MG Road. kindly look into this.,Transport
Signal at signal point not functioning properly causing accidents. facing issues since last week.,Transport
Heavy traffic jam at main road every morning. needs immediate attention.,Transport
Loud noise and public nuisance every night around temple. please resolve soon.,Police
Waste dumped on roadside in MG Road. needs immediate attention.,Municipal
Autos refusing passengers in Downtown. request urgent action.,Transport
Water leakage near main bazaar road. facing issues since last week.,Municipal
Pedestrian crossing signal not working at market area. facing issues since last week.,Transport
Chain snatching reported near petrol bunk. Please take action. facing issues since last week.,Police
Poor road markings making driving difficult.,Transport
Bridge under repair for months at city mall. please resolve soon.,Public Works Department
Road full of potholes at park. kindly look into this.,Public Works Department
Fogging not done properly leading to mosquito menace. please resolve soon.,Municipal
Public dustbins overflowing and not cleaned. kindly look into this.,Municipal
Land encroachment by private party near market area. please resolve soon.,Development Authority
Culvert repair pending at Airport Road. request urgent action.,Public Works Department
Corruption complaint ignored by local officer. situation getting worse.,CM Office (Miscellaneous)
Flyover joints damaged and causing vehicle imbalance. please resolve soon.,Public Works Department
Staff behavior rude and unhelpful in office. kindly look into this.,CM Office (Miscellaneous)
Garbage not collected in Central Avenue for several days. needs immediate attention.,Municipal
Drunken men creating disturbance in ABC Colony.,Police
Waste dumped on roadside in Downtown. please resolve soon.,Municipal
Waste dumped on roadside in Central Avenue. needs immediate attention.,Municipal
Stray dogs attacking people in XYZ Nagar. kindly look into this.,Municipal
Unauthorized shops operating near petrol bunk. kindly look into this.,Development Authority
Police not responding quickly during emergencies.,Police
"Street damaged after rain, vehicles skidding. situation getting worse.",Public Works Department
There is frequent eve teasing near the school. request urgent action.,Police
Chain snatching reported near junction. Please take action. needs immediate attention.,Police
Water leakage near main bazaar road. situation getting worse.,Municipal
Illegal gambling happening behind bus depot. kindly look into this.,Police
People blocking roads with illegal sheds. facing issues since last week.,Development Authority
Theft cases increasing in Lakeview. Please increase patrolling. situation getting worse.,Police
Application not processed even after multiple visits. request urgent action.,CM Office (Miscellaneous)
Government office not responding to complaints. kindly look into this.,CM Office (Miscellaneous)
Police not responding quickly during emergencies. situation getting worse.,Police
Autos refusing passengers in Downtown. kindly look into this.,Transport
Loud noise and public nuisance every night around temple. situation getting worse.,Police
Bus route 71 not running on time for several days. please resolve soon.,Transport
Online complaint portal not working for days. facing issues since last week.,CM Office (Miscellaneous)
New road construction delayed at Sector 12. needs immediate attention.,Public Works Department
Land encroachment by private party near market area. request urgent action.,Development Authority
Corruption complaint ignored by local officer. please resolve soon.,CM Office (Miscellaneous)
Open manhole in park dangerous for kids. request urgent action.,Municipal
Drunken men creating disturbance in Downtown.,Police
Broken divider near city mall causing jams. situation getting worse.,Transport
Water stagnation near bus stop due to poor drainage. needs immediate attention.,Public Works Department
Building without proper permission in Sector 12. please resolve soon.,Development Authority
"Unfair practices in local department reported, please look into it. needs immediate attention.",CM Office (Miscellaneous)
Broken divider near community hall causing jams. needs immediate attention.,Transport
Staff behavior rude and unhelpful in office. situation getting worse.,CM Office (Miscellaneous)
Building without proper permission in Downtown. please resolve soon.,Development Authority
Stormwater drain collapsed near community hall. situation getting worse.,Public Works Department
"Unfair practices in local department reported, please look into it. kindly look into this.",CM Office (Miscellaneous)
Flyover joints damaged and causing vehicle imbalance. facing issues since last week.,Public Works Department
Heavy traffic jam at bus stop every morning. facing issues since last week.,Transport
Broken divider near petrol bunk causing jams. facing issues since last week.,Transport
Signal at bus depot not functioning properly causing accidents.,Transport
Corruption complaint ignored by local officer. please resolve soon.,CM Office (Miscellaneous)
"Footpath broken near ABC Colony, pedestrians facing issues. please resolve soon.",Public Works Department
People fighting daily at the bus stop. kindly look into this.,Police
Citizen grievance unresolved despite repeated attempts. facing issues since last week.,CM Office (Miscellaneous)
Broken divider near city mall causing jams.,Transport
Corruption complaint ignored by local officer. please resolve soon.,CM Office (Miscellaneous)
Women feel unsafe walking home after 7 PM. please resolve soon.,Police
"Footpath broken near Central Avenue, pedestrians facing issues. facing issues since last week.",Public Works Department
Culvert repair pending at Airport Road. needs immediate attention.,Public Works Department
Violation of building norms at park. facing issues since last week.,Development Authority
Building without proper permission in Sector 12. kindly look into this.,Development Authority
"Street damaged after rain, vehicles skidding.",Public Works Department
Stray dogs attacking people in XYZ Nagar. request urgent action.,Municipal
Waste dumped on roadside in Downtown. facing issues since last week.,Municipal
Bridge under repair for months at petrol bunk. situation getting worse.,Public Works Department
Plot disputes not being resolved on time. situation getting worse.,Development Authority
"Street damaged after rain, vehicles skidding. request urgent action.",Public Works Department
Violation of building norms at market area. needs immediate attention.,Development Authority
Open manhole in market area dangerous for kids. facing issues since last week.,Municipal
"Footpath broken near Downtown, pedestrians facing issues. needs immediate attention.",Public Works Department
Construction debris dumped near Central Avenue. please resolve soon.,Development Authority
Chain snatching reported near community hall. Please take action. please resolve soon.,Police
Fogging not done properly leading to mosquito menace. please resolve soon.,Municipal
Waste dumped on roadside in XYZ Nagar. situation getting worse.,Municipal
Robbery incident reported near park. situation getting worse.,Police
Illegal construction happening on 1st cross. please resolve soon.,Development Authority
Broken divider near bus depot causing jams. needs immediate attention.,Transport
New road construction delayed at MG Road. please resolve soon.,Public Works Department
Delay in pension disbursement for seniors. kindly look into this.,CM Office (Miscellaneous)
Land encroachment by private party near market area. please resolve soon.,Development Authority
Pedestrian crossing signal not working at bus stop. kindly look into this.,Transport
Garbage not collected in MG Road for several days. kindly look into this.,Municipal
Public dustbins overflowing and not cleaned. needs immediate attention.,Municipal
Bus shelter at Central Avenue broken and unsafe. situation getting worse.,Transport
Uneven road surface leading to traffic problems. please resolve soon.,Public Works Department
Unhygienic conditions near market in XYZ Nagar. kindly look into this.,Municipal
Drunken men creating disturbance in Lakeview. situation getting worse.,Police
Autos refusing passengers in ABC Colony. needs immediate attention.,Transport
Fogging not done properly leading to mosquito menace. please resolve soon.,Municipal
Poor road markings making driving difficult.,Transport
Delay in pension disbursement for seniors. request urgent action.,CM Office (Miscellaneous)
Complaint regarding layout approval delay. situation getting worse.,Development Authority
Waste dumped on roadside in XYZ Nagar.,Municipal
Unauthorized shops operating near bus depot. please resolve soon.,Development Authority
New road construction delayed at MG Road. needs immediate attention.,Public Works Department
Road full of potholes at temple. needs immediate attention.,Public Works Department
Road full of potholes at main road. facing issues since last week.,Public Works Department
Heavy traffic jam at temple every morning. needs immediate attention.,Transport
Heavy traffic jam at main road every morning. request urgent action.,Transport
Citizen grievance unresolved despite repeated attempts. please resolve soon.,CM Office (Miscellaneous)
Staff behavior rude and unhelpful in office. needs immediate attention.,CM Office (Miscellaneous)
Complaint regarding layout approval delay. needs immediate attention.,Development Authority
Waste dumped on roadside in Lakeview. kindly look into this.,Municipal
Complaint regarding layout approval delay. please resolve soon.,Development Authority
Uneven road surface leading to traffic problems. situation getting worse.,Public Works Department
Water leakage near 2nd street.,Municipal
Public dustbins overflowing and not cleaned. facing issues since last week.,Municipal
Plot disputes not being resolved on time. situation getting worse.,Development Authority
New road construction delayed at Central Avenue. kindly look into this.,Public Works Department
Women feel unsafe walking home after 7 PM. kindly look into this.,Police
Delay in pension disbursement for seniors. facing issues since last week.,CM Office (Miscellaneous)
Broken divider near bus depot causing jams. situation getting worse.,Transport
There is frequent eve teasing near the railway station. facing issues since last week.,Police
Stray dogs attacking people in Green Park. needs immediate attention.,Municipal
Loud noise and public nuisance every night around hospital. facing issues since last week.,Police
Uneven road surface leading to traffic problems. request urgent action.,Public Works Department
Illegal construction happening on 1st cross.,Development Authority
People fighting daily at the park. needs immediate attention.,Police
Need urgent help regarding electricity bill issue.,CM Office (Miscellaneous)
Chain snatching reported near junction. Please take action. facing issues since last week.,Police
"Unfair practices in local department reported, please look into it. request urgent action.",CM Office (Miscellaneous)
Government office not responding to complaints. needs immediate attention.,CM Office (Miscellaneous)
Garbage not collected in MG Road for several days. kindly look into this.,Municipal
People blocking roads with illegal sheds. kindly look into this.,Development Authority
Water stagnation near bus stop due to poor drainage. request urgent action.,Public Works Department
"Street damaged after rain, vehicles skidding. kindly look into this.",Public Works Department
Loud noise and public nuisance every night around park.,Police
Building without proper permission in MG Road. situation getting worse.,Development Authority
Uneven road surface leading to traffic problems. please resolve soon.,Public Works Department
Unhygienic conditions near market in ABC Colony. needs immediate attention.,Municipal
Loud noise and public nuisance every night around railway station. needs immediate attention.,Police
Delay in pension disbursement for seniors. kindly look into this.,CM Office (Miscellaneous)
People fighting daily at the bus stop. request urgent action.,Police
Culvert repair pending at New Town. request urgent action.,Public Works Department
Bridge under repair for months at community hall. situation getting worse.,Public Works Department
Water stagnation near market area due to poor drainage. please resolve soon.,Public Works Department
Land encroachment by private party near temple. request urgent action.,Development Authority
Corruption complaint ignored by local officer. facing issues since last week.,CM Office (Miscellaneous)
Corruption complaint ignored by local officer. kindly look into this.,CM Office (Miscellaneous)
Online complaint portal not working for days. request urgent action.,CM Office (Miscellaneous)
Uneven road surface leading to traffic problems. please resolve soon.,Public Works Department
Robbery incident reported near park. request urgent action.,Police
Road full of potholes at temple. situation getting worse.,Public Works Department
Fogging not done properly leading to mosquito menace.,Municipal
Construction debris dumped near MG Road. request urgent action.,Development Authority
Construction debris dumped near MG Road.,Development Authority
Loud noise and public nuisance every night around market area.,Police
Chain snatching reported near signal point. Please take action. situation getting worse.,Police
Building without proper permission in Sector 12. situation getting worse.,Development Authority
Land encroachment by private party near park. facing issues since last week.,Development Authority
Water leakage near ring road. please resolve soon.,Municipal
Land encroachment by private party near school. situation getting worse.,Development Authority
Waste dumped on roadside in Downtown. please resolve soon.,Municipal
Bus shelter at Central Avenue broken and unsafe. request urgent action.,Transport
Need urgent help regarding electricity bill issue. facing issues since last week.,CM Office (Miscellaneous)
Application not processed even after multiple visits. request urgent action.,CM Office (Miscellaneous)
Plot disputes not being resolved on time.,Development Authority
Streetlights not working since last week in ABC Colony. request urgent action.,Municipal
Need urgent help regarding electricity bill issue. needs immediate attention.,CM Office (Miscellaneous)
Loud noise and public nuisance every night around bus stop. kindly look into this.,Police
Corruption complaint ignored by local officer. please resolve soon.,CM Office (Miscellaneous)
Need urgent help regarding electricity bill issue. situation getting worse.,CM Office (Miscellaneous)
Encroachment on public land at market area.,Development Authority
Women feel unsafe walking home after 7 PM. needs immediate attention.,Police
Uneven road surface leading to traffic problems.,Public Works Department
Waste dumped on roadside in Central Avenue. please resolve soon.,Municipal
"Unfair practices in local department reported, please look into it. facing issues since last week.",CM Office (Miscellaneous)
Bus shelter at MG Road broken and unsafe.,Transport
"Footpath broken near Lakeview, pedestrians facing issues. request urgent action.",Public Works Department
Stormwater drain collapsed near city mall. please resolve soon.,Public Works Department
Need urgent help regarding electricity bill issue. facing issues since last week.,CM Office (Miscellaneous)
Violation of building norms at bus stop. kindly look into this.,Development Authority
Water stagnation near railway station due to poor drainage. facing issues since last week.,Public Works Department
Unauthorized shops operating near bus depot. kindly look into this.,Development Authority
Unhygienic conditions near market in MG Road. request urgent action.,Municipal
There is frequent eve teasing near the school. kindly look into this.,Police
Road full of potholes at temple. facing issues since last week.,Public Works Department
Heavy traffic jam at main road every morning. needs immediate attention.,Transport
Drainage overflow causing bad smell near railway station. please resolve soon.,Municipal
Road full of potholes at main road. facing issues since last week.,Public Works Department
Flyover construction delay leading to congestion. facing issues since last week.,Transport
Staff behavior rude and unhelpful in office. kindly look into this.,CM Office (Miscellaneous)
Loud noise and public nuisance every night around market area. kindly look into this.,Police
Flyover joints damaged and causing vehicle imbalance. please resolve soon.,Public Works Department
Flyover construction delay leading to congestion. facing issues since last week.,Transport
People fighting daily at the hospital. request urgent action.,Police
Open manhole in bus stop dangerous for kids. situation getting worse.,Municipal
Accidents happening due to no speed breakers at bus stop. kindly look into this.,Transport
Stray dogs attacking people in XYZ Nagar. needs immediate attention.,Municipal
Online complaint portal not working for days. situation getting worse.,CM Office (Miscellaneous)
Garbage not collected in Sector 12 for several days. situation getting worse.,Municipal
Streetlights not working since last week in XYZ Nagar. request urgent action.,Municipal
Poor road markings making driving difficult. needs immediate attention.,Transport
There is frequent eve teasing near the school. situation getting worse.,Police
Staff behavior rude and unhelpful in office. request urgent action.,CM Office (Miscellaneous)
Bus route 55 not running on time for several days. request urgent action.,Transport
"Unfair practices in local department reported, please look into it.",CM Office (Miscellaneous)
Heavy traffic jam at hospital every morning. needs immediate attention.,Transport
Broken divider near city mall causing jams. facing issues since last week.,Transport
Waste dumped on roadside in XYZ Nagar. situation getting worse.,Municipal
Broken divider near junction causing jams.,Transport
Bus shelter at Downtown broken and unsafe. please resolve soon.,Transport
Government office not responding to complaints. needs immediate attention.,CM Office (Miscellaneous)
Drunken men creating disturbance in MG Road. facing issues since last week.,Police
Land encroachment by private party near hospital. request urgent action.,Development Authority
Drunken men creating disturbance in Lakeview. request urgent action.,Police
Flyover construction delay leading to congestion. please resolve soon.,Transport
There is frequent eve teasing near the hospital. please resolve soon.,Police
Plot disputes not being resolved on time.,Development Authority
Illegal gambling happening behind city mall. please resolve soon.,Police
Unauthorized shops operating near signal point. situation getting worse.,Development Authority
Land encroachment by private party near park. needs immediate attention.,Development Authority
Need urgent help regarding electricity bill issue.,CM Office (Miscellaneous)
Illegal construction happening on ring road. kindly look into this.,Development Authority
Application not processed even after multiple visits. facing issues since last week.,CM Office (Miscellaneous)
Encroachment on public land at bus stop. request urgent action.,Development Authority
Need urgent help regarding electricity bill issue. kindly look into this.,CM Office (Miscellaneous)
"Footpath broken near Lakeview, pedestrians facing issues. please resolve soon.",Public Works Department
Robbery incident reported near market area. kindly look into this.,Police
Road full of potholes at school.,Public Works Department
Accidents happening due to no speed breakers at railway station. request urgent action.,Transport
Application not processed even after multiple visits. facing issues since last week.,CM Office (Miscellaneous)
Loud noise and public nuisance every night around railway station. situation getting worse.,Police
Complaint regarding layout approval delay. needs immediate attention.,Development Authority
Robbery incident reported near railway station. please resolve soon.,Police
Theft cases increasing in Green Park. Please increase patrolling. kindly look into this.,Police
Broken divider near bus depot causing jams. needs immediate attention.,Transport
Bus route 17 not running on time for several days. facing issues since last week.,Transport
Garbage not collected in XYZ Nagar for several days. facing issues since last week.,Municipal
Government office not responding to complaints. facing issues since last week.,CM Office (Miscellaneous)
Flyover construction delay leading to congestion. needs immediate attention.,Transport
Bus route 15 not running on time for several days. please resolve soon.,Transport
Public dustbins overflowing and not cleaned. situation getting worse.,Municipal
Unauthorized shops operating near junction.,Development Authority
No proper communication from officials on issue raised. kindly look into this.,CM Office (Miscellaneous)
Robbery incident reported near market area. please resolve soon.,Police
Poor road markings making driving difficult. needs immediate attention.,Transport
Pedestrian crossing signal not working at bus stop. situation getting worse.,Transport
"Footpath broken near Central Avenue, pedestrians facing issues. needs immediate attention.",Public Works Department
Broken divider near bus depot causing jams. situation getting worse.,Transport
Complaint regarding layout approval delay.,Development Authority
Illegal gambling happening behind junction. request urgent action.,Police
Water stagnation near bus stop due to poor drainage. needs immediate attention.,Public Works Department
Online complaint portal not working for days. kindly look into this.,CM Office (Miscellaneous)
"Footpath broken near Lakeview, pedestrians facing issues.",Public Works Department
No proper communication from officials on issue raised. kindly look into this.,CM Office (Miscellaneous)
Online complaint portal not working for days. please resolve soon.,CM Office (Miscellaneous)
Poor road markings making driving difficult. please resolve soon.,Transport
Pedestrian crossing signal not working at hospital. kindly look into this.,Transport
Chain snatching reported near signal point. Please take action. needs immediate attention.,Police
No proper communication from officials on issue raised. kindly look into this.,CM Office (Miscellaneous)
Land encroachment by private party near bus stop. facing issues since last week.,Development Authority
Online complaint portal not working for days. please resolve soon.,CM Office (Miscellaneous)
Public dustbins overflowing and not cleaned. kindly look into this.,Municipal
Flyover construction delay leading to congestion. facing issues since last week.,Transport
Loud noise and public nuisance every night around hospital. situation getting worse.,Police
Land encroachment by private party near school. facing issues since last week.,Development Authority
Online complaint portal not working for days.,CM Office (Miscellaneous)
Public dustbins overflowing and not cleaned. situation getting worse.,Municipal
Application not processed even after multiple visits. please resolve soon.,CM Office (Miscellaneous)
Road full of potholes at school. situation getting worse.,Public Works Department
Need urgent help regarding electricity bill issue. needs immediate attention.,CM Office (Miscellaneous)
People blocking roads with illegal sheds. please resolve soon.,Development Authority
Drainage overflow causing bad smell near bus stop. kindly look into this.,Municipal
Water stagnation near railway station due to poor drainage. request urgent action.,Public Works Department
Bridge under repair for months at signal point. needs immediate attention.,Public Works Department
Drainage overflow causing bad smell near park. facing issues since last week.,Municipal
Complaint regarding layout approval delay. kindly look into this.,Development Authority
Need urgent help regarding electricity bill issue. please resolve soon.,CM Office (Miscellaneous)
Police not responding quickly during emergencies. please resolve soon.,Police
Construction debris dumped near Central Avenue. request urgent action.,Development Authority
Need urgent help regarding electricity bill issue. facing issues since last week.,CM Office (Miscellaneous)
Construction debris dumped near Green Park. request urgent action.,Development Authority
Fogging not done properly leading to mosquito menace.,Municipal
Delay in pension disbursement for seniors. request urgent action.,CM Office (Miscellaneous)
Application not processed even after multiple visits. please resolve soon.,CM Office (Miscellaneous)
Staff behavior rude and unhelpful in office.,CM Office (Miscellaneous)
Corruption complaint ignored by local officer. please resolve soon.,CM Office (Miscellaneous)
Staff behavior rude and unhelpful in office. kindly look into this.,CM Office (Miscellaneous)
Violation of building norms at park.,Development Authority
"Footpath broken near XYZ Nagar, pedestrians facing issues. kindly look into this.",Public Works Department
Government office not responding to complaints. facing issues since last week.,CM Office (Miscellaneous)
Broken divider near signal point causing jams. please resolve soon.,Transport
Robbery incident reported near railway station. needs immediate attention.,Police
"Unfair practices in local department reported, please look into it. kindly look into this.",CM Office (Miscellaneous)
Construction debris dumped near Downtown. situation getting worse.,Development Authority
Online complaint portal not working for days. needs immediate attention.,CM Office (Miscellaneous)
Delay in pension disbursement for seniors. request urgent action.,CM Office (Miscellaneous)
Online complaint portal not working for days. kindly look into this.,CM Office (Miscellaneous)
People fighting daily at the park. kindly look into this.,Police
Drainage overflow causing bad smell near school. kindly look into this.,Municipal
Accidents happening due to no speed breakers at park. please resolve soon.,Transport
Citizen grievance unresolved despite repeated attempts. situation getting worse.,CM Office (Miscellaneous)
Accidents happening due to no speed breakers at main road. request urgent action.,Transport
Garbage not collected in MG Road for several days. kindly look into this.,Municipal
Uneven road surface leading to traffic problems. kindly look into this.,Public Works Department
Garbage not collected in Central Avenue for several days. please resolve soon.,Municipal
Broken divider near city mall causing jams. facing issues since last week.,Transport
Flyover joints damaged and causing vehicle imbalance. kindly look into this.,Public Works Department
Pedestrian crossing signal not working at school. needs immediate attention.,Transport
Stormwater drain collapsed near community hall. request urgent action.,Public Works Department
Encroachment on public land at school.,Development Authority
Government office not responding to complaints. needs immediate attention.,CM Office (Miscellaneous)
Poor road markings making driving difficult. situation getting worse.,Transport
"Footpath broken near Green Park, pedestrians facing issues. facing issues since last week.",Public Works Department
Water leakage near 1st cross. needs immediate attention.,Municipal
Garbage not collected in Green Park for several days.,Municipal
Bus shelter at Sector 12 broken and unsafe. please resolve soon.,Transport
Water leakage near 1st cross. facing issues since last week.,Municipal
Plot disputes not being resolved on time. needs immediate attention.,Development Authority
Autos refusing passengers in MG Road. needs immediate attention.,Transport
Encroachment on public land at main road. facing issues since last week.,Development Authority
Pedestrian crossing signal not working at hospital.,Transport
Heavy traffic jam at school every morning. facing issues since last week.,Transport
Theft cases increasing in XYZ Nagar. Please increase patrolling. facing issues since last week.,Police
Waste dumped on roadside in ABC Colony. needs immediate attention.,Municipal
Violation of building norms at temple. please resolve soon.,Development Authority
"Unfair practices in local department reported, please look into it. request urgent action.",CM Office (Miscellaneous)
Open manhole in park dangerous for kids. kindly look into this.,Municipal
Road full of potholes at park. needs immediate attention.,Public Works Department
Illegal gambling happening behind city mall. kindly look into this.,Police
There is frequent eve teasing near the school.,Police
Stray dogs attacking people in Downtown. request urgent action.,Municipal
Autos refusing passengers in MG Road. situation getting worse.,Transport
Staff behavior rude and unhelpful in office. please resolve soon.,CM Office (Miscellaneous)
New road construction delayed at Central Avenue. facing issues since last week.,Public Works Department
Waste dumped on roadside in Green Park. request urgent action.,Municipal
Signal at city mall not functioning properly causing accidents. needs immediate attention.,Transport
Theft cases increasing in ABC Colony. Please increase patrolling. please resolve soon.,Police
There is frequent eve teasing near the main road. needs immediate attention.,Police
Streetlights not working since last week in ABC Colony. request urgent action.,Municipal
Need urgent help regarding electricity bill issue. facing issues since last week.,CM Office (Miscellaneous)
Corruption complaint ignored by local officer. kindly look into this.,CM Office (Miscellaneous)
Citizen grievance unresolved despite repeated attempts.,CM Office (Miscellaneous)
Need urgent help regarding electricity bill issue. facing issues since last week.,CM Office (Miscellaneous)
Online complaint portal not working for days. situation getting worse.,CM Office (Miscellaneous)
Bus route 11 not running on time for several days. request urgent action.,Transport
Bridge under repair for months at city mall. kindly look into this.,Public Works Department
"Footpath broken near Lakeview, pedestrians facing issues.",Public Works Department
Women feel unsafe walking home after 7 PM. kindly look into this.,Police
Stormwater drain collapsed near community hall. situation getting worse.,Public Works Department
Need urgent help regarding electricity bill issue. kindly look into this.,CM Office (Miscellaneous)
Garbage not collected in Sector 12 for several days.,Municipal
Government office not responding to complaints. situation getting worse.,CM Office (Miscellaneous)
Corruption complaint ignored by local officer.,CM Office (Miscellaneous)
Bus shelter at Central Avenue broken and unsafe. kindly look into this.,Transport
New road construction delayed at XYZ Nagar. please resolve soon.,Public Works Department
Need urgent help regarding electricity bill issue.,CM Office (Miscellaneous)
Need urgent help regarding electricity bill issue. request urgent action.,CM Office (Miscellaneous)
Poor road markings making driving difficult. situation getting worse.,Transport
Open manhole in park dangerous for kids. situation getting worse.,Municipal
Loud noise and public nuisance every night around park. please resolve soon.,Police
Accidents happening due to no speed breakers at park. kindly look into this.,Transport
Culvert repair pending at Hill View. request urgent action.,Public Works Department
Plot disputes not being resolved on time. please resolve soon.,Development Authority
People blocking roads with illegal sheds. facing issues since last week.,Development Authority
People fighting daily at the school. situation getting worse.,Police
Illegal construction happening on 1st cross. facing issues since last week.,Development Authority
Water stagnation near school due to poor drainage. facing issues since last week.,Public Works Department
People fighting daily at the bus stop. needs immediate attention.,Police
Illegal gambling happening behind signal point. request urgent action.,Police
Road full of potholes at main road. needs immediate attention.,Public Works Department
Citizen grievance unresolved despite repeated attempts. request urgent action.,CM Office (Miscellaneous)
Complaint regarding layout approval delay. request urgent action.,Development Authority
Loud noise and public nuisance every night around park. situation getting worse.,Police
Application not processed even after multiple visits. request urgent action.,CM Office (Miscellaneous)
Road full of potholes at park. facing issues since last week.,Public Works Department
Heavy traffic jam at bus stop every morning. situation getting worse.,Transport
Stormwater drain collapsed near junction. kindly look into this.,Public Works Department
Garbage not collected in MG Road for several days. needs immediate attention.,Municipal
People fighting daily at the main road.,Police
Unauthorized shops operating near community hall. situation getting worse.,Development Authority
Robbery incident reported near park.,Police
Drunken men creating disturbance in MG Road. needs immediate attention.,Police
Encroachment on public land at temple. situation getting worse.,Development Authority
Encroachment on public land at railway station. please resolve soon.,Development Authority
Robbery incident reported near park. kindly look into this.,Police
Theft cases increasing in MG Road. Please increase patrolling. request urgent action.,Police
Water stagnation near main road due to poor drainage. please resolve soon.,Public Works Department
Citizen grievance unresolved despite repeated attempts. kindly look into this.,CM Office (Miscellaneous)
Staff behavior rude and unhelpful in office. request urgent action.,CM Office (Miscellaneous)
Online complaint portal not working for days.,CM Office (Miscellaneous)
Drunken men creating disturbance in Central Avenue. request urgent action.,Police
Uneven road surface leading to traffic problems. facing issues since last week.,Public Works Department
Uneven road surface leading to traffic problems. request urgent action.,Public Works Department
People fighting daily at the market area. kindly look into this.,Police
Women feel unsafe walking home after 7 PM.,Police
Pedestrian crossing signal not working at railway station. request urgent action.,Transport
Women feel unsafe walking home after 7 PM. needs immediate attention.,Police
Violation of building norms at market area. situation getting worse.,Development Authority
Theft cases increasing in Green Park. Please increase patrolling.,Police
Online complaint portal not working for days. needs immediate attention.,CM Office (Miscellaneous)
Delay in pension disbursement for seniors. please resolve soon.,CM Office (Miscellaneous)
Broken divider near community hall causing jams. request urgent action.,Transport
People fighting daily at the market area. kindly look into this.,Police
Bus route 56 not running on time for several days. please resolve soon.,Transport
Violation of building norms at temple. kindly look into this.,Development Authority
Road full of potholes at main road. situation getting worse.,Public Works Department
Plot disputes not being resolved on time. needs immediate attention.,Development Authority
There is frequent eve teasing near the railway station. request urgent action.,Police
"Unfair practices in local department reported, please look into it. situation getting worse.",CM Office (Miscellaneous)
People fighting daily at the railway station.,Police
Chain snatching reported near city mall. Please take action. facing issues since last week.,Police
Violation of building norms at railway station.,Development Authority
Violation of building norms at park. request urgent action.,Development Authority
Fogging not done properly leading to mosquito menace. request urgent action.,Municipal
People fighting daily at the temple.,Police
Culvert repair pending at Airport Road.,Public Works Department
There is frequent eve teasing near the railway station.,Police
Staff behavior rude and unhelpful in office. please resolve soon.,CM Office (Miscellaneous)
Theft cases increasing in Sector 12. Please increase patrolling. request urgent action.,Police
Pedestrian crossing signal not working at hospital.,Transport
Accidents happening due to no speed breakers at hospital. situation getting worse.,Transport
Police not responding quickly during emergencies. kindly look into this.,Police
Stormwater drain collapsed near signal point.,Public Works Department
Drunken men creating disturbance in XYZ Nagar. please resolve soon.,Police
Government office not responding to complaints.,CM Office (Miscellaneous)
Water leakage near 2nd street. please resolve soon.,Municipal
Application not processed even after multiple visits. request urgent action.,CM Office (Miscellaneous)
Road full of potholes at railway station. kindly look into this.,Public Works Department
Stormwater drain collapsed near petrol bunk. request urgent action.,Public Works Department
Citizen grievance unresolved despite repeated attempts. request urgent action.,CM Office (Miscellaneous)
Police not responding quickly during emergencies.,Police
People fighting daily at the park. needs immediate attention.,Police
Open manhole in main road dangerous for kids. kindly look into this.,Municipal
Staff behavior rude and unhelpful in office. please resolve soon.,CM Office (Miscellaneous)
Water leakage near ring road. facing issues since last week.,Municipal
Stormwater drain collapsed near signal point. facing issues since last week.,Public Works Department
Streetlights not working since last week in Sector 12. please resolve soon.,Municipal
Police not responding quickly during emergencies. request urgent action.,Police
New road construction delayed at Lakeview.,Public Works Department
"Unfair practices in local department reported, please look into it.",CM Office (Miscellaneous)
There is frequent eve teasing near the market area. please resolve soon.,Police
Bus shelter at Central Avenue broken and unsafe. situation getting worse.,Transport
Bridge under repair for months at bus depot. facing issues since last week.,Public Works Department
Government office not responding to complaints. request urgent action.,CM Office (Miscellaneous)
Pedestrian crossing signal not working at temple. kindly look into this.,Transport
Culvert repair pending at New Town. request urgent action.,Public Works Department
Need urgent help regarding electricity bill issue. request urgent action.,CM Office (Miscellaneous)
Signal at junction not functioning properly causing accidents. kindly look into this.,Transport
Illegal construction happening on 1st cross. needs immediate attention.,Development Authority
Signal at city mall not functioning properly causing accidents. facing issues since last week.,Transport
Land encroachment by private party near park. situation getting worse.,Development Authority
No proper communication from officials on issue raised. please resolve soon.,CM Office (Miscellaneous)
Open manhole in railway station dangerous for kids. facing issues since last week.,Municipal
Water stagnation near market area due to poor drainage. needs immediate attention.,Public Works Department
Culvert repair pending at Old City. needs immediate attention.,Public Works Department
Violation of building norms at bus stop. request urgent action.,Development Authority
Culvert repair pending at Hill View. kindly look into this.,Public Works Department
Delay in pension disbursement for seniors. please resolve soon.,CM Office (Miscellaneous)
Delay in pension disbursement for seniors. kindly look into this.,CM Office (Miscellaneous)
"Footpath broken near XYZ Nagar, pedestrians facing issues. needs immediate attention.",Public Works Department
Public dustbins overflowing and not cleaned. kindly look into this.,Municipal
Road full of potholes at main road. please resolve soon.,Public Works Department
Delay in pension disbursement for seniors. request urgent action.,CM Office (Miscellaneous)
Water stagnation near hospital due to poor drainage.,Public Works Department
"Unfair practices in local department reported, please look into it. please resolve soon.",CM Office (Miscellaneous)
Garbage not collected in Lakeview for several days. kindly look into this.,Municipal
People fighting daily at the main road.,Police
Application not processed even after multiple visits. please resolve soon.,CM Office (Miscellaneous)
Bus route 75 not running on time for several days. request urgent action.,Transport
"Street damaged after rain, vehicles skidding. request urgent action.",Public Works Department
Flyover construction delay leading to congestion. request urgent action.,Transport
"Unfair practices in local department reported, please look into it.",CM Office (Miscellaneous)
Application not processed even after multiple visits. facing issues since last week.,CM Office (Miscellaneous)
Chain snatching reported near city mall. Please take action. situation getting worse.,Police
Public dustbins overflowing and not cleaned. situation getting worse.,Municipal
Violation of building norms at market area.,Development Authority
Fogging not done properly leading to mosquito menace. request urgent action.,Municipal
New road construction delayed at XYZ Nagar. request urgent action.,Public Works Department
Open manhole in market area dangerous for kids. facing issues since last week.,Municipal
"Unfair practices in local department reported, please look into it. kindly look into this.",CM Office (Miscellaneous)
Construction debris dumped near Sector 12.,Development Authority
Open manhole in school dangerous for kids. please resolve soon.,Municipal
Complaint regarding layout approval delay. situation getting worse.,Development Authority
Road full of potholes at school. request urgent action.,Public Works Department
Theft cases increasing in Central Avenue. Please increase patrolling. kindly look into this.,Police
Road full of potholes at hospital. please resolve soon.,Public Works Department
Stray dogs attacking people in Green Park. kindly look into this.,Municipal
Illegal construction happening on 1st cross. please resolve soon.,Development Authority
Signal at petrol bunk not functioning properly causing accidents. situation getting worse.,Transport
Bridge under repair for months at petrol bunk. facing issues since last week.,Public Works Department
Waste dumped on roadside in MG Road. situation getting worse.,Municipal
Illegal construction happening on 2nd street. needs immediate attention.,Development Authority
New road construction delayed at XYZ Nagar. please resolve soon.,Public Works Department
Waste dumped on roadside in Central Avenue. needs immediate attention.,Municipal
There is frequent eve teasing near the market area. situation getting worse.,Police
Unhygienic conditions near market in Central Avenue.,Municipal
Streetlights not working since last week in Central Avenue. needs immediate attention.,Municipal
New road construction delayed at Central Avenue.,Public Works Department
Corruption complaint ignored by local officer. request urgent action.,CM Office (Miscellaneous)
No proper communication from officials on issue raised. needs immediate attention.,CM Office (Miscellaneous)
Violation of building norms at hospital. situation getting worse.,Development Authority
Broken divider near junction causing jams. needs immediate attention.,Transport
Stormwater drain collapsed near signal point. request urgent action.,Public Works Department
Flyover construction delay leading to congestion. needs immediate attention.,Transport
Poor road markings making driving difficult. facing issues since last week.,Transport
Illegal gambling happening behind signal point. request urgent action.,Police
Signal at community hall not functioning properly causing accidents.,Transport
New road construction delayed at Lakeview. request urgent action.,Public Works Department
Bus route 31 not running on time for several days. needs immediate attention.,Transport
Open manhole in park dangerous for kids. facing issues since last week.,Municipal
Flyover construction delay leading to congestion. needs immediate attention.,Transport
Garbage not collected in Sector 12 for several days. request urgent action.,Municipal
"Unfair practices in local department reported, please look into it. situation getting worse.",CM Office (Miscellaneous)
Unauthorized shops operating near community hall. kindly look into this.,Development Authority
Flyover construction delay leading to congestion. request urgent action.,Transport
Culvert repair pending at New Town. situation getting worse.,Public Works Department
People fighting daily at the bus stop. situation getting worse.,Police
Delay in pension disbursement for seniors. needs immediate attention.,CM Office (Miscellaneous)
Water stagnation near main road due to poor drainage.,Public Works Department
Garbage not collected in Central Avenue for several days. needs immediate attention.,Municipal
Need urgent help regarding electricity bill issue. facing issues since last week.,CM Office (Miscellaneous)
Bus route 7 not running on time for several days.,Transport
Heavy traffic jam at bus stop every morning. kindly look into this.,Transport
Water leakage near 1st cross. please resolve soon.,Municipal
Violation of building norms at hospital. kindly look into this.,Development Authority
Stray dogs attacking people in MG Road. facing issues since last week.,Municipal
Building without proper permission in Central Avenue. facing issues since last week.,Development Authority
Flyover construction delay leading to congestion.,Transport
Theft cases increasing in Green Park. Please increase patrolling. situation getting worse.,Police
Streetlights not working since last week in Central Avenue. request urgent action.,Municipal
People fighting daily at the park. request urgent action.,Police
No proper communication from officials on issue raised.,CM Office (Miscellaneous)
Need urgent help regarding electricity bill issue. situation getting worse.,CM Office (Miscellaneous)
Staff behavior rude and unhelpful in office. facing issues since last week.,CM Office (Miscellaneous)
Illegal gambling happening behind petrol bunk. kindly look into this.,Police
Uneven road surface leading to traffic problems. kindly look into this.,Public Works Department
Flyover construction delay leading to congestion.,Transport
People fighting daily at the temple. kindly look into this.,Police
New road construction delayed at Green Park. kindly look into this.,Public Works Department
Police not responding quickly during emergencies. facing issues since last week.,Police
No proper communication from officials on issue raised. facing issues since last week.,CM Office (Miscellaneous)
Citizen grievance unresolved despite repeated attempts. please resolve soon.,CM Office (Miscellaneous)
Stray dogs attacking people in Central Avenue. please resolve soon.,Municipal
Broken divider near bus depot causing jams. kindly look into this.,Transport
Uneven road surface leading to traffic problems. facing issues since last week.,Public Works Department
Encroachment on public land at park. facing issues since last week.,Development Authority
Delay in pension disbursement for seniors. situation getting worse.,CM Office (Miscellaneous)
Building without proper permission in MG Road. request urgent action.,Development Authority
Corruption complaint ignored by local officer. needs immediate attention.,CM Office (Miscellaneous)
Water stagnation near hospital due to poor drainage.,Public Works Department
Women feel unsafe walking home after 7 PM. kindly look into this.,Police
Bus shelter at XYZ Nagar broken and unsafe. situation getting worse.,Transport
Flyover joints damaged and causing vehicle imbalance. facing issues since last week.,Public Works Department
Open manhole in bus stop dangerous for kids.,Municipal
Application not processed even after multiple visits. facing issues since last week.,CM Office (Miscellaneous)
Corruption complaint ignored by local officer. situation getting worse.,CM Office (Miscellaneous)
Unhygienic conditions near market in MG Road.,Municipal
There is frequent eve teasing near the park. kindly look into this.,Police
"Street damaged after rain, vehicles skidding. please resolve soon.",Public Works Department
Stormwater drain collapsed near bus depot. please resolve soon.,Public Works Department
"Unfair practices in local department reported, please look into it. facing issues since last week.",CM Office (Miscellaneous)
Broken divider near community hall causing jams. needs immediate attention.,Transport
Bus route 91 not running on time for several days.,Transport
Public dustbins overflowing and not cleaned.,Municipal
People blocking roads with illegal sheds. request urgent action.,Development Authority
"Unfair practices in local department reported, please look into it. needs immediate attention.",CM Office (Miscellaneous)
Citizen grievance unresolved despite repeated attempts.,CM Office (Miscellaneous)
Illegal gambling happening behind community hall. request urgent action.,Police
Complaint regarding layout approval delay. please resolve soon.,Development Authority
Flyover joints damaged and causing vehicle imbalance. request urgent action.,Public Works Department
Flyover joints damaged and causing vehicle imbalance. please resolve soon.,Public Works Department
Illegal construction happening on 2nd street. needs immediate attention.,Development Authority
Stray dogs attacking people in XYZ Nagar. needs immediate attention.,Municipal
Road full of potholes at hospital. please resolve soon.,Public Works Department
Stray dogs attacking people in Central Avenue.,Municipal
"Footpath broken near Sector 12, pedestrians facing issues. facing issues since last week.",Public Works Department
Culvert repair pending at Hill View. request urgent action.,Public Works Department
Heavy traffic jam at railway station every morning. needs immediate attention.,Transport
Flyover construction delay leading to congestion. facing issues since last week.,Transport
Water stagnation near market area due to poor drainage. kindly look into this.,Public Works Department
Water leakage near 2nd street.,Municipal
Illegal construction happening on main bazaar road. situation getting worse.,Development Authority
Robbery incident reported near main road. needs immediate attention.,Police
Stormwater drain collapsed near signal point. please resolve soon.,Public Works Department
Drainage overflow causing bad smell near main road.,Municipal
Drunken men creating disturbance in Downtown.,Police
Chain snatching reported near city mall. Please take action. kindly look into this.,Police
Flyover construction delay leading to congestion. facing issues since last week.,Transport
Application not processed even after multiple visits. situation getting worse.,CM Office (Miscellaneous)
Flyover construction delay leading to congestion. situation getting worse.,Transport
"Street damaged after rain, vehicles skidding.",Public Works Department
"Street damaged after rain, vehicles skidding. please resolve soon.",Public Works Department
Application not processed even after multiple visits.,CM Office (Miscellaneous)
Public dustbins overflowing and not cleaned. facing issues since last week.,Municipal
Robbery incident reported near railway station. facing issues since last week.,Police
Flyover construction delay leading to congestion. kindly look into this.,Transport
Encroachment on public land at bus stop. facing issues since last week.,Development Authority
Waste dumped on roadside in XYZ Nagar. situation getting worse.,Municipal
Robbery incident reported near main road. kindly look into this.,Police
Flyover construction delay leading to congestion. kindly look into this.,Transport
Fogging not done properly leading to mosquito menace. needs immediate attention.,Municipal
Building without proper permission in ABC Colony. facing issues since last week.,Development Authority
"Unfair practices in local department reported, please look into it.",CM Office (Miscellaneous)
Streetlights not working since last week in Sector 12. kindly look into this.,Municipal
Need urgent help regarding electricity bill issue. please resolve soon.,CM Office (Miscellaneous)
Illegal construction happening on 2nd street. needs immediate attention.,Development Authority
Police not responding quickly during emergencies. situation getting worse.,Police
Illegal gambling happening behind petrol bunk. facing issues since last week.,Police
Online complaint portal not working for days. request urgent action.,CM Office (Miscellaneous)
Illegal gambling happening behind signal point. needs immediate attention.,Police
Land encroachment by private party near market area. needs immediate attention.,Development Authority
Signal at bus depot not functioning properly causing accidents.,Transport
Drunken men creating disturbance in ABC Colony. please resolve soon.,Police
Illegal construction happening on main bazaar road. request urgent action.,Development Authority
"Footpath broken near Central Avenue, pedestrians facing issues. situation getting worse.",Public Works Department
Accidents happening due to no speed breakers at market area. needs immediate attention.,Transport
Application not processed even after multiple visits. kindly look into this.,CM Office (Miscellaneous)
Theft cases increasing in XYZ Nagar. Please increase patrolling. request urgent action.,Police
Garbage not collected in Sector 12 for several days. facing issues since last week.,Municipal
Public dustbins overflowing and not cleaned. situation getting worse.,Municipal
Police not responding quickly during emergencies. situation getting worse.,Police
Accidents happening due to no speed breakers at park. please resolve soon.,Transport
Land encroachment by private party near park. needs immediate attention.,Development Authority
Drainage overflow causing bad smell near park. please resolve soon.,Municipal
Drunken men creating disturbance in Green Park. please resolve soon.,Police
Women feel unsafe walking home after 7 PM.,Police
Drunken men creating disturbance in Green Park. kindly look into this.,Police
Application not processed even after multiple visits.,CM Office (Miscellaneous)
Stormwater drain collapsed near junction. needs immediate attention.,Public Works Department
Citizen grievance unresolved despite repeated attempts. request urgent action.,CM Office (Miscellaneous)
Robbery incident reported near railway station. situation getting worse.,Police
Stormwater drain collapsed near signal point. needs immediate attention.,Public Works Department
Waste dumped on roadside in ABC Colony. request urgent action.,Municipal
Unauthorized shops operating near signal point.,Development Authority
Autos refusing passengers in Central Avenue. needs immediate attention.,Transport
Public dustbins overflowing and not cleaned. needs immediate attention.,Municipal
Uneven road surface leading to traffic problems. kindly look into this.,Public Works Department
Public dustbins overflowing and not cleaned. kindly look into this.,Municipal
Delay in pension disbursement for seniors. needs immediate attention.,CM Office (Miscellaneous)
Unauthorized shops operating near signal point. kindly look into this.,Development Authority
Stormwater drain collapsed near junction. please resolve soon.,Public Works Department
Theft cases increasing in XYZ Nagar. Please increase patrolling. please resolve soon.,Police
Building without proper permission in XYZ Nagar. situation getting worse.,Development Authority
"Unfair practices in local department reported, please look into it. kindly look into this.",CM Office (Miscellaneous)
Public dustbins overflowing and not cleaned.,Municipal
Building without proper permission in Central Avenue. request urgent action.,Development Authority
Pedestrian crossing signal not working at main road. request urgent action.,Transport
Government office not responding to complaints. kindly look into this.,CM Office (Miscellaneous)
Staff behavior rude and unhelpful in office. facing issues since last week.,CM Office (Miscellaneous)
Bus shelter at Central Avenue broken and unsafe. facing issues since last week.,Transport
Waste dumped on roadside in XYZ Nagar. situation getting worse.,Municipal
Unhygienic conditions near market in Green Park. facing issues since last week.,Municipal
Culvert repair pending at Old City. request urgent action.,Public Works Department
Signal at bus depot not functioning properly causing accidents. request urgent action.,Transport
Stray dogs attacking people in Green Park. facing issues since last week.,Municipal
Chain snatching reported near city mall. Please take action. request urgent action.,Police
Bus route 73 not running on time for several days. request urgent action.,Transport
Government office not responding to complaints. needs immediate attention.,CM Office (Miscellaneous)
Water stagnation near railway station due to poor drainage. situation getting worse.,Public Works Department
Complaint regarding layout approval delay. facing issues since last week.,Development Authority
Flyover construction delay leading to congestion. facing issues since last week.,Transport
Need urgent help regarding electricity bill issue. please resolve soon.,CM Office (Miscellaneous)
Poor road markings making driving difficult. please resolve soon.,Transport
Illegal gambling happening behind city mall. facing issues since last week.,Police
Unauthorized shops operating near bus depot. request urgent action.,Development Authority
Road full of potholes at bus stop. facing issues since last week.,Public Works Department
Signal at junction not functioning properly causing accidents. needs immediate attention.,Transport
Robbery incident reported near hospital. needs immediate attention.,Police
There is frequent eve teasing near the temple. facing issues since last week.,Police
Pedestrian crossing signal not working at bus stop. please resolve soon.,Transport
"Footpath broken near XYZ Nagar, pedestrians facing issues. needs immediate attention.",Public Works Department
Poor road markings making driving difficult. request urgent action.,Transport
Construction debris dumped near ABC Colony. please resolve soon.,Development Authority
Government office not responding to complaints. situation getting worse.,CM Office (Miscellaneous)
Streetlights not working since last week in MG Road. needs immediate attention.,Municipal
Drainage overflow causing bad smell near temple. situation getting worse.,Municipal
Road full of potholes at hospital. facing issues since last week.,Public Works Department
Flyover construction delay leading to congestion. situation getting worse.,Transport
Water stagnation near hospital due to poor drainage. request urgent action.,Public Works Department
Bridge under repair for months at petrol bunk. kindly look into this.,Public Works Department
Citizen grievance unresolved despite repeated attempts. situation getting worse.,CM Office (Miscellaneous)
Bus route 89 not running on time for several days. kindly look into this.,Transport
Unhygienic conditions near market in MG Road. kindly look into this.,Municipal
Plot disputes not being resolved on time. situation getting worse.,Development Authority
Fogging not done properly leading to mosquito menace.,Municipal
No proper communication from officials on issue raised. request urgent action.,CM Office (Miscellaneous)
New road construction delayed at Green Park. needs immediate attention.,Public Works Department
Illegal gambling happening behind petrol bunk. needs immediate attention.,Police
Water stagnation near market area due to poor drainage.,Public Works Department
Broken divider near community hall causing jams. needs immediate attention.,Transport
Garbage not collected in Green Park for several days.,Municipal
Need urgent help regarding electricity bill issue. please resolve soon.,CM Office (Miscellaneous)
Uneven road surface leading to traffic problems. needs immediate attention.,Public Works Department
Fogging not done properly leading to mosquito menace. kindly look into this.,Municipal
Stray dogs attacking people in Central Avenue.,Municipal
Fogging not done properly leading to mosquito menace. facing issues since last week.,Municipal
Flyover joints damaged and causing vehicle imbalance. situation getting worse.,Public Works Department
Bridge under repair for months at city mall. situation getting worse.,Public Works Department
Corruption complaint ignored by local officer.,CM Office (Miscellaneous)
Theft cases increasing in Lakeview. Please increase patrolling. kindly look into this.,Police
Bridge under repair for months at junction. situation getting worse.,Public Works Department
Plot disputes not being resolved on time.,Development Authority
Waste dumped on roadside in Lakeview. facing issues since last week.,Municipal
Government office not responding to complaints. needs immediate attention.,CM Office (Miscellaneous)
Illegal gambling happening behind junction.,Police
People blocking roads with illegal sheds. please resolve soon.,Development Authority
Construction debris dumped near Downtown. request urgent action.,Development Authority
Drunken men creating disturbance in Lakeview. facing issues since last week.,Police
Stormwater drain collapsed near city mall. kindly look into this.,Public Works Department
Unhygienic conditions near market in ABC Colony. situation getting worse.,Municipal
Garbage not collected in Downtown for several days.,Municipal
Flyover construction delay leading to congestion. kindly look into this.,Transport
Complaint regarding layout approval delay. facing issues since last week.,Development Authority
Drainage overflow causing bad smell near main road. kindly look into this.,Municipal
Autos refusing passengers in XYZ Nagar. facing issues since last week.,Transport
Theft cases increasing in MG Road. Please increase patrolling. please resolve soon.,Police
Land encroachment by private party near temple. please resolve soon.,Development Authority
Land encroachment by private party near hospital. please resolve soon.,Development Authority
Loud noise and public nuisance every night around park. request urgent action.,Police
Corruption complaint ignored by local officer. situation getting worse.,CM Office (Miscellaneous)
Need urgent help regarding electricity bill issue. situation getting worse.,CM Office (Miscellaneous)
Autos refusing passengers in Sector 12. situation getting worse.,Transport
Autos refusing passengers in Central Avenue. request urgent action.,Transport
Building without proper permission in Sector 12. please resolve soon.,Development Authority
Streetlights not working since last week in ABC Colony.,Municipal
Building without proper permission in XYZ Nagar. facing issues since last week.,Development Authority
There is frequent eve teasing near the market area. situation getting worse.,Police
"Unfair practices in local department reported, please look into it. please resolve soon.",CM Office (Miscellaneous)
Bridge under repair for months at junction. request urgent action.,Public Works Department
Illegal gambling happening behind signal point. facing issues since last week.,Police
Illegal gambling happening behind community hall. please resolve soon.,Police
Accidents happening due to no speed breakers at hospital. situation getting worse.,Transport
Streetlights not working since last week in Downtown.,Municipal
Building without proper permission in Downtown. kindly look into this.,Development Authority
Heavy traffic jam at bus stop every morning. please resolve soon.,Transport
Pedestrian crossing signal not working at main road. facing issues since last week.,Transport
Government office not responding to complaints. kindly look into this.,CM Office (Miscellaneous)
Autos refusing passengers in MG Road. needs immediate attention.,Transport
Illegal gambling happening behind petrol bunk. kindly look into this.,Police
Water leakage near main bazaar road. needs immediate attention.,Municipal
Streetlights not working since last week in Downtown. kindly look into this.,Municipal
No proper communication from officials on issue raised. situation getting worse.,CM Office (Miscellaneous)
"Street damaged after rain, vehicles skidding. kindly look into this.",Public Works Department
People blocking roads with illegal sheds. please resolve soon.,Development Authority
Flyover construction delay leading to congestion. request urgent action.,Transport
Women feel unsafe walking home after 7 PM. needs immediate attention.,Police
Heavy traffic jam at main road every morning.,Transport
Water leakage near main bazaar road. kindly look into this.,Municipal
No proper communication from officials on issue raised. kindly look into this.,CM Office (Miscellaneous)
Building without proper permission in Green Park. please resolve soon.,Development Authority
Uneven road surface leading to traffic problems. request urgent action.,Public Works Department
Police not responding quickly during emergencies. please resolve soon.,Police
Government office not responding to complaints. needs immediate attention.,CM Office (Miscellaneous)
Fogging not done properly leading to mosquito menace. needs immediate attention.,Municipal
Encroachment on public land at main road. facing issues since last week.,Development Authority
Drainage overflow causing bad smell near railway station. facing issues since last week.,Municipal
Water stagnation near park due to poor drainage. needs immediate attention.,Public Works Department
Culvert repair pending at Hill View. please resolve soon.,Public Works Department
Pedestrian crossing signal not working at temple. kindly look into this.,Transport
Heavy traffic jam at temple every morning. facing issues since last week.,Transport
Police not responding quickly during emergencies.,Police
Accidents happening due to no speed breakers at temple.,Transport
Open manhole in school dangerous for kids. request urgent action.,Municipal
Flyover construction delay leading to congestion.,Transport
Loud noise and public nuisance every night around main road. facing issues since last week.,Police
Illegal gambling happening behind bus depot.,Police
"Street damaged after rain, vehicles skidding. please resolve soon.",Public Works Department
Waste dumped on roadside in Central Avenue. needs immediate attention.,Municipal
People blocking roads with illegal sheds. kindly look into this.,Development Authority
Heavy traffic jam at temple every morning. kindly look into this.,Transport
Stray dogs attacking people in Downtown. request urgent action.,Municipal
Robbery incident reported near market area. please resolve soon.,Police
Garbage not collected in Green Park for several days. situation getting worse.,Municipal
Bus route 55 not running on time for several days.,Transport
"Unfair practices in local department reported, please look into it.",CM Office (Miscellaneous)
"Unfair practices in local department reported, please look into it. facing issues since last week.",CM Office (Miscellaneous)
Citizen grievance unresolved despite repeated attempts. facing issues since last week.,CM Office (Miscellaneous)
Staff behavior rude and unhelpful in office. facing issues since last week.,CM Office (Miscellaneous)
Drainage overflow causing bad smell near main road. facing issues since last week.,Municipal
Construction debris dumped near Lakeview. kindly look into this.,Development Authority
Autos refusing passengers in Downtown. facing issues since last week.,Transport
Bus route 55 not running on time for several days. situation getting worse.,Transport
Unauthorized shops operating near petrol bunk. facing issues since last week.,Development Authority
Fogging not done properly leading to mosquito menace. situation getting worse.,Municipal
People fighting daily at the school. facing issues since last week.,Police
Stormwater drain collapsed near bus depot.,Public Works Department
Women feel unsafe walking home after 7 PM. needs immediate attention.,Police
Flyover joints damaged and causing vehicle imbalance.,Public Works Department
Flyover joints damaged and causing vehicle imbalance. needs immediate attention.,Public Works Department
People fighting daily at the temple. situation getting worse.,Police
Stray dogs attacking people in Lakeview. please resolve soon.,Municipal
Flyover construction delay leading to congestion. please resolve soon.,Transport
No proper communication from officials on issue raised. please resolve soon.,CM Office (Miscellaneous)
Violation of building norms at market area. situation getting worse.,Development Authority
Streetlights not working since last week in XYZ Nagar. request urgent action.,Municipal
Need urgent help regarding electricity bill issue.,CM Office (Miscellaneous)
Open manhole in hospital dangerous for kids. needs immediate attention.,Municipal
Delay in pension disbursement for seniors.,CM Office (Miscellaneous)
Flyover construction delay leading to congestion. please resolve soon.,Transport
Plot disputes not being resolved on time. situation getting worse.,Development Authority
Police not responding quickly during emergencies. kindly look into this.,Police
Stormwater drain collapsed near bus depot.,Public Works Department
Water leakage near 1st cross. facing issues since last week.,Municipal
"Footpath broken near Green Park, pedestrians facing issues.",Public Works Department
Bus shelter at Green Park broken and unsafe. request urgent action.,Transport
Public dustbins overflowing and not cleaned. facing issues since last week.,Municipal
Bridge under repair for months at junction. needs immediate attention.,Public Works Department
People fighting daily at the market area. please resolve soon.,Police
Delay in pension disbursement for seniors. request urgent action.,CM Office (Miscellaneous)
Poor road markings making driving difficult. needs immediate attention.,Transport
Accidents happening due to no speed breakers at school. situation getting worse.,Transport
Loud noise and public nuisance every night around main road. facing issues since last week.,Police
Bus shelter at Lakeview broken and unsafe. please resolve soon.,Transport
Fogging not done properly leading to mosquito menace. kindly look into this.,Municipal
Open manhole in market area dangerous for kids. please resolve soon.,Municipal
Flyover construction delay leading to congestion.,Transport
Waste dumped on roadside in MG Road. kindly look into this.,Municipal
Drunken men creating disturbance in XYZ Nagar. needs immediate attention.,Police
Corruption complaint ignored by local officer. needs immediate attention.,CM Office (Miscellaneous)
Broken divider near signal point causing jams. request urgent action.,Transport
Bus shelter at Green Park broken and unsafe. needs immediate attention.,Transport
Waste dumped on roadside in XYZ Nagar. please resolve soon.,Municipal
Theft cases increasing in Lakeview. Please increase patrolling. kindly look into this.,Police
Building without proper permission in Sector 12. request urgent action.,Development Authority
Need urgent help regarding electricity bill issue. please resolve soon.,CM Office (Miscellaneous)
Road full of potholes at market area. request urgent action.,Public Works Department
Illegal construction happening on main bazaar road. needs immediate attention.,Development Authority
Broken divider near bus depot causing jams. situation getting worse.,Transport
Fogging not done properly leading to mosquito menace. situation getting worse.,Municipal
Stray dogs attacking people in Central Avenue. facing issues since last week.,Municipal
Unhygienic conditions near market in Central Avenue. facing issues since last week.,Municipal
Stray dogs attacking people in MG Road.,Municipal
"Unfair practices in local department reported, please look into it. request urgent action.",CM Office (Miscellaneous)
Police not responding quickly during emergencies. please resolve soon.,Police
"Street damaged after rain, vehicles skidding. facing issues since last week.",Public Works Department
Loud noise and public nuisance every night around park. needs immediate attention.,Police
Bus shelter at ABC Colony broken and unsafe. needs immediate attention.,Transport
Drainage overflow causing bad smell near park.,Municipal
Broken divider near signal point causing jams. please resolve soon.,Transport
Violation of building norms at park. request urgent action.,Development Authority
Theft cases increasing in Sector 12. Please increase patrolling. needs immediate attention.,Police
Pedestrian crossing signal not working at market area. request urgent action.,Transport
Drunken men creating disturbance in Sector 12. please resolve soon.,Police
Drainage overflow causing bad smell near market area. kindly look into this.,Municipal
Public dustbins overflowing and not cleaned. needs immediate attention.,Municipal
Streetlights not working since last week in Sector 12.,Municipal
Streetlights not working since last week in Lakeview. please resolve soon.,Municipal
Drainage overflow causing bad smell near temple. please resolve soon.,Municipal
Fogging not done properly leading to mosquito menace. facing issues since last week.,Municipal
Drunken men creating disturbance in Lakeview. kindly look into this.,Police
Stray dogs attacking people in XYZ Nagar. needs immediate attention.,Municipal
Bridge under repair for months at city mall. kindly look into this.,Public Works Department
Garbage not collected in MG Road for several days. situation getting worse.,Municipal
Unauthorized shops operating near junction. facing issues since last week.,Development Authority
No proper communication from officials on issue raised. needs immediate attention.,CM Office (Miscellaneous)
Police not responding quickly during emergencies. kindly look into this.,Police
Application not processed even after multiple visits. needs immediate attention.,CM Office (Miscellaneous)
Waste dumped on roadside in Lakeview. facing issues since last week.,Municipal
Water leakage near 2nd street. request urgent action.,Municipal
Unhygienic conditions near market in Green Park. needs immediate attention.,Municipal
Water leakage near 2nd street. situation getting worse.,Municipal
Construction debris dumped near Central Avenue. kindly look into this.,Development Authority
"Street damaged after rain, vehicles skidding. request urgent action.",Public Works Department
Citizen grievance unresolved despite repeated attempts. kindly look into this.,CM Office (Miscellaneous)
Robbery incident reported near school. situation getting worse.,Police
People blocking roads with illegal sheds. please resolve soon.,Development Authority
Robbery incident reported near railway station. needs immediate attention.,Police
Road full of potholes at hospital. please resolve soon.,Public Works Department
"Street damaged after rain, vehicles skidding. please resolve soon.",Public Works Department
Stormwater drain collapsed near city mall. kindly look into this.,Public Works Department
Need urgent help regarding electricity bill issue. please resolve soon.,CM Office (Miscellaneous)
Signal at petrol bunk not functioning properly causing accidents. situation getting worse.,Transport
Encroachment on public land at bus stop. kindly look into this.,Development Authority
Violation of building norms at hospital. situation getting worse.,Development Authority
Complaint regarding layout approval delay. needs immediate attention.,Development Authority
Plot disputes not being resolved on time. request urgent action.,Development Authority
Land encroachment by private party near market area.,Development Authority
Violation of building norms at hospital. situation getting worse.,Development Authority
Building without proper permission in Lakeview. request urgent action.,Development Authority
Bus route 20 not running on time for several days. please resolve soon.,Transport
Police not responding quickly during emergencies.,Police
Need urgent help regarding electricity bill issue. situation getting worse.,CM Office (Miscellaneous)
Unhygienic conditions near market in Downtown. situation getting worse.,Municipal
Culvert repair pending at New Town. situation getting worse.,Public Works Department
Unhygienic conditions near market in Lakeview.,Municipal
Application not processed even after multiple visits. kindly look into this.,CM Office (Miscellaneous)
Uneven road surface leading to traffic problems. request urgent action.,Public Works Department
New road construction delayed at Lakeview. needs immediate attention.,Public Works Department
Streetlights not working since last week in Downtown. please resolve soon.,Municipal
Waste dumped on roadside in Central Avenue.,Municipal
Bridge under repair for months at city mall. request urgent action.,Public Works Department
Poor road markings making driving difficult.,Transport
Illegal construction happening on 1st cross. please resolve soon.,Development Authority
Online complaint portal not working for days. request urgent action.,CM Office (Miscellaneous)
Flyover joints damaged and causing vehicle imbalance.,Public Works Department
Road full of potholes at main road. situation getting worse.,Public Works Department
Land encroachment by private party near railway station. kindly look into this.,Development Authority
Women feel unsafe walking home after 7 PM.,Police
Unauthorized shops operating near signal point. request urgent action.,Development Authority
Corruption complaint ignored by local officer.,CM Office (Miscellaneous)
Government office not responding to complaints. situation getting worse.,CM Office (Miscellaneous)
Culvert repair pending at Airport Road. facing issues since last week.,Public Works Department
Broken divider near signal point causing jams. facing issues since last week.,Transport
Robbery incident reported near main road. needs immediate attention.,Police
Fogging not done properly leading to mosquito menace.,Municipal
Autos refusing passengers in Green Park. kindly look into this.,Transport
Delay in pension disbursement for seniors. situation getting worse.,CM Office (Miscellaneous)
Stormwater drain collapsed near junction.,Public Works Department
Fogging not done properly leading to mosquito menace. kindly look into this.,Municipal
Heavy traffic jam at school every morning. facing issues since last week.,Transport
Open manhole in market area dangerous for kids. situation getting worse.,Municipal
People fighting daily at the bus stop. kindly look into this.,Police
Bus route 23 not running on time for several days. situation getting worse.,Transport
Fogging not done properly leading to mosquito menace. situation getting worse.,Municipal
Illegal gambling happening behind signal point. needs immediate attention.,Police
Water leakage near ring road. please resolve soon.,Municipal
Signal at junction not functioning properly causing accidents. please resolve soon.,Transport
Robbery incident reported near main road. needs immediate attention.,Police
"Footpath broken near ABC Colony, pedestrians facing issues. situation getting worse.",Public Works Department
Delay in pension disbursement for seniors. facing issues since last week.,CM Office (Miscellaneous)
Plot disputes not being resolved on time. please resolve soon.,Development Authority
Culvert repair pending at Hill View. request urgent action.,Public Works Department
"Street damaged after rain, vehicles skidding. needs immediate attention.",Public Works Department
Illegal construction happening on main bazaar road.,Development Authority
Road full of potholes at railway station. needs immediate attention.,Public Works Department
Flyover joints damaged and causing vehicle imbalance. please resolve soon.,Public Works Department
Bridge under repair for months at signal point. needs immediate attention.,Public Works Department
Autos refusing passengers in Green Park. kindly look into this.,Transport
Pedestrian crossing signal not working at school. facing issues since last week.,Transport
Police not responding quickly during emergencies. request urgent action.,Police
Staff behavior rude and unhelpful in office. needs immediate attention.,CM Office (Miscellaneous)
Police not responding quickly during emergencies. needs immediate attention.,Police
Chain snatching reported near city mall. Please take action. facing issues since last week.,Police
Open manhole in railway station dangerous for kids. situation getting worse.,Municipal
Application not processed even after multiple visits. facing issues since last week.,CM Office (Miscellaneous)
Uneven road surface leading to traffic problems. request urgent action.,Public Works Department
Broken divider near bus depot causing jams.,Transport
Fogging not done properly leading to mosquito menace. kindly look into this.,Municipal
Autos refusing passengers in MG Road. facing issues since last week.,Transport
Unhygienic conditions near market in Lakeview. facing issues since last week.,Municipal
Plot disputes not being resolved on time. needs immediate attention.,Development Authority
"Footpath broken near ABC Colony, pedestrians facing issues.",Public Works Department
Broken divider near bus depot causing jams. needs immediate attention.,Transport
Poor road markings making driving difficult. request urgent action.,Transport
There is frequent eve teasing near the hospital. situation getting worse.,Police
Drunken men creating disturbance in Lakeview. please resolve soon.,Police
Chain snatching reported near city mall. Please take action. kindly look into this.,Police
Autos refusing passengers in Lakeview. situation getting worse.,Transport
Flyover construction delay leading to congestion. facing issues since last week.,Transport
Theft cases increasing in Central Avenue. Please increase patrolling. request urgent action.,Police
Heavy traffic jam at park every morning. request urgent action.,Transport
No proper communication from officials on issue raised.,CM Office (Miscellaneous)
People blocking roads with illegal sheds. request urgent action.,Development Authority
People fighting daily at the railway station. kindly look into this.,Police
Complaint regarding layout approval delay.,Development Authority
Streetlights not working since last week in Sector 12. request urgent action.,Municipal
New road construction delayed at Downtown. request urgent action.,Public Works Department
Waste dumped on roadside in Green Park. situation getting worse.,Municipal
Online complaint portal not working for days. needs immediate attention.,CM Office (Miscellaneous)
Pedestrian crossing signal not working at school. request urgent action.,Transport
Encroachment on public land at hospital. situation getting worse.,Development Authority
Water leakage near 2nd street. situation getting worse.,Municipal
Bus route 18 not running on time for several days. needs immediate attention.,Transport
Application not processed even after multiple visits.,CM Office (Miscellaneous)
Encroachment on public land at school. needs immediate attention.,Development Authority
Application not processed even after multiple visits. request urgent action.,CM Office (Miscellaneous)
Stormwater drain collapsed near community hall. facing issues since last week.,Public Works Department
Pedestrian crossing signal not working at main road. needs immediate attention.,Transport
Poor road markings making driving difficult. kindly look into this.,Transport
Need urgent help regarding electricity bill issue. request urgent action.,CM Office (Miscellaneous)
"Footpath broken near MG Road, pedestrians facing issues. needs immediate attention.",Public Works Department
Complaint regarding layout approval delay. request urgent action.,Development Authority
People blocking roads with illegal sheds.,Development Authority
Police not responding quickly during emergencies.,Police
No proper communication from officials on issue raised. situation getting worse.,CM Office (Miscellaneous)
New road construction delayed at MG Road. needs immediate attention.,Public Works Department
Garbage not collected in Central Avenue for several days. kindly look into this.,Municipal
Drunken men creating disturbance in MG Road. needs immediate attention.,Police
People fighting daily at the market area. request urgent action.,Police
Theft cases increasing in Downtown. Please increase patrolling. facing issues since last week.,Police
Loud noise and public nuisance every night around school. request urgent action.,Police
Government office not responding to complaints. please resolve soon.,CM Office (Miscellaneous)
Robbery incident reported near temple. kindly look into this.,Police
"Unfair practices in local department reported, please look into it.",CM Office (Miscellaneous)
Water leakage near main bazaar road.,Municipal
Government office not responding to complaints. situation getting worse.,CM Office (Miscellaneous)
Streetlights not working since last week in MG Road. please resolve soon.,Municipal
Violation of building norms at main road. please resolve soon.,Development Authority
People blocking roads with illegal sheds. please resolve soon.,Development Authority
Fogging not done properly leading to mosquito menace. situation getting worse.,Municipal
Chain snatching reported near community hall. Please take action.,Police
Corruption complaint ignored by local officer. kindly look into this.,CM Office (Miscellaneous)
Plot disputes not being resolved on time. situation getting worse.,Development Authority
Encroachment on public land at bus stop. needs immediate attention.,Development Authority
Bus shelter at Sector 12 broken and unsafe. request urgent action.,Transport
Chain snatching reported near bus depot. Please take action. situation getting worse.,Police
"Street damaged after rain, vehicles skidding. please resolve soon.",Public Works Department
Broken divider near junction causing jams. facing issues since last week.,Transport
Heavy traffic jam at park every morning.,Transport
Encroachment on public land at main road.,Development Authority
Unauthorized shops operating near junction. kindly look into this.,Development Authority
Violation of building norms at school. needs immediate attention.,Development Authority
Heavy traffic jam at bus stop every morning. needs immediate attention.,Transport
No proper communication from officials on issue raised. needs immediate attention.,CM Office (Miscellaneous)
Construction debris dumped near XYZ Nagar. needs immediate attention.,Development Authority
Unhygienic conditions near market in MG Road. needs immediate attention.,Municipal
Loud noise and public nuisance every night around bus stop. situation getting worse.,Police
Unhygienic conditions near market in XYZ Nagar. request urgent action.,Municipal
Public dustbins overflowing and not cleaned. please resolve soon.,Municipal
Bus route 4 not running on time for several days. situation getting worse.,Transport
Drainage overflow causing bad smell near main road. situation getting worse.,Municipal
Fogging not done properly leading to mosquito menace. request urgent action.,Municipal
Application not processed even after multiple visits. kindly look into this.,CM Office (Miscellaneous)
Poor road markings making driving difficult. kindly look into this.,Transport
Unauthorized shops operating near signal point. facing issues since last week.,Development Authority
Garbage not collected in Green Park for several days. kindly look into this.,Municipal
Poor road markings making driving difficult.,Transport
Pedestrian crossing signal not working at hospital. needs immediate attention.,Transport
Construction debris dumped near Central Avenue.,Development Authority
Application not processed even after multiple visits. please resolve soon.,CM Office (Miscellaneous)
Drainage overflow causing bad smell near main road. kindly look into this.,Municipal
Bridge under repair for months at community hall. situation getting worse.,Public Works Department
Theft cases increasing in Downtown. Please increase patrolling. please resolve soon.,Police
Stormwater drain collapsed near signal point. facing issues since last week.,Public Works Department
Stray dogs attacking people in XYZ Nagar. request urgent action.,Municipal
Drainage overflow causing bad smell near park.,Municipal
Government office not responding to complaints. please resolve soon.,CM Office (Miscellaneous)
Road full of potholes at bus stop. situation getting worse.,Public Works Department
Bus shelter at Lakeview broken and unsafe.,Transport
Pedestrian crossing signal not working at temple. facing issues since last week.,Transport
Bus route 70 not running on time for several days. request urgent action.,Transport
Public dustbins overflowing and not cleaned. needs immediate attention.,Municipal
Road full of potholes at hospital. situation getting worse.,Public Works Department
Plot disputes not being resolved on time. please resolve soon.,Development Authority
Signal at signal point not functioning properly causing accidents. situation getting worse.,Transport
Bus shelter at Sector 12 broken and unsafe. facing issues since last week.,Transport
Garbage not collected in XYZ Nagar for several days.,Municipal
Violation of building norms at park. kindly look into this.,Development Authority
Corruption complaint ignored by local officer. situation getting worse.,CM Office (Miscellaneous)
Pedestrian crossing signal not working at main road. request urgent action.,Transport
Violation of building norms at temple. situation getting worse.,Development Authority
Violation of building norms at park. needs immediate attention.,Development Authority
Women feel unsafe walking home after 7 PM. request urgent action.,Police
People blocking roads with illegal sheds.,Development Authority
Women feel unsafe walking home after 7 PM. request urgent action.,Police
Accidents happening due to no speed breakers at school. request urgent action.,Transport
Open manhole in bus stop dangerous for kids. needs immediate attention.,Municipal
Police not responding quickly during emergencies. needs immediate attention.,Police
Accidents happening due to no speed breakers at railway station.,Transport
People fighting daily at the main road. please resolve soon.,Police
Unhygienic conditions near market in Downtown. situation getting worse.,Municipal
Need urgent help regarding electricity bill issue. facing issues since last week.,CM Office (Miscellaneous)
Waste dumped on roadside in Central Avenue. please resolve soon.,Municipal
Open manhole in market area dangerous for kids.,Municipal
"Unfair practices in local department reported, please look into it.",CM Office (Miscellaneous)
Fogging not done properly leading to mosquito menace. situation getting worse.,Municipal
Culvert repair pending at New Town. kindly look into this.,Public Works Department
Complaint regarding layout approval delay. needs immediate attention.,Development Authority
Delay in pension disbursement for seniors.,CM Office (Miscellaneous)
Fogging not done properly leading to mosquito menace. needs immediate attention.,Municipal
Citizen grievance unresolved despite repeated attempts. situation getting worse.,CM Office (Miscellaneous)
Stormwater drain collapsed near city mall. needs immediate attention.,Public Works Department
Complaint regarding layout approval delay.,Development Authority
Police not responding quickly during emergencies. facing issues since last week.,Police
Bus shelter at Downtown broken and unsafe. kindly look into this.,Transport
Fogging not done properly leading to mosquito menace. needs immediate attention.,Municipal
Heavy traffic jam at hospital every morning.,Transport
Violation of building norms at railway station. facing issues since last week.,Development Authority
Heavy traffic jam at park every morning. request urgent action.,Transport
"Footpath broken near Sector 12, pedestrians facing issues. facing issues since last week.",Public Works Department
Construction debris dumped near Sector 12. please resolve soon.,Development Authority
New road construction delayed at Downtown. please resolve soon.,Public Works Department
Water leakage near ring road. request urgent action.,Municipal
Corruption complaint ignored by local officer.,CM Office (Miscellaneous)
Building without proper permission in Green Park. needs immediate attention.,Development Authority
Poor road markings making driving difficult. situation getting worse.,Transport
Bus shelter at Central Avenue broken and unsafe. kindly look into this.,Transport
Theft cases increasing in Central Avenue. Please increase patrolling. request urgent action.,Police
Staff behavior rude and unhelpful in office.,CM Office (Miscellaneous)
Waste dumped on roadside in Lakeview.,Municipal
Water leakage near 2nd street. facing issues since last week.,Municipal
Bus shelter at Sector 12 broken and unsafe.,Transport
Road full of potholes at railway station. facing issues since last week.,Public Works Department
Theft cases increasing in Green Park. Please increase patrolling. needs immediate attention.,Police
Plot disputes not being resolved on time. please resolve soon.,Development Authority
Building without proper permission in XYZ Nagar. needs immediate attention.,Development Authority
Women feel unsafe walking home after 7 PM. request urgent action.,Police
Pedestrian crossing signal not working at school. situation getting worse.,Transport
Violation of building norms at main road. facing issues since last week.,Development Authority
Water leakage near ring road. please resolve soon.,Municipal
Broken divider near community hall causing jams. kindly look into this.,Transport
Unhygienic conditions near market in Green Park. needs immediate attention.,Municipal
Theft cases increasing in Lakeview. Please increase patrolling. please resolve soon.,Police
Illegal construction happening on 2nd street. facing issues since last week.,Development Authority
Autos refusing passengers in MG Road. needs immediate attention.,Transport
There is frequent eve teasing near the school. please resolve soon.,Police
Police not responding quickly during emergencies. request urgent action.,Police
Water leakage near ring road. request urgent action.,Municipal
Theft cases increasing in Downtown. Please increase patrolling. situation getting worse.,Police
New road construction delayed at Central Avenue. needs immediate attention.,Public Works Department
Land encroachment by private party near temple. kindly look into this.,Development Authority
Garbage not collected in Green Park for several days. kindly look into this.,Municipal
Water leakage near ring road. please resolve soon.,Municipal
Corruption complaint ignored by local officer. request urgent action.,CM Office (Miscellaneous)
Application not processed even after multiple visits. needs immediate attention.,CM Office (Miscellaneous)
Road full of potholes at main road.,Public Works Department
"Unfair practices in local department reported, please look into it. kindly look into this.",CM Office (Miscellaneous)
Poor road markings making driving difficult. please resolve soon.,Transport
Construction debris dumped near Lakeview. please resolve soon.,Development Authority
Pedestrian crossing signal not working at bus stop. please resolve soon.,Transport
Theft cases increasing in Sector 12. Please increase patrolling. situation getting worse.,Police
Open manhole in hospital dangerous for kids.,Municipal
Online complaint portal not working for days. facing issues since last week.,CM Office (Miscellaneous)
Illegal gambling happening behind junction. needs immediate attention.,Police
Building without proper permission in Downtown. facing issues since last week.,Development Authority
Bus route 28 not running on time for several days. situation getting worse.,Transport
Chain snatching reported near petrol bunk. Please take action. kindly look into this.,Police
Unauthorized shops operating near city mall. situation getting worse.,Development Authority
Water stagnation near park due to poor drainage. request urgent action.,Public Works Department
Poor road markings making driving difficult. request urgent action.,Transport
Drainage overflow causing bad smell near bus stop. please resolve soon.,Municipal
Stray dogs attacking people in Central Avenue. situation getting worse.,Municipal
Loud noise and public nuisance every night around park. facing issues since last week.,Police
Water leakage near 2nd street. needs immediate attention.,Municipal
Violation of building norms at main road.,Development Authority
Online complaint portal not working for days. please resolve soon.,CM Office (Miscellaneous)
Public dustbins overflowing and not cleaned.,Municipal
Bridge under repair for months at city mall. kindly look into this.,Public Works Department
Illegal construction happening on 1st cross. request urgent action.,Development Authority
Garbage not collected in Lakeview for several days. kindly look into this.,Municipal
Robbery incident reported near park.,Police
Open manhole in railway station dangerous for kids. request urgent action.,Municipal
Delay in pension disbursement for seniors. request urgent action.,CM Office (Miscellaneous)
Drainage overflow causing bad smell near temple.,Municipal
Bridge under repair for months at petrol bunk.,Public Works Department
Illegal construction happening on 2nd street. facing issues since last week.,Development Authority
Application not processed even after multiple visits. needs immediate attention.,CM Office (Miscellaneous)
Citizen grievance unresolved despite repeated attempts. please resolve soon.,CM Office (Miscellaneous)
"Unfair practices in local department reported, please look into it. request urgent action.",CM Office (Miscellaneous)
Fogging not done properly leading to mosquito menace. please resolve soon.,Municipal
"Footpath broken near MG Road, pedestrians facing issues. kindly look into this.",Public Works Department
Plot disputes not being resolved on time. request urgent action.,Development Authority
Illegal construction happening on 1st cross. needs immediate attention.,Development Authority
Unhygienic conditions near market in Lakeview. situation getting worse.,Municipal
Building without proper permission in Sector 12. situation getting worse.,Development Authority
Loud noise and public nuisance every night around school. please resolve soon.,Police
Culvert repair pending at Old City. request urgent action.,Public Works Department
Unhygienic conditions near market in Downtown. please resolve soon.,Municipal
Accidents happening due to no speed breakers at park. kindly look into this.,Transport
Staff behavior rude and unhelpful in office. kindly look into this.,CM Office (Miscellaneous)
Plot disputes not being resolved on time. request urgent action.,Development Authority
Bus route 78 not running on time for several days. request urgent action.,Transport
Building without proper permission in ABC Colony. needs immediate attention.,Development Authority
Autos refusing passengers in ABC Colony. situation getting worse.,Transport
Water stagnation near school due to poor drainage. facing issues since last week.,Public Works Department
Delay in pension disbursement for seniors. request urgent action.,CM Office (Miscellaneous)
Chain snatching reported near petrol bunk. Please take action. request urgent action.,Police
Public dustbins overflowing and not cleaned. request urgent action.,Municipal
New road construction delayed at Sector 12. kindly look into this.,Public Works Department
Autos refusing passengers in XYZ Nagar. situation getting worse.,Transport
Stormwater drain collapsed near petrol bunk. needs immediate attention.,Public Works Department
Culvert repair pending at Old City.,Public Works Department
Fogging not done properly leading to mosquito menace. request urgent action.,Municipal
Water stagnation near main road due to poor drainage. facing issues since last week.,Public Works Department
Road full of potholes at railway station.,Public Works Department
Flyover joints damaged and causing vehicle imbalance. request urgent action.,Public Works Department
Need urgent help regarding electricity bill issue. request urgent action.,CM Office (Miscellaneous)
Citizen grievance unresolved despite repeated attempts. needs immediate attention.,CM Office (Miscellaneous)
Flyover construction delay leading to congestion. please resolve soon.,Transport
Online complaint portal not working for days. situation getting worse.,CM Office (Miscellaneous)
Police not responding quickly during emergencies.,Police
Flyover construction delay leading to congestion. situation getting worse.,Transport
Staff behavior rude and unhelpful in office. needs immediate attention.,CM Office (Miscellaneous)
Violation of building norms at hospital. please resolve soon.,Development Authority
Autos refusing passengers in Downtown. request urgent action.,Transport
Unauthorized shops operating near junction. needs immediate attention.,Development Authority
Construction debris dumped near Downtown. request urgent action.,Development Authority
Application not processed even after multiple visits.,CM Office (Miscellaneous)
Water leakage near 1st cross. kindly look into this.,Municipal
Application not processed even after multiple visits. request urgent action.,CM Office (Miscellaneous)
People fighting daily at the main road.,Police
Complaint regarding layout approval delay. situation getting worse.,Development Authority
Pedestrian crossing signal not working at hospital.,Transport
Delay in pension disbursement for seniors. needs immediate attention.,CM Office (Miscellaneous)
Public dustbins overflowing and not cleaned.,Municipal
Illegal gambling happening behind junction. kindly look into this.,Police
Stray dogs attacking people in Lakeview. facing issues since last week.,Municipal
Building without proper permission in Green Park.,Development Authority
Poor road markings making driving difficult. needs immediate attention.,Transport
"Footpath broken near MG Road, pedestrians facing issues.",Public Works Department
Loud noise and public nuisance every night around park. kindly look into this.,Police
Accidents happening due to no speed breakers at market area. needs immediate attention.,Transport
Water stagnation near hospital due to poor drainage. request urgent action.,Public Works Department
Streetlights not working since last week in Sector 12. facing issues since last week.,Municipal
Staff behavior rude and unhelpful in office. situation getting worse.,CM Office (Miscellaneous)
Loud noise and public nuisance every night around park. situation getting worse.,Police
Bridge under repair for months at junction. request urgent action.,Public Works Department
Construction debris dumped near Lakeview. kindly look into this.,Development Authority
Fogging not done properly leading to mosquito menace. facing issues since last week.,Municipal
"Unfair practices in local department reported, please look into it.",CM Office (Miscellaneous)
Complaint regarding layout approval delay. needs immediate attention.,Development Authority
Fogging not done properly leading to mosquito menace. please resolve soon.,Municipal
Stormwater drain collapsed near community hall. kindly look into this.,Public Works Department
Streetlights not working since last week in Lakeview. needs immediate attention.,Municipal
Drainage overflow causing bad smell near hospital. please resolve soon.,Municipal
Poor road markings making driving difficult.,Transport
"Footpath broken near XYZ Nagar, pedestrians facing issues. facing issues since last week.",Public Works Department
Online complaint portal not working for days. please resolve soon.,CM Office (Miscellaneous)
Police not responding quickly during emergencies. situation getting worse.,Police
Bus route 53 not running on time for several days. situation getting worse.,Transport
Broken divider near community hall causing jams. facing issues since last week.,Transport
Plot disputes not being resolved on time. please resolve soon.,Development Authority
Building without proper permission in ABC Colony. facing issues since last week.,Development Authority
Illegal gambling happening behind city mall. facing issues since last week.,Police
Fogging not done properly leading to mosquito menace. please resolve soon.,Municipal
Drunken men creating disturbance in MG Road. facing issues since last week.,Police
Drunken men creating disturbance in XYZ Nagar. request urgent action.,Police
"Street damaged after rain, vehicles skidding. facing issues since last week.",Public Works Department
Illegal construction happening on main bazaar road. request urgent action.,Development Authority
Road full of potholes at school. request urgent action.,Public Works Department
Robbery incident reported near main road. please resolve soon.,Police
Accidents happening due to no speed breakers at bus stop. kindly look into this.,Transport
Application not processed even after multiple visits. kindly look into this.,CM Office (Miscellaneous)
Garbage not collected in Sector 12 for several days. please resolve soon.,Municipal
Garbage not collected in Green Park for several days. request urgent action.,Municipal
Poor road markings making driving difficult. kindly look into this.,Transport
People fighting daily at the bus stop. please resolve soon.,Police
Flyover construction delay leading to congestion. needs immediate attention.,Transport
There is frequent eve teasing near the bus stop. please resolve soon.,Police
"Footpath broken near MG Road, pedestrians facing issues. please resolve soon.",Public Works Department
Water stagnation near railway station due to poor drainage. request urgent action.,Public Works Department
Illegal construction happening on main bazaar road. kindly look into this.,Development Authority
Flyover joints damaged and causing vehicle imbalance. needs immediate attention.,Public Works Department
Signal at city mall not functioning properly causing accidents. facing issues since last week.,Transport
People blocking roads with illegal sheds. situation getting worse.,Development Authority
Complaint regarding layout approval delay. request urgent action.,Development Authority
Police not responding quickly during emergencies. request urgent action.,Police
Flyover joints damaged and causing vehicle imbalance. situation getting worse.,Public Works Department
Open manhole in bus stop dangerous for kids. facing issues since last week.,Municipal
Violation of building norms at park. kindly look into this.,Development Authority
Stray dogs attacking people in MG Road. please resolve soon.,Municipal
Garbage not collected in Central Avenue for several days. facing issues since last week.,Municipal
New road construction delayed at ABC Colony. kindly look into this.,Public Works Department
Complaint regarding layout approval delay. kindly look into this.,Development Authority
Poor road markings making driving difficult. please resolve soon.,Transport
Culvert repair pending at Hill View. request urgent action.,Public Works Department
Illegal construction happening on main bazaar road.,Development Authority
Need urgent help regarding electricity bill issue. kindly look into this.,CM Office (Miscellaneous)
Building without proper permission in Green Park. please resolve soon.,Development Authority
Chain snatching reported near junction. Please take action. request urgent action.,Police
Poor road markings making driving difficult. situation getting worse.,Transport
Encroachment on public land at school. please resolve soon.,Development Authority
Accidents happening due to no speed breakers at hospital. needs immediate attention.,Transport
Application not processed even after multiple visits.,CM Office (Miscellaneous)
Loud noise and public nuisance every night around school. please resolve soon.,Police
Drunken men creating disturbance in ABC Colony. facing issues since last week.,Police
Signal at city mall not functioning properly causing accidents. situation getting worse.,Transport
People blocking roads with illegal sheds.,Development Authority
No proper communication from officials on issue raised. needs immediate attention.,CM Office (Miscellaneous)
Stormwater drain collapsed near petrol bunk. situation getting worse.,Public Works Department
Staff behavior rude and unhelpful in office. needs immediate attention.,CM Office (Miscellaneous)
Public dustbins overflowing and not cleaned. facing issues since last week.,Municipal
Police not responding quickly during emergencies. facing issues since last week.,Police
Drunken men creating disturbance in Sector 12. kindly look into this.,Police
Stormwater drain collapsed near signal point. situation getting worse.,Public Works Department
Delay in pension disbursement for seniors. needs immediate attention.,CM Office (Miscellaneous)
"Footpath broken near XYZ Nagar, pedestrians facing issues. facing issues since last week.",Public Works Department
Flyover joints damaged and causing vehicle imbalance. kindly look into this.,Public Works Department
Drainage overflow causing bad smell near school.,Municipal
Open manhole in school dangerous for kids. request urgent action.,Municipal
Government office not responding to complaints. situation getting worse.,CM Office (Miscellaneous)
Unauthorized shops operating near bus depot. please resolve soon.,Development Authority
Police not responding quickly during emergencies. please resolve soon.,Police
Drainage overflow causing bad smell near bus stop. situation getting worse.,Municipal
Robbery incident reported near market area. facing issues since last week.,Police
Police not responding quickly during emergencies. needs immediate attention.,Police
Public dustbins overflowing and not cleaned. please resolve soon.,Municipal
"Footpath broken near Sector 12, pedestrians facing issues. request urgent action.",Public Works Department
"Unfair practices in local department reported, please look into it. request urgent action.",CM Office (Miscellaneous)
Theft cases increasing in Lakeview. Please increase patrolling. please resolve soon.,Police
Poor road markings making driving difficult. kindly look into this.,Transport
Drunken men creating disturbance in XYZ Nagar. situation getting worse.,Police
Police not responding quickly during emergencies. facing issues since last week.,Police
"Footpath broken near Sector 12, pedestrians facing issues. please resolve soon.",Public Works Department
Flyover construction delay leading to congestion. request urgent action.,Transport
Women feel unsafe walking home after 7 PM. situation getting worse.,Police
Bridge under repair for months at bus depot. facing issues since last week.,Public Works Department
Corruption complaint ignored by local officer. needs immediate attention.,CM Office (Miscellaneous)
Heavy traffic jam at park every morning. situation getting worse.,Transport
There is frequent eve teasing near the hospital. request urgent action.,Police
Drunken men creating disturbance in Green Park. request urgent action.,Police
People blocking roads with illegal sheds. please resolve soon.,Development Authority
Accidents happening due to no speed breakers at hospital. kindly look into this.,Transport
Bridge under repair for months at junction. facing issues since last week.,Public Works Department
Flyover joints damaged and causing vehicle imbalance. request urgent action.,Public Works Department
Encroachment on public land at bus stop. please resolve soon.,Development Authority
Heavy traffic jam at school every morning. please resolve soon.,Transport
Flyover construction delay leading to congestion.,Transport
Illegal construction happening on main bazaar road. please resolve soon.,Development Authority
Open manhole in bus stop dangerous for kids. kindly look into this.,Municipal
Application not processed even after multiple visits. situation getting worse.,CM Office (Miscellaneous)
Waste dumped on roadside in Green Park.,Municipal
Bus route 34 not running on time for several days. kindly look into this.,Transport
Application not processed even after multiple visits. facing issues since last week.,CM Office (Miscellaneous)
Need urgent help regarding electricity bill issue. facing issues since last week.,CM Office (Miscellaneous)
Chain snatching reported near signal point. Please take action.,Police
Construction debris dumped near ABC Colony. situation getting worse.,Development Authority
Garbage not collected in Sector 12 for several days. request urgent action.,Municipal
Corruption complaint ignored by local officer. needs immediate attention.,CM Office (Miscellaneous)
Plot disputes not being resolved on time. kindly look into this.,Development Authority
Complaint regarding layout approval delay. kindly look into this.,Development Authority
Fogging not done properly leading to mosquito menace. request urgent action.,Municipal
Unauthorized shops operating near junction. situation getting worse.,Development Authority
There is frequent eve teasing near the temple. needs immediate attention.,Police
Building without proper permission in XYZ Nagar. situation getting worse.,Development Authority
Land encroachment by private party near main road. kindly look into this.,Development Authority
Fogging not done properly leading to mosquito menace. please resolve soon.,Municipal
Violation of building norms at temple. kindly look into this.,Development Authority
Unauthorized shops operating near community hall. please resolve soon.,Development Authority
Unauthorized shops operating near petrol bunk. request urgent action.,Development Authority
Stormwater drain collapsed near city mall. request urgent action.,Public Works Department
Bus route 75 not running on time for several days. request urgent action.,Transport
Need urgent help regarding electricity bill issue. kindly look into this.,CM Office (Miscellaneous)
Bridge under repair for months at city mall. needs immediate attention.,Public Works Department
Road full of potholes at temple. facing issues since last week.,Public Works Department
Bus route 89 not running on time for several days. facing issues since last week.,Transport
Plot disputes not being resolved on time.,Development Authority
"Footpath broken near Downtown, pedestrians facing issues. facing issues since last week.",Public Works Department
Garbage not collected in Central Avenue for several days. situation getting worse.,Municipal
Violation of building norms at bus stop. facing issues since last week.,Development Authority
Road full of potholes at park. please resolve soon.,Public Works Department
Unauthorized shops operating near petrol bunk. please resolve soon.,Development Authority
Loud noise and public nuisance every night around bus stop. needs immediate attention.,Police
Bridge under repair for months at signal point. situation getting worse.,Public Works Department
People blocking roads with illegal sheds. request urgent action.,Development Authority
There is frequent eve teasing near the market area.,Police
Illegal gambling happening behind bus depot. situation getting worse.,Police
Open manhole in park dangerous for kids.,Municipal
"Street damaged after rain, vehicles skidding. needs immediate attention.",Public Works Department
Land encroachment by private party near main road. kindly look into this.,Development Authority
There is frequent eve teasing near the market area.,Police
Poor road markings making driving difficult.,Transport
Bridge under repair for months at city mall. situation getting worse.,Public Works Department
Drunken men creating disturbance in Green Park. needs immediate attention.,Police
"Footpath broken near Central Avenue, pedestrians facing issues. facing issues since last week.",Public Works Department
Online complaint portal not working for days. situation getting worse.,CM Office (Miscellaneous)
Bridge under repair for months at bus depot. please resolve soon.,Public Works Department
Loud noise and public nuisance every night around bus stop. situation getting worse.,Police
Construction debris dumped near Downtown. please resolve soon.,Development Authority
Uneven road surface leading to traffic problems. request urgent action.,Public Works Department
Bridge under repair for months at community hall. request urgent action.,Public Works Department
Public dustbins overflowing and not cleaned. needs immediate attention.,Municipal
Citizen grievance unresolved despite repeated attempts. request urgent action.,CM Office (Miscellaneous)
Application not processed even after multiple visits. situation getting worse.,CM Office (Miscellaneous)
Staff behavior rude and unhelpful in office. needs immediate attention.,CM Office (Miscellaneous)
Construction debris dumped near XYZ Nagar.,Development Authority
Pedestrian crossing signal not working at bus stop. kindly look into this.,Transport
Women feel unsafe walking home after 7 PM. request urgent action.,Police
Water leakage near 1st cross. request urgent action.,Municipal
Drainage overflow causing bad smell near main road. please resolve soon.,Municipal
Uneven road surface leading to traffic problems. please resolve soon.,Public Works Department
Staff behavior rude and unhelpful in office. request urgent action.,CM Office (Miscellaneous)
No proper communication from officials on issue raised. kindly look into this.,CM Office (Miscellaneous)
Pedestrian crossing signal not working at school. please resolve soon.,Transport
Signal at petrol bunk not functioning properly causing accidents.,Transport
Building without proper permission in Sector 12. situation getting worse.,Development Authority
Flyover construction delay leading to congestion.,Transport
People blocking roads with illegal sheds. facing issues since last week.,Development Authority
Unhygienic conditions near market in ABC Colony. situation getting worse.,Municipal
Pedestrian crossing signal not working at school. situation getting worse.,Transport
Bridge under repair for months at community hall. please resolve soon.,Public Works Department
Broken divider near petrol bunk causing jams. facing issues since last week.,Transport
Poor road markings making driving difficult. please resolve soon.,Transport
Streetlights not working since last week in XYZ Nagar. situation getting worse.,Municipal
Robbery incident reported near park. facing issues since last week.,Police
No proper communication from officials on issue raised. request urgent action.,CM Office (Miscellaneous)
Unhygienic conditions near market in Downtown. kindly look into this.,Municipal
Building without proper permission in Sector 12. kindly look into this.,Development Authority
Plot disputes not being resolved on time. facing issues since last week.,Development Authority
Drainage overflow causing bad smell near railway station. situation getting worse.,Municipal
Theft cases increasing in Central Avenue. Please increase patrolling.,Police
Citizen grievance unresolved despite repeated attempts. kindly look into this.,CM Office (Miscellaneous)
Fogging not done properly leading to mosquito menace. request urgent action.,Municipal
No proper communication from officials on issue raised. kindly look into this.,CM Office (Miscellaneous)
People blocking roads with illegal sheds. situation getting worse.,Development Authority
Culvert repair pending at New Town. please resolve soon.,Public Works Department
Poor road markings making driving difficult. situation getting worse.,Transport
People blocking roads with illegal sheds. request urgent action.,Development Authority
Signal at signal point not functioning properly causing accidents. please resolve soon.,Transport
Chain snatching reported near community hall. Please take action. please resolve soon.,Police
People fighting daily at the railway station. please resolve soon.,Police
Poor road markings making driving difficult. please resolve soon.,Transport
People blocking roads with illegal sheds. please resolve soon.,Development Authority
Road full of potholes at school. kindly look into this.,Public Works Department
Broken divider near city mall causing jams. facing issues since last week.,Transport
Need urgent help regarding electricity bill issue. situation getting worse.,CM Office (Miscellaneous)
Stray dogs attacking people in ABC Colony. please resolve soon.,Municipal
Violation of building norms at school. facing issues since last week.,Development Authority
Illegal gambling happening behind junction. kindly look into this.,Police
Culvert repair pending at Airport Road. please resolve soon.,Public Works Department
Public dustbins overflowing and not cleaned. needs immediate attention.,Municipal
Autos refusing passengers in Sector 12. kindly look into this.,Transport
Drainage overflow causing bad smell near main road. please resolve soon.,Municipal
Robbery incident reported near main road. please resolve soon.,Police
Water leakage near 2nd street. needs immediate attention.,Municipal
"Street damaged after rain, vehicles skidding. please resolve soon.",Public Works Department
"Unfair practices in local department reported, please look into it. situation getting worse.",CM Office (Miscellaneous)
Government office not responding to complaints. needs immediate attention.,CM Office (Miscellaneous)
Heavy traffic jam at school every morning. request urgent action.,Transport
Theft cases increasing in Lakeview. Please increase patrolling. request urgent action.,Police
Need urgent help regarding electricity bill issue.,CM Office (Miscellaneous)
Bus route 92 not running on time for several days. facing issues since last week.,Transport
Government office not responding to complaints. request urgent action.,CM Office (Miscellaneous)
Stormwater drain collapsed near petrol bunk. request urgent action.,Public Works Department
Open manhole in park dangerous for kids. please resolve soon.,Municipal
"Unfair practices in local department reported, please look into it. request urgent action.",CM Office (Miscellaneous)
Plot disputes not being resolved on time. needs immediate attention.,Development Authority
Loud noise and public nuisance every night around market area.,Police
"Footpath broken near Central Avenue, pedestrians facing issues. needs immediate attention.",Public Works Department
Culvert repair pending at New Town. kindly look into this.,Public Works Department
Accidents happening due to no speed breakers at bus stop. situation getting worse.,Transport
New road construction delayed at Lakeview. kindly look into this.,Public Works Department
Citizen grievance unresolved despite repeated attempts. request urgent action.,CM Office (Miscellaneous)
Theft cases increasing in Downtown. Please increase patrolling. please resolve soon.,Police
Bus shelter at Lakeview broken and unsafe. facing issues since last week.,Transport
Unauthorized shops operating near city mall. facing issues since last week.,Development Authority
Water leakage near 1st cross. needs immediate attention.,Municipal
People blocking roads with illegal sheds. request urgent action.,Development Authority
Stray dogs attacking people in Green Park. needs immediate attention.,Municipal
"Street damaged after rain, vehicles skidding. request urgent action.",Public Works Department
Flyover construction delay leading to congestion.,Transport
Land encroachment by private party near main road. request urgent action.,Development Authority
Citizen grievance unresolved despite repeated attempts. facing issues since last week.,CM Office (Miscellaneous)
Drainage overflow causing bad smell near bus stop. needs immediate attention.,Municipal
Citizen grievance unresolved despite repeated attempts. kindly look into this.,CM Office (Miscellaneous)
Bridge under repair for months at city mall.,Public Works Department
Staff behavior rude and unhelpful in office. please resolve soon.,CM Office (Miscellaneous)
Uneven road surface leading to traffic problems. needs immediate attention.,Public Works Department
Bus shelter at ABC Colony broken and unsafe. please resolve soon.,Transport
Road full of potholes at school. kindly look into this.,Public Works Department
Garbage not collected in Lakeview for several days. kindly look into this.,Municipal
Fogging not done properly leading to mosquito menace. needs immediate attention.,Municipal
Government office not responding to complaints. situation getting worse.,CM Office (Miscellaneous)
Bus route 68 not running on time for several days. needs immediate attention.,Transport
Water leakage near ring road. facing issues since last week.,Municipal
Illegal construction happening on ring road. kindly look into this.,Development Authority
Application not processed even after multiple visits. facing issues since last week.,CM Office (Miscellaneous)
"Unfair practices in local department reported, please look into it. situation getting worse.",CM Office (Miscellaneous)
"Unfair practices in local department reported, please look into it. needs immediate attention.",CM Office (Miscellaneous)
Construction debris dumped near Lakeview. kindly look into this.,Development Authority
Accidents happening due to no speed breakers at bus stop. request urgent action.,Transport
Broken divider near city mall causing jams. kindly look into this.,Transport
Chain snatching reported near community hall. Please take action. request urgent action.,Police
"Street damaged after rain, vehicles skidding. request urgent action.",Public Works Department
Signal at city mall not functioning properly causing accidents. situation getting worse.,Transport
"Unfair practices in local department reported, please look into it. kindly look into this.",CM Office (Miscellaneous)
Encroachment on public land at temple. facing issues since last week.,Development Authority
Robbery incident reported near hospital. facing issues since last week.,Police
Plot disputes not being resolved on time. needs immediate attention.,Development Authority
Water leakage near ring road. kindly look into this.,Municipal
Application not processed even after multiple visits. kindly look into this.,CM Office (Miscellaneous)
Flyover joints damaged and causing vehicle imbalance. needs immediate attention.,Public Works Department
Bus route 54 not running on time for several days. please resolve soon.,Transport
Water leakage near 2nd street. needs immediate attention.,Municipal
Loud noise and public nuisance every night around temple. please resolve soon.,Police
People fighting daily at the bus stop. request urgent action.,Police
People blocking roads with illegal sheds. please resolve soon.,Development Authority
Fogging not done properly leading to mosquito menace. request urgent action.,Municipal
Stormwater drain collapsed near petrol bunk. situation getting worse.,Public Works Department
Heavy traffic jam at hospital every morning. please resolve soon.,Transport
"Unfair practices in local department reported, please look into it. kindly look into this.",CM Office (Miscellaneous)
Illegal construction happening on ring road. kindly look into this.,Development Authority
Delay in pension disbursement for seniors. please resolve soon.,CM Office (Miscellaneous)
Construction debris dumped near Downtown. situation getting worse.,Development Authority
Unhygienic conditions near market in Lakeview. situation getting worse.,Municipal
Online complaint portal not working for days. needs immediate attention.,CM Office (Miscellaneous)
Drainage overflow causing bad smell near school. please resolve soon.,Municipal
Illegal gambling happening behind city mall. facing issues since last week.,Police
Government office not responding to complaints. kindly look into this.,CM Office (Miscellaneous)
Building without proper permission in XYZ Nagar. situation getting worse.,Development Authority
Unhygienic conditions near market in XYZ Nagar. needs immediate attention.,Municipal
Bus shelter at Sector 12 broken and unsafe.,Transport
Water leakage near 2nd street. request urgent action.,Municipal
People fighting daily at the main road. request urgent action.,Police
Signal at junction not functioning properly causing accidents. needs immediate attention.,Transport
Need urgent help regarding electricity bill issue. situation getting worse.,CM Office (Miscellaneous)
Bus shelter at Central Avenue broken and unsafe. situation getting worse.,Transport
Heavy traffic jam at temple every morning. needs immediate attention.,Transport
Stray dogs attacking people in Sector 12. request urgent action.,Municipal
Theft cases increasing in Downtown. Please increase patrolling. request urgent action.,Police
Corruption complaint ignored by local officer. needs immediate attention.,CM Office (Miscellaneous)
There is frequent eve teasing near the market area. request urgent action.,Police
Flyover construction delay leading to congestion. please resolve soon.,Transport
Public dustbins overflowing and not cleaned.,Municipal
There is frequent eve teasing near the bus stop. situation getting worse.,Police
Uneven road surface leading to traffic problems. facing issues since last week.,Public Works Department
Culvert repair pending at Hill View. needs immediate attention.,Public Works Department
Broken divider near bus depot causing jams. facing issues since last week.,Transport
Encroachment on public land at railway station. facing issues since last week.,Development Authority
Waste dumped on roadside in Lakeview. needs immediate attention.,Municipal
Robbery incident reported near temple. kindly look into this.,Police
Heavy traffic jam at park every morning. kindly look into this.,Transport
Plot disputes not being resolved on time. kindly look into this.,Development Authority
Uneven road surface leading to traffic problems. situation getting worse.,Public Works Department
Drainage overflow causing bad smell near temple. request urgent action.,Municipal
Broken divider near bus depot causing jams. please resolve soon.,Transport
Unhygienic conditions near market in XYZ Nagar. request urgent action.,Municipal
Bridge under repair for months at bus depot. request urgent action.,Public Works Department
There is frequent eve teasing near the temple. request urgent action.,Police
Flyover construction delay leading to congestion. please resolve soon.,Transport
Delay in pension disbursement for seniors. situation getting worse.,CM Office (Miscellaneous)
Loud noise and public nuisance every night around hospital. needs immediate attention.,Police
Garbage not collected in ABC Colony for several days. facing issues since last week.,Municipal
Construction debris dumped near Sector 12. needs immediate attention.,Development Authority
No proper communication from officials on issue raised. needs immediate attention.,CM Office (Miscellaneous)
Heavy traffic jam at hospital every morning. request urgent action.,Transport
Online complaint portal not working for days.,CM Office (Miscellaneous)
Pedestrian crossing signal not working at bus stop. needs immediate attention.,Transport
Flyover joints damaged and causing vehicle imbalance. needs immediate attention.,Public Works Department
Loud noise and public nuisance every night around market area.,Police
Corruption complaint ignored by local officer. please resolve soon.,CM Office (Miscellaneous)
Water stagnation near school due to poor drainage. needs immediate attention.,Public Works Department
Unauthorized shops operating near petrol bunk. kindly look into this.,Development Authority
Garbage not collected in Downtown for several days. please resolve soon.,Municipal
Theft cases increasing in Central Avenue. Please increase patrolling. please resolve soon.,Police
Loud noise and public nuisance every night around market area. request urgent action.,Police
New road construction delayed at ABC Colony. request urgent action.,Public Works Department
Construction debris dumped near Lakeview. facing issues since last week.,Development Authority
Loud noise and public nuisance every night around bus stop. please resolve soon.,Police
Water stagnation near main road due to poor drainage. facing issues since last week.,Public Works Department
Need urgent help regarding electricity bill issue. kindly look into this.,CM Office (Miscellaneous)
Drunken men creating disturbance in Sector 12. situation getting worse.,Police
Fogging not done properly leading to mosquito menace. please resolve soon.,Municipal
Building without proper permission in Sector 12. situation getting worse.,Development Authority
Fogging not done properly leading to mosquito menace. needs immediate attention.,Municipal
Drainage overflow causing bad smell near main road. kindly look into this.,Municipal
Poor road markings making driving difficult. needs immediate attention.,Transport
Encroachment on public land at railway station. situation getting worse.,Development Authority
Delay in pension disbursement for seniors. needs immediate attention.,CM Office (Miscellaneous)
Bus route 32 not running on time for several days. kindly look into this.,Transport
Heavy traffic jam at bus stop every morning. please resolve soon.,Transport
Application not processed even after multiple visits. request urgent action.,CM Office (Miscellaneous)
Robbery incident reported near temple. situation getting worse.,Police
Women feel unsafe walking home after 7 PM. kindly look into this.,Police
Land encroachment by private party near hospital. please resolve soon.,Development Authority
Water stagnation near main road due to poor drainage.,Public Works Department
Application not processed even after multiple visits. situation getting worse.,CM Office (Miscellaneous)
There is frequent eve teasing near the market area. needs immediate attention.,Police
Garbage not collected in Sector 12 for several days. needs immediate attention.,Municipal
Encroachment on public land at hospital. please resolve soon.,Development Authority
Water leakage near 2nd street.,Municipal
Complaint regarding layout approval delay. please resolve soon.,Development Authority
Water stagnation near hospital due to poor drainage. needs immediate attention.,Public Works Department
Drainage overflow causing bad smell near park. request urgent action.,Municipal
Flyover joints damaged and causing vehicle imbalance. please resolve soon.,Public Works Department
Application not processed even after multiple visits. please resolve soon.,CM Office (Miscellaneous)
Chain snatching reported near community hall. Please take action. needs immediate attention.,Police
Flyover construction delay leading to congestion.,Transport
Streetlights not working since last week in Sector 12. kindly look into this.,Municipal
People fighting daily at the main road. facing issues since last week.,Police
New road construction delayed at ABC Colony. kindly look into this.,Public Works Department
Staff behavior rude and unhelpful in office. facing issues since last week.,CM Office (Miscellaneous)
Bus shelter at Central Avenue broken and unsafe. please resolve soon.,Transport
Plot disputes not being resolved on time. please resolve soon.,Development Authority
Building without proper permission in ABC Colony.,Development Authority
Accidents happening due to no speed breakers at park. request urgent action.,Transport
Streetlights not working since last week in ABC Colony.,Municipal
No proper communication from officials on issue raised. please resolve soon.,CM Office (Miscellaneous)
Garbage not collected in Green Park for several days. please resolve soon.,Municipal
Stormwater drain collapsed near community hall. request urgent action.,Public Works Department
Government office not responding to complaints. please resolve soon.,CM Office (Miscellaneous)
Autos refusing passengers in Central Avenue. kindly look into this.,Transport
"Unfair practices in local department reported, please look into it.",CM Office (Miscellaneous)
Bridge under repair for months at signal point. please resolve soon.,Public Works Department
Poor road markings making driving difficult. situation getting worse.,Transport
Streetlights not working since last week in Green Park. request urgent action.,Municipal
Stormwater drain collapsed near junction. kindly look into this.,Public Works Department
Plot disputes not being resolved on time. kindly look into this.,Development Authority
Signal at signal point not functioning properly causing accidents. please resolve soon.,Transport
Broken divider near signal point causing jams. kindly look into this.,Transport
Fogging not done properly leading to mosquito menace. facing issues since last week.,Municipal
Need urgent help regarding electricity bill issue.,CM Office (Miscellaneous)
Pedestrian crossing signal not working at temple. request urgent action.,Transport
Garbage not collected in Sector 12 for several days. request urgent action.,Municipal
Poor road markings making driving difficult. please resolve soon.,Transport
Water stagnation near hospital due to poor drainage. kindly look into this.,Public Works Department
Chain snatching reported near petrol bunk. Please take action. facing issues since last week.,Police
Illegal gambling happening behind city mall. kindly look into this.,Police
Bus shelter at Downtown broken and unsafe. please resolve soon.,Transport
Public dustbins overflowing and not cleaned. request urgent action.,Municipal
Poor road markings making driving difficult. situation getting worse.,Transport
People fighting daily at the temple. kindly look into this.,Police
Construction debris dumped near MG Road. situation getting worse.,Development Authority
Unhygienic conditions near market in Downtown. facing issues since last week.,Municipal
Women feel unsafe walking home after 7 PM.,Police
"Footpath broken near Downtown, pedestrians facing issues. kindly look into this.",Public Works Department
Road full of potholes at market area. kindly look into this.,Public Works Department
"Unfair practices in local department reported, please look into it. needs immediate attention.",CM Office (Miscellaneous)
There is frequent eve teasing near the bus stop. request urgent action.,Police
Complaint regarding layout approval delay. situation getting worse.,Development Authority
Accidents happening due to no speed breakers at market area. needs immediate attention.,Transport
Police not responding quickly during emergencies. request urgent action.,Police
Bridge under repair for months at petrol bunk.,Public Works Department
"Unfair practices in local department reported, please look into it. needs immediate attention.",CM Office (Miscellaneous)
"Unfair practices in local department reported, please look into it. kindly look into this.",CM Office (Miscellaneous)
Open manhole in railway station dangerous for kids. kindly look into this.,Municipal
"Street damaged after rain, vehicles skidding. request urgent action.",Public Works Department
Streetlights not working since last week in Downtown. request urgent action.,Municipal
Construction debris dumped near ABC Colony. facing issues since last week.,Development Authority
Unhygienic conditions near market in Green Park. please resolve soon.,Municipal
Illegal gambling happening behind bus depot. facing issues since last week.,Police
"Footpath broken near Lakeview, pedestrians facing issues. situation getting worse.",Public Works Department
Drunken men creating disturbance in Green Park. situation getting worse.,Police
Building without proper permission in Central Avenue. request urgent action.,Development Authority
"Footpath broken near XYZ Nagar, pedestrians facing issues. facing issues since last week.",Public Works Department
Unhygienic conditions near market in MG Road. needs immediate attention.,Municipal
Garbage not collected in XYZ Nagar for several days. request urgent action.,Municipal
Culvert repair pending at Old City. please resolve soon.,Public Works Department
Citizen grievance unresolved despite repeated attempts. request urgent action.,CM Office (Miscellaneous)
Bridge under repair for months at junction.,Public Works Department
Autos refusing passengers in XYZ Nagar. needs immediate attention.,Transport
Drunken men creating disturbance in XYZ Nagar. please resolve soon.,Police
Need urgent help regarding electricity bill issue. facing issues since last week.,CM Office (Miscellaneous)
Open manhole in temple dangerous for kids.,Municipal
Garbage not collected in Green Park for several days. facing issues since last week.,Municipal
Streetlights not working since last week in Central Avenue. situation getting worse.,Municipal
Open manhole in main road dangerous for kids. request urgent action.,Municipal
Pedestrian crossing signal not working at park.,Transport
Building without proper permission in MG Road. please resolve soon.,Development Authority
Staff behavior rude and unhelpful in office.,CM Office (Miscellaneous)
Unhygienic conditions near market in Central Avenue. situation getting worse.,Municipal
Delay in pension disbursement for seniors. needs immediate attention.,CM Office (Miscellaneous)
Land encroachment by private party near railway station. needs immediate attention.,Development Authority
Online complaint portal not working for days. request urgent action.,CM Office (Miscellaneous)
Need urgent help regarding electricity bill issue.,CM Office (Miscellaneous)
Accidents happening due to no speed breakers at temple. situation getting worse.,Transport
Women feel unsafe walking home after 7 PM. kindly look into this.,Police
Open manhole in hospital dangerous for kids. facing issues since last week.,Municipal
Plot disputes not being resolved on time. kindly look into this.,Development Authority
Unhygienic conditions near market in Lakeview. kindly look into this.,Municipal
Delay in pension disbursement for seniors. needs immediate attention.,CM Office (Miscellaneous)
Pedestrian crossing signal not working at railway station. facing issues since last week.,Transport
Need urgent help regarding electricity bill issue. situation getting worse.,CM Office (Miscellaneous)
No proper communication from officials on issue raised. situation getting worse.,CM Office (Miscellaneous)
Need urgent help regarding electricity bill issue. request urgent action.,CM Office (Miscellaneous)
Heavy traffic jam at bus stop every morning. needs immediate attention.,Transport
Waste dumped on roadside in Green Park. facing issues since last week.,Municipal
Application not processed even after multiple visits. needs immediate attention.,CM Office (Miscellaneous)
Signal at signal point not functioning properly causing accidents. needs immediate attention.,Transport
Bridge under repair for months at bus depot. request urgent action.,Public Works Department
"Unfair practices in local department reported, please look into it. situation getting worse.",CM Office (Miscellaneous)
Drainage overflow causing bad smell near school. needs immediate attention.,Municipal
Application not processed even after multiple visits. request urgent action.,CM Office (Miscellaneous)
Poor road markings making driving difficult. kindly look into this.,Transport
Stormwater drain collapsed near bus depot. situation getting worse.,Public Works Department
Signal at bus depot not functioning properly causing accidents. request urgent action.,Transport
People fighting daily at the temple. request urgent action.,Police
Citizen grievance unresolved despite repeated attempts. facing issues since last week.,CM Office (Miscellaneous)
Broken divider near junction causing jams. situation getting worse.,Transport
Complaint regarding layout approval delay. facing issues since last week.,Development Authority
Delay in pension disbursement for seniors. facing issues since last week.,CM Office (Miscellaneous)
"Street damaged after rain, vehicles skidding. please resolve soon.",Public Works Department
Fogging not done properly leading to mosquito menace. facing issues since last week.,Municipal
New road construction delayed at MG Road. request urgent action.,Public Works Department
Broken divider near bus depot causing jams. facing issues since last week.,Transport
Chain snatching reported near city mall. Please take action. kindly look into this.,Police
Encroachment on public land at main road.,Development Authority
Streetlights not working since last week in Central Avenue. request urgent action.,Municipal
Heavy traffic jam at hospital every morning. request urgent action.,Transport
Bus route 62 not running on time for several days. please resolve soon.,Transport
Poor road markings making driving difficult. request urgent action.,Transport
Autos refusing passengers in MG Road. facing issues since last week.,Transport
People fighting daily at the railway station. needs immediate attention.,Police
Bus shelter at Downtown broken and unsafe. kindly look into this.,Transport
Broken divider near community hall causing jams. please resolve soon.,Transport
Corruption complaint ignored by local officer.,CM Office (Miscellaneous)
"Unfair practices in local department reported, please look into it. facing issues since last week.",CM Office (Miscellaneous)
Unhygienic conditions near market in Green Park. situation getting worse.,Municipal
Building without proper permission in Green Park. situation getting worse.,Development Authority
Chain snatching reported near petrol bunk. Please take action. situation getting worse.,Police
Flyover joints damaged and causing vehicle imbalance. situation getting worse.,Public Works Department
Open manhole in bus stop dangerous for kids. facing issues since last week.,Municipal
Uneven road surface leading to traffic problems. situation getting worse.,Public Works Department
Need urgent help regarding electricity bill issue. please resolve soon.,CM Office (Miscellaneous)
Flyover construction delay leading to congestion. needs immediate attention.,Transport
Culvert repair pending at Hill View. kindly look into this.,Public Works Department
"Footpath broken near Green Park, pedestrians facing issues.",Public Works Department
Water stagnation near main road due to poor drainage. facing issues since last week.,Public Works Department
Accidents happening due to no speed breakers at school. kindly look into this.,Transport
Bus shelter at XYZ Nagar broken and unsafe. request urgent action.,Transport
Theft cases increasing in Downtown. Please increase patrolling. kindly look into this.,Police
Application not processed even after multiple visits. please resolve soon.,CM Office (Miscellaneous)
Stray dogs attacking people in ABC Colony. kindly look into this.,Municipal
Drainage overflow causing bad smell near school. needs immediate attention.,Municipal
Staff behavior rude and unhelpful in office. facing issues since last week.,CM Office (Miscellaneous)
Unhygienic conditions near market in ABC Colony. request urgent action.,Municipal
Delay in pension disbursement for seniors. request urgent action.,CM Office (Miscellaneous)
Construction debris dumped near XYZ Nagar. kindly look into this.,Development Authority
Complaint regarding layout approval delay. kindly look into this.,Development Authority
Chain snatching reported near junction. Please take action. situation getting worse.,Police
Corruption complaint ignored by local officer. needs immediate attention.,CM Office (Miscellaneous)
Fogging not done properly leading to mosquito menace. needs immediate attention.,Municipal
Uneven road surface leading to traffic problems.,Public Works Department
Need urgent help regarding electricity bill issue. please resolve soon.,CM Office (Miscellaneous)
Bus route 87 not running on time for several days. facing issues since last week.,Transport
Unhygienic conditions near market in Downtown. request urgent action.,Municipal
Drunken men creating disturbance in XYZ Nagar. please resolve soon.,Police
Flyover construction delay leading to congestion. situation getting worse.,Transport
Culvert repair pending at Old City. please resolve soon.,Public Works Department
People blocking roads with illegal sheds.,Development Authority
Garbage not collected in Sector 12 for several days. facing issues since last week.,Municipal
Bridge under repair for months at signal point. request urgent action.,Public Works Department
Bus shelter at MG Road broken and unsafe. kindly look into this.,Transport
Delay in pension disbursement for seniors. request urgent action.,CM Office (Miscellaneous)
Fogging not done properly leading to mosquito menace. needs immediate attention.,Municipal
Theft cases increasing in ABC Colony. Please increase patrolling. facing issues since last week.,Police
Drainage overflow causing bad smell near hospital.,Municipal
Flyover construction delay leading to congestion.,Transport
Accidents happening due to no speed breakers at hospital. please resolve soon.,Transport
Public dustbins overflowing and not cleaned. kindly look into this.,Municipal
Plot disputes not being resolved on time. kindly look into this.,Development Authority
Garbage not collected in Green Park for several days. facing issues since last week.,Municipal
Land encroachment by private party near park. kindly look into this.,Development Authority
No proper communication from officials on issue raised. kindly look into this.,CM Office (Miscellaneous)
Flyover joints damaged and causing vehicle imbalance. kindly look into this.,Public Works Department
Citizen grievance unresolved despite repeated attempts. kindly look into this.,CM Office (Miscellaneous)
Road full of potholes at school. please resolve soon.,Public Works Department
Illegal construction happening on ring road.,Development Authority
Bus shelter at ABC Colony broken and unsafe.,Transport
Stray dogs attacking people in Central Avenue.,Municipal
Robbery incident reported near park. request urgent action.,Police
Stray dogs attacking people in MG Road. please resolve soon.,Municipal
New road construction delayed at Lakeview. kindly look into this.,Public Works Department
Delay in pension disbursement for seniors. facing issues since last week.,CM Office (Miscellaneous)
New road construction delayed at Sector 12. kindly look into this.,Public Works Department
Robbery incident reported near park. kindly look into this.,Police
Stray dogs attacking people in Downtown. kindly look into this.,Municipal
Autos refusing passengers in Downtown. kindly look into this.,Transport
Building without proper permission in Sector 12. facing issues since last week.,Development Authority
Water leakage near ring road. kindly look into this.,Municipal
Water leakage near main bazaar road. please resolve soon.,Municipal
Poor road markings making driving difficult. kindly look into this.,Transport
Robbery incident reported near market area. needs immediate attention.,Police
Water leakage near 2nd street.,Municipal
Signal at bus depot not functioning properly causing accidents. request urgent action.,Transport
Corruption complaint ignored by local officer. situation getting worse.,CM Office (Miscellaneous)
Bridge under repair for months at city mall. please resolve soon.,Public Works Department
Government office not responding to complaints.,CM Office (Miscellaneous)
People blocking roads with illegal sheds. request urgent action.,Development Authority
Streetlights not working since last week in ABC Colony.,Municipal
Theft cases increasing in Green Park. Please increase patrolling. kindly look into this.,Police
Signal at bus depot not functioning properly causing accidents. kindly look into this.,Transport
People fighting daily at the main road.,Police
Unauthorized shops operating near junction. request urgent action.,Development Authority
Application not processed even after multiple visits. facing issues since last week.,CM Office (Miscellaneous)
Illegal gambling happening behind signal point. please resolve soon.,Police
Women feel unsafe walking home after 7 PM.,Police
Police not responding quickly during emergencies. request urgent action.,Police
Drainage overflow causing bad smell near park.,Municipal
Broken divider near community hall causing jams.,Transport
Chain snatching reported near petrol bunk. Please take action. kindly look into this.,Police
"Street damaged after rain, vehicles skidding. situation getting worse.",Public Works Department
There is frequent eve teasing near the park. please resolve soon.,Police
Government office not responding to complaints. situation getting worse.,CM Office (Miscellaneous)
Fogging not done properly leading to mosquito menace. situation getting worse.,Municipal
Corruption complaint ignored by local officer. request urgent action.,CM Office (Miscellaneous)
Fogging not done properly leading to mosquito menace. kindly look into this.,Municipal
Robbery incident reported near hospital. needs immediate attention.,Police
Delay in pension disbursement for seniors. situation getting worse.,CM Office (Miscellaneous)
Water leakage near main bazaar road. facing issues since last week.,Municipal
Delay in pension disbursement for seniors. request urgent action.,CM Office (Miscellaneous)
Road full of potholes at market area.,Public Works Department
Land encroachment by private party near market area. kindly look into this.,Development Authority
People blocking roads with illegal sheds. facing issues since last week.,Development Authority
There is frequent eve teasing near the main road. please resolve soon.,Police
People blocking roads with illegal sheds. facing issues since last week.,Development Authority
Need urgent help regarding electricity bill issue. situation getting worse.,CM Office (Miscellaneous)
Delay in pension disbursement for seniors.,CM Office (Miscellaneous)
Bridge under repair for months at junction.,Public Works Department
Application not processed even after multiple visits. request urgent action.,CM Office (Miscellaneous)
There is frequent eve teasing near the main road. please resolve soon.,Police
"Footpath broken near Central Avenue, pedestrians facing issues. facing issues since last week.",Public Works Department
Culvert repair pending at Hill View. facing issues since last week.,Public Works Department
Drainage overflow causing bad smell near school. kindly look into this.,Municipal
Staff behavior rude and unhelpful in office. request urgent action.,CM Office (Miscellaneous)
Public dustbins overflowing and not cleaned. request urgent action.,Municipal
People fighting daily at the temple. facing issues since last week.,Police
Drainage overflow causing bad smell near bus stop. please resolve soon.,Municipal
Garbage not collected in Central Avenue for several days. needs immediate attention.,Municipal
Uneven road surface leading to traffic problems. needs immediate attention.,Public Works Department
Open manhole in market area dangerous for kids. situation getting worse.,Municipal
There is frequent eve teasing near the temple. needs immediate attention.,Police
Robbery incident reported near railway station. situation getting worse.,Police
Drunken men creating disturbance in Central Avenue. situation getting worse.,Police
"Unfair practices in local department reported, please look into it.",CM Office (Miscellaneous)
Unauthorized shops operating near petrol bunk. needs immediate attention.,Development Authority
Stray dogs attacking people in Central Avenue. request urgent action.,Municipal
Stray dogs attacking people in MG Road. request urgent action.,Municipal
No proper communication from officials on issue raised. facing issues since last week.,CM Office (Miscellaneous)
Land encroachment by private party near railway station. needs immediate attention.,Development Authority
Complaint regarding layout approval delay. needs immediate attention.,Development Authority
Stormwater drain collapsed near junction. situation getting worse.,Public Works Department
Pedestrian crossing signal not working at railway station. request urgent action.,Transport
Drainage overflow causing bad smell near main road. please resolve soon.,Municipal
Drunken men creating disturbance in Central Avenue. needs immediate attention.,Police
Road full of potholes at railway station. facing issues since last week.,Public Works Department
Culvert repair pending at Airport Road.,Public Works Department
Drunken men creating disturbance in Green Park.,Police
"Footpath broken near Lakeview, pedestrians facing issues. request urgent action.",Public Works Department
Loud noise and public nuisance every night around temple. situation getting worse.,Police
Land encroachment by private party near park. request urgent action.,Development Authority
Stormwater drain collapsed near bus depot. request urgent action.,Public Works Department
Public dustbins overflowing and not cleaned. situation getting worse.,Municipal
People blocking roads with illegal sheds. kindly look into this.,Development Authority
Autos refusing passengers in Sector 12. situation getting worse.,Transport
Road full of potholes at market area. request urgent action.,Public Works Department
Bus shelter at XYZ Nagar broken and unsafe. request urgent action.,Transport
Plot disputes not being resolved on time. kindly look into this.,Development Authority
Plot disputes not being resolved on time. please resolve soon.,Development Authority
People blocking roads with illegal sheds. kindly look into this.,Development Authority
"Unfair practices in local department reported, please look into it. facing issues since last week.",CM Office (Miscellaneous)
Open manhole in hospital dangerous for kids. situation getting worse.,Municipal
"Unfair practices in local department reported, please look into it. situation getting worse.",CM Office (Miscellaneous)
"Unfair practices in local department reported, please look into it. situation getting worse.",CM Office (Miscellaneous)
Water leakage near main bazaar road. facing issues since last week.,Municipal
Bridge under repair for months at petrol bunk. request urgent action.,Public Works Department
Drainage overflow causing bad smell near railway station. facing issues since last week.,Municipal
Delay in pension disbursement for seniors. situation getting worse.,CM Office (Miscellaneous)
Women feel unsafe walking home after 7 PM. request urgent action.,Police
Bus shelter at Sector 12 broken and unsafe. kindly look into this.,Transport
Government office not responding to complaints. situation getting worse.,CM Office (Miscellaneous)
Online complaint portal not working for days. situation getting worse.,CM Office (Miscellaneous)
Bus route 83 not running on time for several days. needs immediate attention.,Transport
Bus route 7 not running on time for several days. request urgent action.,Transport
Uneven road surface leading to traffic problems. needs immediate attention.,Public Works Department
Illegal gambling happening behind junction. needs immediate attention.,Police
Open manhole in hospital dangerous for kids.,Municipal
Women feel unsafe walking home after 7 PM. please resolve soon.,Police
Water stagnation near railway station due to poor drainage. kindly look into this.,Public Works Department
Women feel unsafe walking home after 7 PM.,Police
Application not processed even after multiple visits. request urgent action.,CM Office (Miscellaneous)
Construction debris dumped near MG Road. please resolve soon.,Development Authority
Delay in pension disbursement for seniors. please resolve soon.,CM Office (Miscellaneous)
Illegal gambling happening behind community hall. please resolve soon.,Police
Stray dogs attacking people in MG Road. needs immediate attention.,Municipal
People fighting daily at the temple. please resolve soon.,Police
Bus route 13 not running on time for several days. situation getting worse.,Transport
Pedestrian crossing signal not working at school. request urgent action.,Transport
Stormwater drain collapsed near signal point.,Public Works Department
Government office not responding to complaints. please resolve soon.,CM Office (Miscellaneous)
"Street damaged after rain, vehicles skidding. facing issues since last week.",Public Works Department
Flyover joints damaged and causing vehicle imbalance. situation getting worse.,Public Works Department
Encroachment on public land at park. please resolve soon.,Development Authority
Pedestrian crossing signal not working at hospital. request urgent action.,Transport
Loud noise and public nuisance every night around market area.,Police
Public dustbins overflowing and not cleaned. facing issues since last week.,Municipal
Need urgent help regarding electricity bill issue.,CM Office (Miscellaneous)
People blocking roads with illegal sheds. kindly look into this.,Development Authority
Bridge under repair for months at community hall. facing issues since last week.,Public Works Department
"Footpath broken near ABC Colony, pedestrians facing issues. request urgent action.",Public Works Department
Garbage not collected in Green Park for several days. request urgent action.,Municipal
"Street damaged after rain, vehicles skidding. please resolve soon.",Public Works Department
Plot disputes not being resolved on time. request urgent action.,Development Authority
Unauthorized shops operating near junction. request urgent action.,Development Authority
Unauthorized shops operating near bus depot. needs immediate attention.,Development Authority
Waste dumped on roadside in MG Road. kindly look into this.,Municipal
Women feel unsafe walking home after 7 PM. situation getting worse.,Police
Theft cases increasing in Lakeview. Please increase patrolling. request urgent action.,Police
Staff behavior rude and unhelpful in office. please resolve soon.,CM Office (Miscellaneous)
Violation of building norms at park. please resolve soon.,Development Authority
There is frequent eve teasing near the railway station. please resolve soon.,Police
Flyover joints damaged and causing vehicle imbalance. request urgent action.,Public Works Department
Uneven road surface leading to traffic problems. kindly look into this.,Public Works Department
Garbage not collected in Lakeview for several days. please resolve soon.,Municipal
Signal at city mall not functioning properly causing accidents. kindly look into this.,Transport
New road construction delayed at MG Road. kindly look into this.,Public Works Department
Road full of potholes at school. needs immediate attention.,Public Works Department
Culvert repair pending at Airport Road. situation getting worse.,Public Works Department
Staff behavior rude and unhelpful in office. request urgent action.,CM Office (Miscellaneous)
Bus shelter at MG Road broken and unsafe. needs immediate attention.,Transport
Illegal construction happening on ring road. please resolve soon.,Development Authority
Stray dogs attacking people in XYZ Nagar.,Municipal
Corruption complaint ignored by local officer. please resolve soon.,CM Office (Miscellaneous)
Land encroachment by private party near hospital. kindly look into this.,Development Authority
Construction debris dumped near Central Avenue. needs immediate attention.,Development Authority
Drainage overflow causing bad smell near railway station.,Municipal
Fogging not done properly leading to mosquito menace. kindly look into this.,Municipal
Stray dogs attacking people in Central Avenue. request urgent action.,Municipal
Police not responding quickly during emergencies. please resolve soon.,Police
Fogging not done properly leading to mosquito menace. please resolve soon.,Municipal
Flyover joints damaged and causing vehicle imbalance. kindly look into this.,Public Works Department
There is frequent eve teasing near the school. kindly look into this.,Police
People fighting daily at the main road. please resolve soon.,Police
Complaint regarding layout approval delay. kindly look into this.,Development Authority
No proper communication from officials on issue raised. kindly look into this.,CM Office (Miscellaneous)
Chain snatching reported near signal point. Please take action. kindly look into this.,Police
Uneven road surface leading to traffic problems. request urgent action.,Public Works Department
No proper communication from officials on issue raised. request urgent action.,CM Office (Miscellaneous)
Uneven road surface leading to traffic problems. request urgent action.,Public Works Department
Delay in pension disbursement for seniors. kindly look into this.,CM Office (Miscellaneous)
Water stagnation near railway station due to poor drainage.,Public Works Department
Water leakage near 1st cross. facing issues since last week.,Municipal
Open manhole in hospital dangerous for kids. kindly look into this.,Municipal
Signal at community hall not functioning properly causing accidents. kindly look into this.,Transport
Pedestrian crossing signal not working at hospital. request urgent action.,Transport
Plot disputes not being resolved on time. situation getting worse.,Development Authority
Women feel unsafe walking home after 7 PM. request urgent action.,Police
Public dustbins overflowing and not cleaned. kindly look into this.,Municipal
Unhygienic conditions near market in ABC Colony. situation getting worse.,Municipal
Road full of potholes at main road. needs immediate attention.,Public Works Department
Encroachment on public land at bus stop. situation getting worse.,Development Authority
Bus route 25 not running on time for several days. situation getting worse.,Transport
Theft cases increasing in ABC Colony. Please increase patrolling. please resolve soon.,Police
Stormwater drain collapsed near city mall. request urgent action.,Public Works Department
New road construction delayed at ABC Colony. needs immediate attention.,Public Works Department
Corruption complaint ignored by local officer. facing issues since last week.,CM Office (Miscellaneous)
Autos refusing passengers in ABC Colony. facing issues since last week.,Transport
Construction debris dumped near Green Park. request urgent action.,Development Authority
Water leakage near ring road. please resolve soon.,Municipal
Bridge under repair for months at city mall. request urgent action.,Public Works Department
Violation of building norms at temple. facing issues since last week.,Development Authority
Fogging not done properly leading to mosquito menace. situation getting worse.,Municipal
Theft cases increasing in XYZ Nagar. Please increase patrolling. kindly look into this.,Police
Staff behavior rude and unhelpful in office. situation getting worse.,CM Office (Miscellaneous)
Unauthorized shops operating near petrol bunk. kindly look into this.,Development Authority
Illegal gambling happening behind petrol bunk. situation getting worse.,Police
Robbery incident reported near railway station. please resolve soon.,Police
Complaint regarding layout approval delay. kindly look into this.,Development Authority
"Footpath broken near ABC Colony, pedestrians facing issues. kindly look into this.",Public Works Department
Women feel unsafe walking home after 7 PM. please resolve soon.,Police
Bus route 29 not running on time for several days.,Transport
Broken divider near community hall causing jams. please resolve soon.,Transport
Waste dumped on roadside in Central Avenue. kindly look into this.,Municipal
Autos refusing passengers in MG Road. facing issues since last week.,Transport
Heavy traffic jam at railway station every morning.,Transport
Open manhole in school dangerous for kids. please resolve soon.,Municipal
Staff behavior rude and unhelpful in office. needs immediate attention.,CM Office (Miscellaneous)
People fighting daily at the park. please resolve soon.,Police
Streetlights not working since last week in XYZ Nagar. request urgent action.,Municipal
Signal at city mall not functioning properly causing accidents.,Transport
Citizen grievance unresolved despite repeated attempts. needs immediate attention.,CM Office (Miscellaneous)
Flyover joints damaged and causing vehicle imbalance. please resolve soon.,Public Works Department
Broken divider near petrol bunk causing jams. facing issues since last week.,Transport
New road construction delayed at Sector 12.,Public Works Department
Need urgent help regarding electricity bill issue. needs immediate attention.,CM Office (Miscellaneous)
Streetlights not working since last week in XYZ Nagar. facing issues since last week.,Municipal
Heavy traffic jam at bus stop every morning. facing issues since last week.,Transport
Robbery incident reported near main road. situation getting worse.,Police
People blocking roads with illegal sheds. kindly look into this.,Development Authority
Broken divider near petrol bunk causing jams. request urgent action.,Transport
Streetlights not working since last week in Lakeview. request urgent action.,Municipal
Online complaint portal not working for days. please resolve soon.,CM Office (Miscellaneous)
Women feel unsafe walking home after 7 PM.,Police
Unhygienic conditions near market in Downtown. situation getting worse.,Municipal
Theft cases increasing in Central Avenue. Please increase patrolling. please resolve soon.,Police
Streetlights not working since last week in MG Road. please resolve soon.,Municipal
Open manhole in school dangerous for kids. kindly look into this.,Municipal
Culvert repair pending at Hill View. request urgent action.,Public Works Department
Government office not responding to complaints. situation getting worse.,CM Office (Miscellaneous)
Building without proper permission in Sector 12.,Development Authority
Construction debris dumped near Central Avenue. situation getting worse.,Development Authority
Application not processed even after multiple visits. needs immediate attention.,CM Office (Miscellaneous)
Water stagnation near bus stop due to poor drainage.,Public Works Department
Waste dumped on roadside in ABC Colony. kindly look into this.,Municipal
Drunken men creating disturbance in Green Park. request urgent action.,Police
New road construction delayed at ABC Colony. facing issues since last week.,Public Works Department
People blocking roads with illegal sheds. kindly look into this.,Development Authority
Complaint regarding layout approval delay. kindly look into this.,Development Authority
Bus shelter at XYZ Nagar broken and unsafe. please resolve soon.,Transport
There is frequent eve teasing near the hospital. needs immediate attention.,Police
Chain snatching reported near petrol bunk. Please take action. facing issues since last week.,Police
Construction debris dumped near Green Park. kindly look into this.,Development Authority
Waste dumped on roadside in Sector 12.,Municipal
Water stagnation near market area due to poor drainage.,Public Works Department
Complaint regarding layout approval delay. situation getting worse.,Development Authority
New road construction delayed at Downtown. needs immediate attention.,Public Works Department
Road full of potholes at school. please resolve soon.,Public Works Department
Garbage not collected in XYZ Nagar for several days. needs immediate attention.,Municipal
Heavy traffic jam at hospital every morning. kindly look into this.,Transport
Streetlights not working since last week in MG Road. facing issues since last week.,Municipal
Bridge under repair for months at community hall. needs immediate attention.,Public Works Department
Flyover joints damaged and causing vehicle imbalance.,Public Works Department
Loud noise and public nuisance every night around bus stop. please resolve soon.,Police
"Footpath broken near Sector 12, pedestrians facing issues. please resolve soon.",Public Works Department
Illegal construction happening on ring road.,Development Authority
Autos refusing passengers in Sector 12. needs immediate attention.,Transport
Open manhole in park dangerous for kids.,Municipal
Construction debris dumped near Lakeview.,Development Authority
Drunken men creating disturbance in Sector 12. kindly look into this.,Police
Construction debris dumped near Sector 12. request urgent action.,Development Authority
Staff behavior rude and unhelpful in office.,CM Office (Miscellaneous)
Road full of potholes at bus stop. facing issues since last week.,Public Works Department
Plot disputes not being resolved on time. please resolve soon.,Development Authority
Need urgent help regarding electricity bill issue. situation getting worse.,CM Office (Miscellaneous)
Plot disputes not being resolved on time. please resolve soon.,Development Authority
Building without proper permission in Downtown. facing issues since last week.,Development Authority
Waste dumped on roadside in ABC Colony. please resolve soon.,Municipal
"Unfair practices in local department reported, please look into it.",CM Office (Miscellaneous)
Plot disputes not being resolved on time. facing issues since last week.,Development Authority
Bus route 2 not running on time for several days. kindly look into this.,Transport
Construction debris dumped near Lakeview. facing issues since last week.,Development Authority
Water stagnation near market area due to poor drainage. needs immediate attention.,Public Works Department
Building without proper permission in MG Road. kindly look into this.,Development Authority
"Unfair practices in local department reported, please look into it. please resolve soon.",CM Office (Miscellaneous)
Government office not responding to complaints. please resolve soon.,CM Office (Miscellaneous)
Citizen grievance unresolved despite repeated attempts.,CM Office (Miscellaneous)
Bus shelter at XYZ Nagar broken and unsafe. facing issues since last week.,Transport
Police not responding quickly during emergencies. needs immediate attention.,Police
Chain snatching reported near bus depot. Please take action. request urgent action.,Police
Police not responding quickly during emergencies. needs immediate attention.,Police
"Footpath broken near Green Park, pedestrians facing issues.",Public Works Department
New road construction delayed at Sector 12. needs immediate attention.,Public Works Department
Police not responding quickly during emergencies. please resolve soon.,Police
Accidents happening due to no speed breakers at railway station. needs immediate attention.,Transport
Uneven road surface leading to traffic problems. request urgent action.,Public Works Department
Uneven road surface leading to traffic problems. request urgent action.,Public Works Department
Violation of building norms at temple. request urgent action.,Development Authority
Bus shelter at Sector 12 broken and unsafe. request urgent action.,Transport
Theft cases increasing in XYZ Nagar. Please increase patrolling.,Police
Bridge under repair for months at petrol bunk. needs immediate attention.,Public Works Department
Stray dogs attacking people in XYZ Nagar. needs immediate attention.,Municipal
Fogging not done properly leading to mosquito menace. situation getting worse.,Municipal
Complaint regarding layout approval delay. request urgent action.,Development Authority
Bus route 54 not running on time for several days. request urgent action.,Transport
Public dustbins overflowing and not cleaned. needs immediate attention.,Municipal
Bridge under repair for months at petrol bunk. needs immediate attention.,Public Works Department
Waste dumped on roadside in Green Park. facing issues since last week.,Municipal
Police not responding quickly during emergencies. situation getting worse.,Police
Citizen grievance unresolved despite repeated attempts. situation getting worse.,CM Office (Miscellaneous)
Signal at city mall not functioning properly causing accidents.,Transport
"Footpath broken near Downtown, pedestrians facing issues. needs immediate attention.",Public Works Department
Need urgent help regarding electricity bill issue.,CM Office (Miscellaneous)
Theft cases increasing in ABC Colony. Please increase patrolling. situation getting worse.,Police
Road full of potholes at bus stop. please resolve soon.,Public Works Department
Violation of building norms at park. please resolve soon.,Development Authority
Construction debris dumped near Lakeview. kindly look into this.,Development Authority
Online complaint portal not working for days. request urgent action.,CM Office (Miscellaneous)
Unauthorized shops operating near city mall. kindly look into this.,Development Authority
Illegal construction happening on 2nd street. facing issues since last week.,Development Authority
Fogging not done properly leading to mosquito menace. please resolve soon.,Municipal
Government office not responding to complaints. needs immediate attention.,CM Office (Miscellaneous)
Unhygienic conditions near market in Downtown. situation getting worse.,Municipal
Application not processed even after multiple visits. needs immediate attention.,CM Office (Miscellaneous)
People blocking roads with illegal sheds. facing issues since last week.,Development Authority
Unauthorized shops operating near community hall.,Development Authority
"Unfair practices in local department reported, please look into it. needs immediate attention.",CM Office (Miscellaneous)
Land encroachment by private party near park. please resolve soon.,Development Authority
Flyover construction delay leading to congestion. situation getting worse.,Transport
Violation of building norms at bus stop.,Development Authority
Online complaint portal not working for days.,CM Office (Miscellaneous)
New road construction delayed at ABC Colony.,Public Works Department
Plot disputes not being resolved on time. facing issues since last week.,Development Authority
Loud noise and public nuisance every night around main road. situation getting worse.,Police
Corruption complaint ignored by local officer. needs immediate attention.,CM Office (Miscellaneous)
Staff behavior rude and unhelpful in office. kindly look into this.,CM Office (Miscellaneous)
Culvert repair pending at Hill View. situation getting worse.,Public Works Department
Online complaint portal not working for days. situation getting worse.,CM Office (Miscellaneous)
Bus shelter at Downtown broken and unsafe.,Transport
Chain snatching reported near signal point. Please take action. please resolve soon.,Police
Unhygienic conditions near market in XYZ Nagar. needs immediate attention.,Municipal
Drunken men creating disturbance in Central Avenue.,Police
Delay in pension disbursement for seniors. needs immediate attention.,CM Office (Miscellaneous)
Culvert repair pending at Old City. situation getting worse.,Public Works Department
Culvert repair pending at Airport Road. request urgent action.,Public Works Department
Plot disputes not being resolved on time. facing issues since last week.,Development Authority
Plot disputes not being resolved on time. situation getting worse.,Development Authority
Online complaint portal not working for days. request urgent action.,CM Office (Miscellaneous)
Encroachment on public land at park. situation getting worse.,Development Authority
Plot disputes not being resolved on time. please resolve soon.,Development Authority
Culvert repair pending at Old City. facing issues since last week.,Public Works Department
Bus shelter at Downtown broken and unsafe. situation getting worse.,Transport
"Footpath broken near Downtown, pedestrians facing issues. request urgent action.",Public Works Department
People fighting daily at the school. situation getting worse.,Police
Water leakage near 1st cross.,Municipal
Bus shelter at Sector 12 broken and unsafe. needs immediate attention.,Transport
Waste dumped on roadside in XYZ Nagar. needs immediate attention.,Municipal
Poor road markings making driving difficult. needs immediate attention.,Transport
New road construction delayed at Sector 12. please resolve soon.,Public Works Department
"Unfair practices in local department reported, please look into it. please resolve soon.",CM Office (Miscellaneous)
Broken divider near junction causing jams. kindly look into this.,Transport
Building without proper permission in Sector 12. request urgent action.,Development Authority
Drunken men creating disturbance in Lakeview. request urgent action.,Police
Illegal construction happening on 1st cross. facing issues since last week.,Development Authority
"Unfair practices in local department reported, please look into it. kindly look into this.",CM Office (Miscellaneous)
Staff behavior rude and unhelpful in office. needs immediate attention.,CM Office (Miscellaneous)
Stray dogs attacking people in MG Road. please resolve soon.,Municipal
Stray dogs attacking people in Green Park. facing issues since last week.,Municipal
People blocking roads with illegal sheds. needs immediate attention.,Development Authority
Fogging not done properly leading to mosquito menace. facing issues since last week.,Municipal
"Footpath broken near XYZ Nagar, pedestrians facing issues.",Public Works Department
Water stagnation near main road due to poor drainage.,Public Works Department
Encroachment on public land at main road. please resolve soon.,Development Authority
Construction debris dumped near XYZ Nagar. request urgent action.,Development Authority
There is frequent eve teasing near the school. please resolve soon.,Police
Need urgent help regarding electricity bill issue. kindly look into this.,CM Office (Miscellaneous)
Flyover construction delay leading to congestion. please resolve soon.,Transport
Illegal construction happening on 2nd street. kindly look into this.,Development Authority
Broken divider near bus depot causing jams. needs immediate attention.,Transport
Corruption complaint ignored by local officer. situation getting worse.,CM Office (Miscellaneous)
Women feel unsafe walking home after 7 PM. situation getting worse.,Police
Fogging not done properly leading to mosquito menace. request urgent action.,Municipal
Building without proper permission in Sector 12. needs immediate attention.,Development Authority
Water leakage near ring road. situation getting worse.,Municipal
People fighting daily at the school. kindly look into this.,Police
Stormwater drain collapsed near signal point. situation getting worse.,Public Works Department
Autos refusing passengers in MG Road. please resolve soon.,Transport
Stormwater drain collapsed near junction. facing issues since last week.,Public Works Department
Broken divider near city mall causing jams. facing issues since last week.,Transport
Water stagnation near temple due to poor drainage. needs immediate attention.,Public Works Department
"Street damaged after rain, vehicles skidding. situation getting worse.",Public Works Department
Poor road markings making driving difficult.,Transport
Autos refusing passengers in Green Park.,Transport
Encroachment on public land at temple. needs immediate attention.,Development Authority
People blocking roads with illegal sheds. please resolve soon.,Development Authority
Plot disputes not being resolved on time. please resolve soon.,Development Authority
Broken divider near city mall causing jams. please resolve soon.,Transport
Illegal construction happening on 2nd street. needs immediate attention.,Development Authority
Stormwater drain collapsed near petrol bunk. request urgent action.,Public Works Department
Signal at petrol bunk not functioning properly causing accidents. situation getting worse.,Transport
Citizen grievance unresolved despite repeated attempts. facing issues since last week.,CM Office (Miscellaneous)
Fogging not done properly leading to mosquito menace. please resolve soon.,Municipal
Corruption complaint ignored by local officer. request urgent action.,CM Office (Miscellaneous)
Need urgent help regarding electricity bill issue.,CM Office (Miscellaneous)
Building without proper permission in Central Avenue. request urgent action.,Development Authority
Illegal gambling happening behind petrol bunk. situation getting worse.,Police
Application not processed even after multiple visits.,CM Office (Miscellaneous)
Poor road markings making driving difficult. needs immediate attention.,Transport
Building without proper permission in Green Park. please resolve soon.,Development Authority
Culvert repair pending at New Town. facing issues since last week.,Public Works Department
Robbery incident reported near bus stop. situation getting worse.,Police
Signal at city mall not functioning properly causing accidents. facing issues since last week.,Transport
Land encroachment by private party near temple.,Development Authority
Plot disputes not being resolved on time. request urgent action.,Development Authority
Flyover joints damaged and causing vehicle imbalance. request urgent action.,Public Works Department
People blocking roads with illegal sheds. kindly look into this.,Development Authority
Theft cases increasing in Green Park. Please increase patrolling. situation getting worse.,Police
There is frequent eve teasing near the main road.,Police
Accidents happening due to no speed breakers at railway station. kindly look into this.,Transport
Illegal gambling happening behind bus depot. facing issues since last week.,Police
Signal at city mall not functioning properly causing accidents. situation getting worse.,Transport
Citizen grievance unresolved despite repeated attempts. needs immediate attention.,CM Office (Miscellaneous)
"Unfair practices in local department reported, please look into it. facing issues since last week.",CM Office (Miscellaneous)
Stormwater drain collapsed near signal point. please resolve soon.,Public Works Department
Bus route 14 not running on time for several days. kindly look into this.,Transport
Encroachment on public land at railway station. needs immediate attention.,Development Authority
Complaint regarding layout approval delay. kindly look into this.,Development Authority
Uneven road surface leading to traffic problems. situation getting worse.,Public Works Department
Building without proper permission in Lakeview. situation getting worse.,Development Authority
People fighting daily at the bus stop. facing issues since last week.,Police
Online complaint portal not working for days. please resolve soon.,CM Office (Miscellaneous)
Building without proper permission in XYZ Nagar. kindly look into this.,Development Authority
Bus route 6 not running on time for several days. facing issues since last week.,Transport
Signal at petrol bunk not functioning properly causing accidents. request urgent action.,Transport
There is frequent eve teasing near the bus stop.,Police
"Street damaged after rain, vehicles skidding.",Public Works Department
Road full of potholes at temple. situation getting worse.,Public Works Department
"Unfair practices in local department reported, please look into it. situation getting worse.",CM Office (Miscellaneous)
Waste dumped on roadside in Sector 12. situation getting worse.,Municipal
Autos refusing passengers in XYZ Nagar.,Transport
Stray dogs attacking people in Central Avenue. kindly look into this.,Municipal
Plot disputes not being resolved on time. request urgent action.,Development Authority
Application not processed even after multiple visits. request urgent action.,CM Office (Miscellaneous)
No proper communication from officials on issue raised. situation getting worse.,CM Office (Miscellaneous)
Need urgent help regarding electricity bill issue. facing issues since last week.,CM Office (Miscellaneous)
"Unfair practices in local department reported, please look into it. request urgent action.",CM Office (Miscellaneous)
New road construction delayed at MG Road. situation getting worse.,Public Works Department
Staff behavior rude and unhelpful in office. needs immediate attention.,CM Office (Miscellaneous)
Complaint regarding layout approval delay. please resolve soon.,Development Authority
Water stagnation near hospital due to poor drainage. kindly look into this.,Public Works Department
Pedestrian crossing signal not working at hospital. facing issues since last week.,Transport
People blocking roads with illegal sheds. request urgent action.,Development Authority
Broken divider near signal point causing jams. situation getting worse.,Transport
Bus route 41 not running on time for several days. request urgent action.,Transport
Heavy traffic jam at bus stop every morning.,Transport
Land encroachment by private party near hospital.,Development Authority
Public dustbins overflowing and not cleaned.,Municipal
Accidents happening due to no speed breakers at main road. situation getting worse.,Transport
Encroachment on public land at school. facing issues since last week.,Development Authority
Illegal gambling happening behind city mall. situation getting worse.,Police
Citizen grievance unresolved despite repeated attempts. please resolve soon.,CM Office (Miscellaneous)
Fogging not done properly leading to mosquito menace. situation getting worse.,Municipal
Uneven road surface leading to traffic problems. please resolve soon.,Public Works Department
Unhygienic conditions near market in Sector 12. facing issues since last week.,Municipal
Drainage overflow causing bad smell near main road. request urgent action.,Municipal
Need urgent help regarding electricity bill issue.,CM Office (Miscellaneous)
Bus shelter at XYZ Nagar broken and unsafe. needs immediate attention.,Transport
Women feel unsafe walking home after 7 PM. situation getting worse.,Police
Unhygienic conditions near market in Lakeview. please resolve soon.,Municipal
Bridge under repair for months at junction. please resolve soon.,Public Works Department
"Footpath broken near Downtown, pedestrians facing issues. please resolve soon.",Public Works Department
"Street damaged after rain, vehicles skidding. request urgent action.",Public Works Department
Open manhole in bus stop dangerous for kids.,Municipal
Plot disputes not being resolved on time. kindly look into this.,Development Authority
Pedestrian crossing signal not working at bus stop.,Transport
Unauthorized shops operating near city mall. please resolve soon.,Development Authority
Open manhole in market area dangerous for kids. needs immediate attention.,Municipal
Complaint regarding layout approval delay. facing issues since last week.,Development Authority
Heavy traffic jam at main road every morning.,Transport
Road full of potholes at railway station. please resolve soon.,Public Works Department
Unhygienic conditions near market in MG Road.,Municipal
"Unfair practices in local department reported, please look into it. facing issues since last week.",CM Office (Miscellaneous)
Robbery incident reported near hospital. needs immediate attention.,Police
Encroachment on public land at market area. please resolve soon.,Development Authority
Open manhole in hospital dangerous for kids. please resolve soon.,Municipal
Bus shelter at Lakeview broken and unsafe. situation getting worse.,Transport
Water leakage near main bazaar road. situation getting worse.,Municipal
Theft cases increasing in Lakeview. Please increase patrolling. situation getting worse.,Police
Drunken men creating disturbance in ABC Colony. situation getting worse.,Police
Illegal gambling happening behind community hall. facing issues since last week.,Police
Chain snatching reported near signal point. Please take action. kindly look into this.,Police
There is frequent eve teasing near the railway station. needs immediate attention.,Police
Application not processed even after multiple visits. please resolve soon.,CM Office (Miscellaneous)
Loud noise and public nuisance every night around temple.,Police
No proper communication from officials on issue raised. needs immediate attention.,CM Office (Miscellaneous)
"Footpath broken near Lakeview, pedestrians facing issues. needs immediate attention.",Public Works Department
Public dustbins overflowing and not cleaned. situation getting worse.,Municipal
Delay in pension disbursement for seniors. needs immediate attention.,CM Office (Miscellaneous)
Application not processed even after multiple visits. needs immediate attention.,CM Office (Miscellaneous)
Delay in pension disbursement for seniors.,CM Office (Miscellaneous)
Flyover joints damaged and causing vehicle imbalance. please resolve soon.,Public Works Department
Stormwater drain collapsed near junction. please resolve soon.,Public Works Department
People fighting daily at the park. situation getting worse.,Police
Encroachment on public land at market area. kindly look into this.,Development Authority
Bus shelter at XYZ Nagar broken and unsafe.,Transport
Corruption complaint ignored by local officer. needs immediate attention.,CM Office (Miscellaneous)
Pedestrian crossing signal not working at park. situation getting worse.,Transport
Stray dogs attacking people in Lakeview. kindly look into this.,Municipal
"Footpath broken near XYZ Nagar, pedestrians facing issues. facing issues since last week.",Public Works Department
Illegal construction happening on main bazaar road. needs immediate attention.,Development Authority
Streetlights not working since last week in Green Park. needs immediate attention.,Municipal
Complaint regarding layout approval delay. kindly look into this.,Development Authority
Theft cases increasing in Downtown. Please increase patrolling. situation getting worse.,Police
"Street damaged after rain, vehicles skidding. please resolve soon.",Public Works Department
Need urgent help regarding electricity bill issue. needs immediate attention.,CM Office (Miscellaneous)
Drunken men creating disturbance in XYZ Nagar. kindly look into this.,Police
"Unfair practices in local department reported, please look into it. situation getting worse.",CM Office (Miscellaneous)
Land encroachment by private party near school.,Development Authority
There is frequent eve teasing near the park. kindly look into this.,Police
Flyover construction delay leading to congestion.,Transport
Bridge under repair for months at bus depot. facing issues since last week.,Public Works Department
Waste dumped on roadside in Sector 12. please resolve soon.,Municipal
Flyover joints damaged and causing vehicle imbalance. kindly look into this.,Public Works Department
Poor road markings making driving difficult.,Transport
Complaint regarding layout approval delay. situation getting worse.,Development Authority
Construction debris dumped near ABC Colony. needs immediate attention.,Development Authority
Fogging not done properly leading to mosquito menace. kindly look into this.,Municipal
Pedestrian crossing signal not working at hospital.,Transport
Signal at junction not functioning properly causing accidents. facing issues since last week.,Transport
Bridge under repair for months at bus depot. request urgent action.,Public Works Department
Need urgent help regarding electricity bill issue. kindly look into this.,CM Office (Miscellaneous)
Water leakage near ring road. needs immediate attention.,Municipal
Water leakage near 2nd street.,Municipal
Encroachment on public land at market area. facing issues since last week.,Development Authority
Waste dumped on roadside in Lakeview. request urgent action.,Municipal
Unauthorized shops operating near bus depot. kindly look into this.,Development Authority
Robbery incident reported near school.,Police
Accidents happening due to no speed breakers at temple. facing issues since last week.,Transport
Autos refusing passengers in MG Road. situation getting worse.,Transport
Stormwater drain collapsed near city mall. request urgent action.,Public Works Department
Flyover joints damaged and causing vehicle imbalance. situation getting worse.,Public Works Department
Heavy traffic jam at railway station every morning. request urgent action.,Transport
Citizen grievance unresolved despite repeated attempts. facing issues since last week.,CM Office (Miscellaneous)
People blocking roads with illegal sheds. needs immediate attention.,Development Authority
New road construction delayed at MG Road. needs immediate attention.,Public Works Department
Autos refusing passengers in ABC Colony. kindly look into this.,Transport
Construction debris dumped near Sector 12. facing issues since last week.,Development Authority
Robbery incident reported near park. please resolve soon.,Police
Stormwater drain collapsed near community hall. facing issues since last week.,Public Works Department
Poor road markings making driving difficult. please resolve soon.,Transport
No proper communication from officials on issue raised. facing issues since last week.,CM Office (Miscellaneous)
Poor road markings making driving difficult. facing issues since last week.,Transport
Bus route 53 not running on time for several days. kindly look into this.,Transport
Unauthorized shops operating near signal point. situation getting worse.,Development Authority
Drunken men creating disturbance in Central Avenue.,Police
Broken divider near bus depot causing jams. request urgent action.,Transport
Water leakage near 1st cross. situation getting worse.,Municipal
There is frequent eve teasing near the hospital. kindly look into this.,Police
Autos refusing passengers in Downtown. request urgent action.,Transport
People blocking roads with illegal sheds. please resolve soon.,Development Authority
People blocking roads with illegal sheds. request urgent action.,Development Authority
Staff behavior rude and unhelpful in office. facing issues since last week.,CM Office (Miscellaneous)
Unauthorized shops operating near petrol bunk. facing issues since last week.,Development Authority
Theft cases increasing in Sector 12. Please increase patrolling. needs immediate attention.,Police
Need urgent help regarding electricity bill issue. situation getting worse.,CM Office (Miscellaneous)
Flyover construction delay leading to congestion. situation getting worse.,Transport
Illegal construction happening on main bazaar road. facing issues since last week.,Development Authority
"Unfair practices in local department reported, please look into it. needs immediate attention.",CM Office (Miscellaneous)
Accidents happening due to no speed breakers at railway station. kindly look into this.,Transport
Water leakage near main bazaar road. please resolve soon.,Municipal
Flyover construction delay leading to congestion. situation getting worse.,Transport
Heavy traffic jam at main road every morning. needs immediate attention.,Transport
Streetlights not working since last week in Green Park. kindly look into this.,Municipal
Drainage overflow causing bad smell near school. facing issues since last week.,Municipal
Broken divider near signal point causing jams. facing issues since last week.,Transport
Unauthorized shops operating near community hall. request urgent action.,Development Authority
Waste dumped on roadside in MG Road. kindly look into this.,Municipal
Illegal construction happening on ring road. facing issues since last week.,Development Authority
Theft cases increasing in Central Avenue. Please increase patrolling. request urgent action.,Police
"Unfair practices in local department reported, please look into it. request urgent action.",CM Office (Miscellaneous)
Flyover construction delay leading to congestion. facing issues since last week.,Transport
Complaint regarding layout approval delay. needs immediate attention.,Development Authority
Staff behavior rude and unhelpful in office. kindly look into this.,CM Office (Miscellaneous)
Corruption complaint ignored by local officer. needs immediate attention.,CM Office (Miscellaneous)
People blocking roads with illegal sheds.,Development Authority
Land encroachment by private party near temple. kindly look into this.,Development Authority
"Street damaged after rain, vehicles skidding. situation getting worse.",Public Works Department
Accidents happening due to no speed breakers at school. needs immediate attention.,Transport
Drainage overflow causing bad smell near school. please resolve soon.,Municipal
Bus route 18 not running on time for several days. needs immediate attention.,Transport
Drunken men creating disturbance in MG Road. request urgent action.,Police
Heavy traffic jam at temple every morning. request urgent action.,Transport
Loud noise and public nuisance every night around temple.,Police
Pedestrian crossing signal not working at market area. situation getting worse.,Transport
Stormwater drain collapsed near bus depot. situation getting worse.,Public Works Department
Bridge under repair for months at signal point. facing issues since last week.,Public Works Department
Bus shelter at Sector 12 broken and unsafe. please resolve soon.,Transport
Robbery incident reported near bus stop. request urgent action.,Police
Signal at bus depot not functioning properly causing accidents. needs immediate attention.,Transport
Plot disputes not being resolved on time. situation getting worse.,Development Authority
Illegal construction happening on 1st cross.,Development Authority
Heavy traffic jam at school every morning. please resolve soon.,Transport
New road construction delayed at Downtown. needs immediate attention.,Public Works Department
Citizen grievance unresolved despite repeated attempts. kindly look into this.,CM Office (Miscellaneous)
Poor road markings making driving difficult. situation getting worse.,Transport
Theft cases increasing in Central Avenue. Please increase patrolling. kindly look into this.,Police
Open manhole in park dangerous for kids. kindly look into this.,Municipal
Water leakage near 1st cross. please resolve soon.,Municipal
Unauthorized shops operating near bus depot. kindly look into this.,Development Authority
Accidents happening due to no speed breakers at school. request urgent action.,Transport
No proper communication from officials on issue raised. please resolve soon.,CM Office (Miscellaneous)
Garbage not collected in MG Road for several days. needs immediate attention.,Municipal
Road full of potholes at market area. needs immediate attention.,Public Works Department
Poor road markings making driving difficult. request urgent action.,Transport
Broken divider near city mall causing jams. facing issues since last week.,Transport
Robbery incident reported near temple. request urgent action.,Police
"Unfair practices in local department reported, please look into it. facing issues since last week.",CM Office (Miscellaneous)
New road construction delayed at ABC Colony. request urgent action.,Public Works Department
Signal at junction not functioning properly causing accidents. situation getting worse.,Transport
Drainage overflow causing bad smell near railway station. situation getting worse.,Municipal
Road full of potholes at bus stop. please resolve soon.,Public Works Department
Women feel unsafe walking home after 7 PM. needs immediate attention.,Police
Theft cases increasing in Green Park. Please increase patrolling. situation getting worse.,Police
Autos refusing passengers in ABC Colony. situation getting worse.,Transport
Broken divider near community hall causing jams. needs immediate attention.,Transport
Corruption complaint ignored by local officer.,CM Office (Miscellaneous)
Poor road markings making driving difficult. situation getting worse.,Transport
Land encroachment by private party near park.,Development Authority
Stormwater drain collapsed near city mall.,Public Works Department
Flyover joints damaged and causing vehicle imbalance. please resolve soon.,Public Works Department
New road construction delayed at Central Avenue. please resolve soon.,Public Works Department
Online complaint portal not working for days. situation getting worse.,CM Office (Miscellaneous)
Autos refusing passengers in Sector 12. facing issues since last week.,Transport
Drainage overflow causing bad smell near bus stop. situation getting worse.,Municipal
Plot disputes not being resolved on time. situation getting worse.,Development Authority
Theft cases increasing in Central Avenue. Please increase patrolling. please resolve soon.,Police
Land encroachment by private party near school. please resolve soon.,Development Authority
Flyover construction delay leading to congestion. situation getting worse.,Transport
Need urgent help regarding electricity bill issue.,CM Office (Miscellaneous)
Pedestrian crossing signal not working at market area. situation getting worse.,Transport
New road construction delayed at Sector 12.,Public Works Department
Illegal construction happening on 1st cross. request urgent action.,Development Authority
Stormwater drain collapsed near bus depot. request urgent action.,Public Works Department
Government office not responding to complaints. needs immediate attention.,CM Office (Miscellaneous)
Police not responding quickly during emergencies. please resolve soon.,Police
Bridge under repair for months at junction. needs immediate attention.,Public Works Department
Public dustbins overflowing and not cleaned. please resolve soon.,Municipal
Bus shelter at Central Avenue broken and unsafe. request urgent action.,Transport
Violation of building norms at temple. needs immediate attention.,Development Authority
Water leakage near 2nd street. facing issues since last week.,Municipal
Bus route 30 not running on time for several days. facing issues since last week.,Transport
Broken divider near bus depot causing jams. kindly look into this.,Transport
Stray dogs attacking people in Lakeview. situation getting worse.,Municipal
Waste dumped on roadside in Sector 12. kindly look into this.,Municipal
Fogging not done properly leading to mosquito menace. please resolve soon.,Municipal
Application not processed even after multiple visits. kindly look into this.,CM Office (Miscellaneous)
Unhygienic conditions near market in MG Road. facing issues since last week.,Municipal
Poor road markings making driving difficult. needs immediate attention.,Transport
Streetlights not working since last week in ABC Colony. request urgent action.,Municipal
Application not processed even after multiple visits. needs immediate attention.,CM Office (Miscellaneous)
People fighting daily at the main road. situation getting worse.,Police
Unauthorized shops operating near city mall. facing issues since last week.,Development Authority
No proper communication from officials on issue raised. facing issues since last week.,CM Office (Miscellaneous)
Staff behavior rude and unhelpful in office. request urgent action.,CM Office (Miscellaneous)
Public dustbins overflowing and not cleaned. please resolve soon.,Municipal
Encroachment on public land at bus stop. kindly look into this.,Development Authority
Unauthorized shops operating near community hall. kindly look into this.,Development Authority
Broken divider near junction causing jams. request urgent action.,Transport
Poor road markings making driving difficult. situation getting worse.,Transport
Plot disputes not being resolved on time. kindly look into this.,Development Authority
Drainage overflow causing bad smell near school.,Municipal
Heavy traffic jam at market area every morning.,Transport
Water leakage near ring road.,Municipal
Uneven road surface leading to traffic problems. situation getting worse.,Public Works Department
Chain snatching reported near signal point. Please take action. request urgent action.,Police
Chain snatching reported near petrol bunk. Please take action. facing issues since last week.,Police
Waste dumped on roadside in Central Avenue.,Municipal
Road full of potholes at park. request urgent action.,Public Works Department
Women feel unsafe walking home after 7 PM. facing issues since last week.,Police
Loud noise and public nuisance every night around railway station. kindly look into this.,Police
Bus route 36 not running on time for several days. facing issues since last week.,Transport
Autos refusing passengers in Downtown. needs immediate attention.,Transport
Garbage not collected in MG Road for several days.,Municipal
Staff behavior rude and unhelpful in office. request urgent action.,CM Office (Miscellaneous)
Violation of building norms at bus stop. request urgent action.,Development Authority
Stray dogs attacking people in Central Avenue.,Municipal
Loud noise and public nuisance every night around main road.,Police
Complaint regarding layout approval delay. please resolve soon.,Development Authority
Delay in pension disbursement for seniors.,CM Office (Miscellaneous)
Signal at bus depot not functioning properly causing accidents.,Transport
Plot disputes not being resolved on time. facing issues since last week.,Development Authority
Garbage not collected in MG Road for several days. facing issues since last week.,Municipal
"Unfair practices in local department reported, please look into it. situation getting worse.",CM Office (Miscellaneous)
There is frequent eve teasing near the temple. please resolve soon.,Police
Uneven road surface leading to traffic problems. situation getting worse.,Public Works Department
Application not processed even after multiple visits. please resolve soon.,CM Office (Miscellaneous)
There is frequent eve teasing near the park. facing issues since last week.,Police
Stray dogs attacking people in Green Park. please resolve soon.,Municipal
Autos refusing passengers in Downtown. please resolve soon.,Transport
Drainage overflow causing bad smell near hospital. facing issues since last week.,Municipal
"Footpath broken near XYZ Nagar, pedestrians facing issues. kindly look into this.",Public Works Department
Stormwater drain collapsed near signal point.,Public Works Department
Uneven road surface leading to traffic problems.,Public Works Department
Public dustbins overflowing and not cleaned. please resolve soon.,Municipal
Police not responding quickly during emergencies. kindly look into this.,Police
Encroachment on public land at hospital. needs immediate attention.,Development Authority
Fogging not done properly leading to mosquito menace. facing issues since last week.,Municipal
No proper communication from officials on issue raised.,CM Office (Miscellaneous)
Poor road markings making driving difficult. needs immediate attention.,Transport
People blocking roads with illegal sheds. please resolve soon.,Development Authority
Building without proper permission in Central Avenue. kindly look into this.,Development Authority
Water stagnation near hospital due to poor drainage. kindly look into this.,Public Works Department
Streetlights not working since last week in Downtown. needs immediate attention.,Municipal
Construction debris dumped near Green Park. situation getting worse.,Development Authority
Need urgent help regarding electricity bill issue. please resolve soon.,CM Office (Miscellaneous)
Staff behavior rude and unhelpful in office. needs immediate attention.,CM Office (Miscellaneous)
Waste dumped on roadside in Lakeview. request urgent action.,Municipal
Robbery incident reported near main road.,Police
Complaint regarding layout approval delay. facing issues since last week.,Development Authority
Illegal gambling happening behind community hall. situation getting worse.,Police
Poor road markings making driving difficult. needs immediate attention.,Transport
Theft cases increasing in Green Park. Please increase patrolling. request urgent action.,Police
Complaint regarding layout approval delay. please resolve soon.,Development Authority
Encroachment on public land at main road. please resolve soon.,Development Authority
Unauthorized shops operating near junction. situation getting worse.,Development Authority
Garbage not collected in Downtown for several days. situation getting worse.,Municipal
Water stagnation near temple due to poor drainage. situation getting worse.,Public Works Department
Heavy traffic jam at school every morning. please resolve soon.,Transport
Illegal construction happening on 2nd street. needs immediate attention.,Development Authority
"Unfair practices in local department reported, please look into it. needs immediate attention.",CM Office (Miscellaneous)
Broken divider near petrol bunk causing jams. situation getting worse.,Transport
People blocking roads with illegal sheds. please resolve soon.,Development Authority
Bus route 66 not running on time for several days. please resolve soon.,Transport
Unauthorized shops operating near petrol bunk. facing issues since last week.,Development Authority
Illegal gambling happening behind bus depot. situation getting worse.,Police
Building without proper permission in MG Road. situation getting worse.,Development Authority
Fogging not done properly leading to mosquito menace. needs immediate attention.,Municipal
Streetlights not working since last week in ABC Colony. facing issues since last week.,Municipal
Bus route 6 not running on time for several days. situation getting worse.,Transport
New road construction delayed at MG Road.,Public Works Department
Encroachment on public land at temple. facing issues since last week.,Development Authority
No proper communication from officials on issue raised. kindly look into this.,CM Office (Miscellaneous)
Plot disputes not being resolved on time. facing issues since last week.,Development Authority
Encroachment on public land at temple.,Development Authority
Drunken men creating disturbance in Sector 12. please resolve soon.,Police
Water leakage near main bazaar road. needs immediate attention.,Municipal
"Unfair practices in local department reported, please look into it. facing issues since last week.",CM Office (Miscellaneous)
Garbage not collected in Central Avenue for several days. kindly look into this.,Municipal
Women feel unsafe walking home after 7 PM.,Police
Garbage not collected in Downtown for several days. facing issues since last week.,Municipal
Stormwater drain collapsed near community hall. facing issues since last week.,Public Works Department
People blocking roads with illegal sheds. facing issues since last week.,Development Authority
Autos refusing passengers in Green Park. situation getting worse.,Transport
Illegal gambling happening behind signal point. situation getting worse.,Police
Bus shelter at Sector 12 broken and unsafe. situation getting worse.,Transport
Online complaint portal not working for days. needs immediate attention.,CM Office (Miscellaneous)
Drainage overflow causing bad smell near hospital. kindly look into this.,Municipal
Illegal gambling happening behind junction. situation getting worse.,Police
Delay in pension disbursement for seniors. kindly look into this.,CM Office (Miscellaneous)
Illegal gambling happening behind city mall. situation getting worse.,Police
Open manhole in temple dangerous for kids.,Municipal
Uneven road surface leading to traffic problems. kindly look into this.,Public Works Department
Citizen grievance unresolved despite repeated attempts.,CM Office (Miscellaneous)
Water stagnation near bus stop due to poor drainage. kindly look into this.,Public Works Department
People fighting daily at the bus stop. needs immediate attention.,Police
There is frequent eve teasing near the main road. kindly look into this.,Police
No proper communication from officials on issue raised. request urgent action.,CM Office (Miscellaneous)
"Unfair practices in local department reported, please look into it. situation getting worse.",CM Office (Miscellaneous)
Public dustbins overflowing and not cleaned. kindly look into this.,Municipal
Illegal gambling happening behind signal point. please resolve soon.,Police
Water leakage near 2nd street.,Municipal
Theft cases increasing in Downtown. Please increase patrolling. situation getting worse.,Police
Garbage not collected in Downtown for several days. please resolve soon.,Municipal
Streetlights not working since last week in MG Road. please resolve soon.,Municipal
Police not responding quickly during emergencies. facing issues since last week.,Police
Illegal gambling happening behind city mall. needs immediate attention.,Police
"Street damaged after rain, vehicles skidding. kindly look into this.",Public Works Department
Pedestrian crossing signal not working at bus stop. please resolve soon.,Transport
Culvert repair pending at Hill View. please resolve soon.,Public Works Department
Staff behavior rude and unhelpful in office. please resolve soon.,CM Office (Miscellaneous)
Government office not responding to complaints.,CM Office (Miscellaneous)
Citizen grievance unresolved despite repeated attempts.,CM Office (Miscellaneous)
Bridge under repair for months at junction.,Public Works Department
Road full of potholes at market area. needs immediate attention.,Public Works Department
Stormwater drain collapsed near community hall.,Public Works Department
Accidents happening due to no speed breakers at bus stop. please resolve soon.,Transport
Robbery incident reported near bus stop. needs immediate attention.,Police
Broken divider near junction causing jams. facing issues since last week.,Transport
Loud noise and public nuisance every night around bus stop. kindly look into this.,Police
Loud noise and public nuisance every night around temple. facing issues since last week.,Police
Delay in pension disbursement for seniors. kindly look into this.,CM Office (Miscellaneous)
Robbery incident reported near hospital.,Police
Encroachment on public land at park.,Development Authority
Citizen grievance unresolved despite repeated attempts. please resolve soon.,CM Office (Miscellaneous)
Loud noise and public nuisance every night around railway station.,Police
Flyover joints damaged and causing vehicle imbalance. needs immediate attention.,Public Works Department
Loud noise and public nuisance every night around railway station. facing issues since last week.,Police
People blocking roads with illegal sheds. kindly look into this.,Development Authority
Open manhole in park dangerous for kids.,Municipal
Online complaint portal not working for days. needs immediate attention.,CM Office (Miscellaneous)
Women feel unsafe walking home after 7 PM. request urgent action.,Police
Land encroachment by private party near park. situation getting worse.,Development Authority
Land encroachment by private party near park. request urgent action.,Development Authority
Fogging not done properly leading to mosquito menace. situation getting worse.,Municipal
Fogging not done properly leading to mosquito menace. request urgent action.,Municipal
Construction debris dumped near Sector 12.,Development Authority
Complaint regarding layout approval delay. kindly look into this.,Development Authority
Chain snatching reported near city mall. Please take action. situation getting worse.,Police
Poor road markings making driving difficult. please resolve soon.,Transport
Fogging not done properly leading to mosquito menace. needs immediate attention.,Municipal
Water stagnation near hospital due to poor drainage. kindly look into this.,Public Works Department
New road construction delayed at MG Road. request urgent action.,Public Works Department
Need urgent help regarding electricity bill issue. needs immediate attention.,CM Office (Miscellaneous)
Unhygienic conditions near market in Downtown. situation getting worse.,Municipal
Police not responding quickly during emergencies. situation getting worse.,Police
Citizen grievance unresolved despite repeated attempts. situation getting worse.,CM Office (Miscellaneous)
Illegal gambling happening behind petrol bunk. please resolve soon.,Police
Government office not responding to complaints. needs immediate attention.,CM Office (Miscellaneous)
Application not processed even after multiple visits.,CM Office (Miscellaneous)
Flyover construction delay leading to congestion. request urgent action.,Transport
Illegal gambling happening behind petrol bunk. request urgent action.,Police
Plot disputes not being resolved on time. please resolve soon.,Development Authority
Illegal gambling happening behind city mall. request urgent action.,Police
Flyover joints damaged and causing vehicle imbalance. kindly look into this.,Public Works Department
Robbery incident reported near railway station. request urgent action.,Police
Public dustbins overflowing and not cleaned. please resolve soon.,Municipal
Culvert repair pending at Hill View. please resolve soon.,Public Works Department
Illegal gambling happening behind bus depot. please resolve soon.,Police
Uneven road surface leading to traffic problems. request urgent action.,Public Works Department
Drainage overflow causing bad smell near hospital. needs immediate attention.,Municipal
Water stagnation near school due to poor drainage. please resolve soon.,Public Works Department
Plot disputes not being resolved on time. facing issues since last week.,Development Authority
Fogging not done properly leading to mosquito menace. needs immediate attention.,Municipal
Stormwater drain collapsed near junction. situation getting worse.,Public Works Department
Drainage overflow causing bad smell near school. situation getting worse.,Municipal
Waste dumped on roadside in Central Avenue. please resolve soon.,Municipal
"Street damaged after rain, vehicles skidding. situation getting worse.",Public Works Department
Stray dogs attacking people in MG Road. kindly look into this.,Municipal
Drunken men creating disturbance in XYZ Nagar. please resolve soon.,Police
New road construction delayed at MG Road. needs immediate attention.,Public Works Department
Online complaint portal not working for days. situation getting worse.,CM Office (Miscellaneous)
Drainage overflow causing bad smell near school. request urgent action.,Municipal
Staff behavior rude and unhelpful in office. request urgent action.,CM Office (Miscellaneous)
"Unfair practices in local department reported, please look into it. kindly look into this.",CM Office (Miscellaneous)
Water stagnation near school due to poor drainage.,Public Works Department
Government office not responding to complaints. facing issues since last week.,CM Office (Miscellaneous)
Broken divider near signal point causing jams. kindly look into this.,Transport
Unauthorized shops operating near bus depot. request urgent action.,Development Authority
There is frequent eve teasing near the market area. kindly look into this.,Police
Unhygienic conditions near market in Sector 12. situation getting worse.,Municipal
No proper communication from officials on issue raised. kindly look into this.,CM Office (Miscellaneous)
"Footpath broken near MG Road, pedestrians facing issues.",Public Works Department
Need urgent help regarding electricity bill issue.,CM Office (Miscellaneous)
Corruption complaint ignored by local officer. request urgent action.,CM Office (Miscellaneous)
Bus shelter at Sector 12 broken and unsafe. please resolve soon.,Transport
Government office not responding to complaints. request urgent action.,CM Office (Miscellaneous)
Illegal gambling happening behind bus depot. please resolve soon.,Police
Chain snatching reported near community hall. Please take action. please resolve soon.,Police
Accidents happening due to no speed breakers at school. situation getting worse.,Transport
Land encroachment by private party near market area. request urgent action.,Development Authority
Unhygienic conditions near market in Sector 12. situation getting worse.,Municipal
Water stagnation near railway station due to poor drainage. please resolve soon.,Public Works Department
Need urgent help regarding electricity bill issue. request urgent action.,CM Office (Miscellaneous)
Government office not responding to complaints. situation getting worse.,CM Office (Miscellaneous)
Violation of building norms at main road. situation getting worse.,Development Authority
Bus shelter at MG Road broken and unsafe. facing issues since last week.,Transport
Police not responding quickly during emergencies. kindly look into this.,Police
Need urgent help regarding electricity bill issue. facing issues since last week.,CM Office (Miscellaneous)
Plot disputes not being resolved on time. please resolve soon.,Development Authority
Online complaint portal not working for days. facing issues since last week.,CM Office (Miscellaneous)
Accidents happening due to no speed breakers at hospital. facing issues since last week.,Transport
Garbage not collected in Lakeview for several days. please resolve soon.,Municipal
Police not responding quickly during emergencies. situation getting worse.,Police
Chain snatching reported near signal point. Please take action. request urgent action.,Police
Construction debris dumped near Lakeview. kindly look into this.,Development Authority
Poor road markings making driving difficult. please resolve soon.,Transport
Police not responding quickly during emergencies.,Police
Robbery incident reported near temple.,Police
Autos refusing passengers in Green Park. please resolve soon.,Transport
Application not processed even after multiple visits. situation getting worse.,CM Office (Miscellaneous)
Citizen grievance unresolved despite repeated attempts. needs immediate attention.,CM Office (Miscellaneous)
Uneven road surface leading to traffic problems.,Public Works Department
Complaint regarding layout approval delay.,Development Authority
Government office not responding to complaints. situation getting worse.,CM Office (Miscellaneous)
Bridge under repair for months at community hall. needs immediate attention.,Public Works Department
Online complaint portal not working for days. situation getting worse.,CM Office (Miscellaneous)
Online complaint portal not working for days. needs immediate attention.,CM Office (Miscellaneous)
Unauthorized shops operating near signal point. kindly look into this.,Development Authority
Public dustbins overflowing and not cleaned. facing issues since last week.,Municipal
Stray dogs attacking people in Lakeview. facing issues since last week.,Municipal
Broken divider near petrol bunk causing jams. situation getting worse.,Transport
Delay in pension disbursement for seniors. situation getting worse.,CM Office (Miscellaneous)
Drainage overflow causing bad smell near park. kindly look into this.,Municipal
Flyover joints damaged and causing vehicle imbalance. situation getting worse.,Public Works Department
Construction debris dumped near MG Road. situation getting worse.,Development Authority
Police not responding quickly during emergencies. kindly look into this.,Police
Encroachment on public land at main road. please resolve soon.,Development Authority
"Footpath broken near Sector 12, pedestrians facing issues.",Public Works Department
Women feel unsafe walking home after 7 PM. facing issues since last week.,Police
Flyover construction delay leading to congestion. please resolve soon.,Transport
Unauthorized shops operating near junction. facing issues since last week.,Development Authority
Waste dumped on roadside in Sector 12. facing issues since last week.,Municipal
Online complaint portal not working for days. needs immediate attention.,CM Office (Miscellaneous)
Drunken men creating disturbance in XYZ Nagar. request urgent action.,Police
Waste dumped on roadside in ABC Colony. kindly look into this.,Municipal
Public dustbins overflowing and not cleaned. kindly look into this.,Municipal
Land encroachment by private party near railway station. kindly look into this.,Development Authority
Streetlights not working since last week in Sector 12. needs immediate attention.,Municipal
Heavy traffic jam at park every morning.,Transport
Theft cases increasing in Central Avenue. Please increase patrolling. please resolve soon.,Police
Theft cases increasing in MG Road. Please increase patrolling. request urgent action.,Police
Online complaint portal not working for days. situation getting worse.,CM Office (Miscellaneous)
Complaint regarding layout approval delay. facing issues since last week.,Development Authority
Unhygienic conditions near market in MG Road. needs immediate attention.,Municipal
Accidents happening due to no speed breakers at railway station. request urgent action.,Transport
Plot disputes not being resolved on time.,Development Authority
Online complaint portal not working for days. request urgent action.,CM Office (Miscellaneous)
Application not processed even after multiple visits. needs immediate attention.,CM Office (Miscellaneous)
Heavy traffic jam at railway station every morning. request urgent action.,Transport
Open manhole in park dangerous for kids. please resolve soon.,Municipal
Loud noise and public nuisance every night around hospital.,Police
Police not responding quickly during emergencies. situation getting worse.,Police
Land encroachment by private party near main road. please resolve soon.,Development Authority
Drainage overflow causing bad smell near park. please resolve soon.,Municipal
Corruption complaint ignored by local officer. request urgent action.,CM Office (Miscellaneous)
Fogging not done properly leading to mosquito menace. please resolve soon.,Municipal
Stormwater drain collapsed near city mall. situation getting worse.,Public Works Department
Illegal construction happening on 2nd street. request urgent action.,Development Authority
Land encroachment by private party near school. situation getting worse.,Development Authority
Accidents happening due to no speed breakers at market area. situation getting worse.,Transport
Pedestrian crossing signal not working at main road. facing issues since last week.,Transport
Government office not responding to complaints. kindly look into this.,CM Office (Miscellaneous)
Staff behavior rude and unhelpful in office.,CM Office (Miscellaneous)
Chain snatching reported near bus depot. Please take action. needs immediate attention.,Police
Pedestrian crossing signal not working at railway station. facing issues since last week.,Transport
Drainage overflow causing bad smell near main road. situation getting worse.,Municipal
Illegal gambling happening behind city mall. needs immediate attention.,Police
Unauthorized shops operating near signal point. needs immediate attention.,Development Authority
Bridge under repair for months at petrol bunk.,Public Works Department
Corruption complaint ignored by local officer. situation getting worse.,CM Office (Miscellaneous)
Accidents happening due to no speed breakers at temple.,Transport
Culvert repair pending at Airport Road. request urgent action.,Public Works Department
"Footpath broken near Lakeview, pedestrians facing issues. facing issues since last week.",Public Works Department
Bus route 24 not running on time for several days. situation getting worse.,Transport
Drainage overflow causing bad smell near market area. request urgent action.,Municipal
New road construction delayed at Green Park. needs immediate attention.,Public Works Department
Plot disputes not being resolved on time. kindly look into this.,Development Authority
No proper communication from officials on issue raised. kindly look into this.,CM Office (Miscellaneous)
Poor road markings making driving difficult.,Transport
Need urgent help regarding electricity bill issue. please resolve soon.,CM Office (Miscellaneous)
Road full of potholes at park.,Public Works Department
Signal at junction not functioning properly causing accidents.,Transport
Citizen grievance unresolved despite repeated attempts. please resolve soon.,CM Office (Miscellaneous)
Encroachment on public land at bus stop.,Development Authority
Delay in pension disbursement for seniors. needs immediate attention.,CM Office (Miscellaneous)
Plot disputes not being resolved on time.,Development Authority
Online complaint portal not working for days. needs immediate attention.,CM Office (Miscellaneous)
Drunken men creating disturbance in Green Park. needs immediate attention.,Police
Robbery incident reported near railway station. needs immediate attention.,Police
Bus route 56 not running on time for several days. situation getting worse.,Transport
Unauthorized shops operating near community hall. needs immediate attention.,Development Authority
"Unfair practices in local department reported, please look into it. please resolve soon.",CM Office (Miscellaneous)
Uneven road surface leading to traffic problems. please resolve soon.,Public Works Department
New road construction delayed at Lakeview. situation getting worse.,Public Works Department
Stray dogs attacking people in Green Park. facing issues since last week.,Municipal
Bridge under repair for months at community hall. please resolve soon.,Public Works Department
Citizen grievance unresolved despite repeated attempts. kindly look into this.,CM Office (Miscellaneous)
Broken divider near petrol bunk causing jams. please resolve soon.,Transport
Encroachment on public land at bus stop. please resolve soon.,Development Authority
Bus shelter at Sector 12 broken and unsafe. needs immediate attention.,Transport
Road full of potholes at bus stop. please resolve soon.,Public Works Department
Water leakage near 1st cross. request urgent action.,Municipal
Poor road markings making driving difficult. needs immediate attention.,Transport
No proper communication from officials on issue raised. situation getting worse.,CM Office (Miscellaneous)
Building without proper permission in Green Park. needs immediate attention.,Development Authority
Drunken men creating disturbance in XYZ Nagar. needs immediate attention.,Police
Encroachment on public land at bus stop. kindly look into this.,Development Authority
Illegal gambling happening behind city mall. request urgent action.,Police
Chain snatching reported near junction. Please take action.,Police
People blocking roads with illegal sheds. facing issues since last week.,Development Authority
Water leakage near 1st cross. situation getting worse.,Municipal
Unhygienic conditions near market in Sector 12. kindly look into this.,Municipal
No proper communication from officials on issue raised. kindly look into this.,CM Office (Miscellaneous)
Drunken men creating disturbance in Sector 12. situation getting worse.,Police
People fighting daily at the temple. please resolve soon.,Police
Bridge under repair for months at bus depot. request urgent action.,Public Works Department
Autos refusing passengers in XYZ Nagar.,Transport
Unhygienic conditions near market in XYZ Nagar. please resolve soon.,Municipal
Heavy traffic jam at school every morning. needs immediate attention.,Transport
Illegal construction happening on 1st cross. please resolve soon.,Development Authority
Encroachment on public land at park. request urgent action.,Development Authority
Garbage not collected in Central Avenue for several days. situation getting worse.,Municipal
Violation of building norms at bus stop. facing issues since last week.,Development Authority
Heavy traffic jam at railway station every morning. needs immediate attention.,Transport
There is frequent eve teasing near the school. facing issues since last week.,Police
Staff behavior rude and unhelpful in office. request urgent action.,CM Office (Miscellaneous)
"Footpath broken near Central Avenue, pedestrians facing issues. facing issues since last week.",Public Works Department
Bus route 18 not running on time for several days. situation getting worse.,Transport
Loud noise and public nuisance every night around main road. kindly look into this.,Police
Bus route 96 not running on time for several days. facing issues since last week.,Transport
Fogging not done properly leading to mosquito menace. facing issues since last week.,Municipal
Pedestrian crossing signal not working at railway station. request urgent action.,Transport
Waste dumped on roadside in XYZ Nagar.,Municipal
Robbery incident reported near railway station. please resolve soon.,Police
Broken divider near petrol bunk causing jams. facing issues since last week.,Transport
Pedestrian crossing signal not working at market area. please resolve soon.,Transport
Plot disputes not being resolved on time. needs immediate attention.,Development Authority
Encroachment on public land at railway station. situation getting worse.,Development Authority
Police not responding quickly during emergencies. request urgent action.,Police
Land encroachment by private party near park. please resolve soon.,Development Authority
Uneven road surface leading to traffic problems. kindly look into this.,Public Works Department
Broken divider near junction causing jams.,Transport
Broken divider near junction causing jams.,Transport
People fighting daily at the school. facing issues since last week.,Police
Waste dumped on roadside in Green Park.,Municipal
"Street damaged after rain, vehicles skidding. needs immediate attention.",Public Works Department
There is frequent eve teasing near the market area. facing issues since last week.,Police
Unauthorized shops operating near city mall. request urgent action.,Development Authority
Complaint regarding layout approval delay. please resolve soon.,Development Authority
Unauthorized shops operating near junction. kindly look into this.,Development Authority
There is frequent eve teasing near the temple. request urgent action.,Police
Stray dogs attacking people in ABC Colony. please resolve soon.,Municipal
Government office not responding to complaints. needs immediate attention.,CM Office (Miscellaneous)
Complaint regarding layout approval delay. request urgent action.,Development Authority
Waste dumped on roadside in Green Park. needs immediate attention.,Municipal
Staff behavior rude and unhelpful in office. request urgent action.,CM Office (Miscellaneous)
Autos refusing passengers in Sector 12. needs immediate attention.,Transport
Pedestrian crossing signal not working at park. needs immediate attention.,Transport
Water leakage near ring road.,Municipal
Loud noise and public nuisance every night around hospital. request urgent action.,Police
Signal at bus depot not functioning properly causing accidents.,Transport
Drainage overflow causing bad smell near temple. facing issues since last week.,Municipal
Theft cases increasing in Green Park. Please increase patrolling. facing issues since last week.,Police
Encroachment on public land at bus stop. facing issues since last week.,Development Authority
Garbage not collected in Downtown for several days. request urgent action.,Municipal
Streetlights not working since last week in Downtown. situation getting worse.,Municipal
Corruption complaint ignored by local officer. kindly look into this.,CM Office (Miscellaneous)
Garbage not collected in XYZ Nagar for several days. kindly look into this.,Municipal
Stormwater drain collapsed near community hall. please resolve soon.,Public Works Department
Theft cases increasing in ABC Colony. Please increase patrolling. needs immediate attention.,Police
Flyover joints damaged and causing vehicle imbalance. kindly look into this.,Public Works Department
Heavy traffic jam at school every morning. kindly look into this.,Transport
Building without proper permission in XYZ Nagar. facing issues since last week.,Development Authority
Citizen grievance unresolved despite repeated attempts. request urgent action.,CM Office (Miscellaneous)
There is frequent eve teasing near the hospital. request urgent action.,Police
Delay in pension disbursement for seniors. facing issues since last week.,CM Office (Miscellaneous)
Illegal construction happening on ring road. request urgent action.,Development Authority
Online complaint portal not working for days.,CM Office (Miscellaneous)
Public dustbins overflowing and not cleaned. kindly look into this.,Municipal
"Unfair practices in local department reported, please look into it. please resolve soon.",CM Office (Miscellaneous)
Theft cases increasing in Downtown. Please increase patrolling. needs immediate attention.,Police
Broken divider near petrol bunk causing jams. needs immediate attention.,Transport
Waste dumped on roadside in Central Avenue. needs immediate attention.,Municipal
Building without proper permission in ABC Colony.,Development Authority
"Street damaged after rain, vehicles skidding. facing issues since last week.",Public Works Department
Complaint regarding layout approval delay. kindly look into this.,Development Authority
Road full of potholes at bus stop. facing issues since last week.,Public Works Department
Stray dogs attacking people in Downtown. please resolve soon.,Municipal
Flyover joints damaged and causing vehicle imbalance. please resolve soon.,Public Works Department
Bridge under repair for months at signal point. facing issues since last week.,Public Works Department
Waste dumped on roadside in Downtown. situation getting worse.,Municipal
Open manhole in hospital dangerous for kids. facing issues since last week.,Municipal
"Footpath broken near XYZ Nagar, pedestrians facing issues.",Public Works Department
Stray dogs attacking people in MG Road. request urgent action.,Municipal
New road construction delayed at MG Road. facing issues since last week.,Public Works Department
Application not processed even after multiple visits.,CM Office (Miscellaneous)
Flyover construction delay leading to congestion. please resolve soon.,Transport
Violation of building norms at temple.,Development Authority
People blocking roads with illegal sheds. kindly look into this.,Development Authority
Delay in pension disbursement for seniors. please resolve soon.,CM Office (Miscellaneous)
Unhygienic conditions near market in MG Road. request urgent action.,Municipal
Streetlights not working since last week in Sector 12. kindly look into this.,Municipal
Complaint regarding layout approval delay. needs immediate attention.,Development Authority
Accidents happening due to no speed breakers at school. needs immediate attention.,Transport
Broken divider near bus depot causing jams. kindly look into this.,Transport
Need urgent help regarding electricity bill issue. request urgent action.,CM Office (Miscellaneous)
Garbage not collected in MG Road for several days. needs immediate attention.,Municipal
Open manhole in school dangerous for kids. request urgent action.,Municipal
Complaint regarding layout approval delay. situation getting worse.,Development Authority
Drainage overflow causing bad smell near hospital. needs immediate attention.,Municipal
Delay in pension disbursement for seniors. request urgent action.,CM Office (Miscellaneous)
Bridge under repair for months at city mall. facing issues since last week.,Public Works Department
Accidents happening due to no speed breakers at hospital. situation getting worse.,Transport
Encroachment on public land at main road. kindly look into this.,Development Authority
Flyover construction delay leading to congestion. request urgent action.,Transport
Women feel unsafe walking home after 7 PM. situation getting worse.,Police
Bridge under repair for months at community hall. request urgent action.,Public Works Department
Waste dumped on roadside in Downtown.,Municipal
Unauthorized shops operating near petrol bunk. kindly look into this.,Development Authority
Police not responding quickly during emergencies. please resolve soon.,Police
Chain snatching reported near bus depot. Please take action.,Police
Heavy traffic jam at park every morning. facing issues since last week.,Transport
Complaint regarding layout approval delay. request urgent action.,Development Authority
Flyover construction delay leading to congestion. request urgent action.,Transport
Signal at petrol bunk not functioning properly causing accidents.,Transport
Streetlights not working since last week in Downtown. please resolve soon.,Municipal
Police not responding quickly during emergencies. needs immediate attention.,Police
Broken divider near bus depot causing jams. please resolve soon.,Transport
Bridge under repair for months at community hall. situation getting worse.,Public Works Department
Flyover construction delay leading to congestion. needs immediate attention.,Transport
Unauthorized shops operating near community hall. needs immediate attention.,Development Authority
Construction debris dumped near Lakeview. facing issues since last week.,Development Authority
Heavy traffic jam at hospital every morning. kindly look into this.,Transport
Plot disputes not being resolved on time. needs immediate attention.,Development Authority
Poor road markings making driving difficult. request urgent action.,Transport
Police not responding quickly during emergencies. please resolve soon.,Police
Broken divider near petrol bunk causing jams. please resolve soon.,Transport
Violation of building norms at temple.,Development Authority
Loud noise and public nuisance every night around bus stop. situation getting worse.,Police
Bus shelter at Downtown broken and unsafe. needs immediate attention.,Transport
Stormwater drain collapsed near signal point. request urgent action.,Public Works Department
Application not processed even after multiple visits. request urgent action.,CM Office (Miscellaneous)
"Unfair practices in local department reported, please look into it. request urgent action.",CM Office (Miscellaneous)
People blocking roads with illegal sheds. please resolve soon.,Development Authority
Flyover joints damaged and causing vehicle imbalance. kindly look into this.,Public Works Department
Need urgent help regarding electricity bill issue.,CM Office (Miscellaneous)
Plot disputes not being resolved on time. request urgent action.,Development Authority
Signal at city mall not functioning properly causing accidents. needs immediate attention.,Transport
Bus shelter at Downtown broken and unsafe. request urgent action.,Transport
Pedestrian crossing signal not working at hospital. facing issues since last week.,Transport
Streetlights not working since last week in Sector 12. needs immediate attention.,Municipal
Loud noise and public nuisance every night around school.,Police
No proper communication from officials on issue raised. situation getting worse.,CM Office (Miscellaneous)
Culvert repair pending at Hill View. needs immediate attention.,Public Works Department
Public dustbins overflowing and not cleaned. kindly look into this.,Municipal
Autos refusing passengers in Downtown.,Transport
Violation of building norms at bus stop. facing issues since last week.,Development Authority
There is frequent eve teasing near the school. request urgent action.,Police
Robbery incident reported near park. situation getting worse.,Police
Robbery incident reported near park. kindly look into this.,Police
Streetlights not working since last week in Sector 12.,Municipal
Stormwater drain collapsed near signal point. request urgent action.,Public Works Department
Unhygienic conditions near market in Sector 12. request urgent action.,Municipal
Poor road markings making driving difficult. situation getting worse.,Transport
Culvert repair pending at Old City. needs immediate attention.,Public Works Department
Drainage overflow causing bad smell near temple. kindly look into this.,Municipal
Construction debris dumped near Sector 12. kindly look into this.,Development Authority
Flyover construction delay leading to congestion. please resolve soon.,Transport
Stray dogs attacking people in Lakeview. needs immediate attention.,Municipal
Drainage overflow causing bad smell near market area.,Municipal
Bus route 81 not running on time for several days. request urgent action.,Transport
Application not processed even after multiple visits. facing issues since last week.,CM Office (Miscellaneous)
Flyover construction delay leading to congestion. please resolve soon.,Transport
Water stagnation near market area due to poor drainage. situation getting worse.,Public Works Department
Unauthorized shops operating near petrol bunk. kindly look into this.,Development Authority
Staff behavior rude and unhelpful in office. kindly look into this.,CM Office (Miscellaneous)
Illegal gambling happening behind community hall.,Police
Drainage overflow causing bad smell near school. needs immediate attention.,Municipal
Unhygienic conditions near market in ABC Colony. kindly look into this.,Municipal
Water leakage near ring road. facing issues since last week.,Municipal
Uneven road surface leading to traffic problems. please resolve soon.,Public Works Department
"Footpath broken near Green Park, pedestrians facing issues. needs immediate attention.",Public Works Department
People blocking roads with illegal sheds. facing issues since last week.,Development Authority
Illegal construction happening on ring road. situation getting worse.,Development Authority
Robbery incident reported near market area. request urgent action.,Police
Corruption complaint ignored by local officer. kindly look into this.,CM Office (Miscellaneous)
Bridge under repair for months at city mall. situation getting worse.,Public Works Department
Illegal construction happening on 2nd street. please resolve soon.,Development Authority
Accidents happening due to no speed breakers at school. request urgent action.,Transport
Corruption complaint ignored by local officer. kindly look into this.,CM Office (Miscellaneous)
Pedestrian crossing signal not working at main road. please resolve soon.,Transport
Encroachment on public land at main road. situation getting worse.,Development Authority
Pedestrian crossing signal not working at bus stop. please resolve soon.,Transport
Autos refusing passengers in MG Road. needs immediate attention.,Transport
Robbery incident reported near railway station. needs immediate attention.,Police
Stormwater drain collapsed near signal point. facing issues since last week.,Public Works Department
Online complaint portal not working for days.,CM Office (Miscellaneous)
Drainage overflow causing bad smell near temple. kindly look into this.,Municipal
Garbage not collected in Downtown for several days. needs immediate attention.,Municipal
Accidents happening due to no speed breakers at bus stop. please resolve soon.,Transport
There is frequent eve teasing near the temple.,Police
Citizen grievance unresolved despite repeated attempts. situation getting worse.,CM Office (Miscellaneous)
Broken divider near bus depot causing jams. facing issues since last week.,Transport
People blocking roads with illegal sheds. kindly look into this.,Development Authority
Heavy traffic jam at hospital every morning. kindly look into this.,Transport
Drunken men creating disturbance in Lakeview. situation getting worse.,Police
Violation of building norms at hospital. needs immediate attention.,Development Authority
Plot disputes not being resolved on time.,Development Authority
Land encroachment by private party near hospital. please resolve soon.,Development Authority
Open manhole in hospital dangerous for kids. facing issues since last week.,Municipal
Government office not responding to complaints. kindly look into this.,CM Office (Miscellaneous)
Citizen grievance unresolved despite repeated attempts. needs immediate attention.,CM Office (Miscellaneous)
Stray dogs attacking people in XYZ Nagar. needs immediate attention.,Municipal
New road construction delayed at Sector 12. needs immediate attention.,Public Works Department
Flyover construction delay leading to congestion. facing issues since last week.,Transport
Unauthorized shops operating near bus depot. needs immediate attention.,Development Authority
Plot disputes not being resolved on time. situation getting worse.,Development Authority
Robbery incident reported near temple. needs immediate attention.,Police
Culvert repair pending at New Town. please resolve soon.,Public Works Department
Government office not responding to complaints. request urgent action.,CM Office (Miscellaneous)
Water stagnation near bus stop due to poor drainage. needs immediate attention.,Public Works Department
Chain snatching reported near junction. Please take action. request urgent action.,Police
Chain snatching reported near bus depot. Please take action. facing issues since last week.,Police
Loud noise and public nuisance every night around market area. request urgent action.,Police
"Unfair practices in local department reported, please look into it. request urgent action.",CM Office (Miscellaneous)
There is frequent eve teasing near the temple. facing issues since last week.,Police
Illegal construction happening on ring road. situation getting worse.,Development Authority
Waste dumped on roadside in MG Road. situation getting worse.,Municipal
No proper communication from officials on issue raised. situation getting worse.,CM Office (Miscellaneous)
Heavy traffic jam at hospital every morning. situation getting worse.,Transport
Illegal construction happening on 1st cross. facing issues since last week.,Development Authority
Drainage overflow causing bad smell near park.,Municipal
Road full of potholes at railway station. please resolve soon.,Public Works Department
"Unfair practices in local department reported, please look into it. situation getting worse.",CM Office (Miscellaneous)
Police not responding quickly during emergencies. request urgent action.,Police
Land encroachment by private party near market area. situation getting worse.,Development Authority
Illegal construction happening on ring road. kindly look into this.,Development Authority
Culvert repair pending at Hill View. kindly look into this.,Public Works Department
Loud noise and public nuisance every night around main road.,Police
Stray dogs attacking people in Central Avenue. needs immediate attention.,Municipal
Broken divider near signal point causing jams. request urgent action.,Transport
Unhygienic conditions near market in Sector 12.,Municipal
Violation of building norms at hospital. please resolve soon.,Development Authority
Women feel unsafe walking home after 7 PM. needs immediate attention.,Police
Illegal gambling happening behind bus depot. situation getting worse.,Police
Loud noise and public nuisance every night around bus stop.,Police
Chain snatching reported near bus depot. Please take action.,Police
Theft cases increasing in MG Road. Please increase patrolling.,Police
Loud noise and public nuisance every night around main road. situation getting worse.,Police
Drainage overflow causing bad smell near park. request urgent action.,Municipal
Bus route 50 not running on time for several days. request urgent action.,Transport
Unauthorized shops operating near signal point.,Development Authority
Illegal gambling happening behind city mall. kindly look into this.,Police
"Unfair practices in local department reported, please look into it. request urgent action.",CM Office (Miscellaneous)
Stray dogs attacking people in Green Park. kindly look into this.,Municipal
Staff behavior rude and unhelpful in office. needs immediate attention.,CM Office (Miscellaneous)
Violation of building norms at hospital. kindly look into this.,Development Authority
Autos refusing passengers in Green Park. request urgent action.,Transport
Complaint regarding layout approval delay. situation getting worse.,Development Authority
Fogging not done properly leading to mosquito menace. request urgent action.,Municipal
Robbery incident reported near temple. facing issues since last week.,Police
People fighting daily at the temple. please resolve soon.,Police
Water leakage near main bazaar road. kindly look into this.,Municipal
Robbery incident reported near bus stop. needs immediate attention.,Police
Uneven road surface leading to traffic problems. facing issues since last week.,Public Works Department
Loud noise and public nuisance every night around hospital.,Police
Police not responding quickly during emergencies. facing issues since last week.,Police
Complaint regarding layout approval delay. facing issues since last week.,Development Authority
Bridge under repair for months at junction. request urgent action.,Public Works Department
Bus shelter at MG Road broken and unsafe.,Transport
Flyover construction delay leading to congestion.,Transport
Need urgent help regarding electricity bill issue. needs immediate attention.,CM Office (Miscellaneous)
People fighting daily at the market area. facing issues since last week.,Police
Stormwater drain collapsed near bus depot. kindly look into this.,Public Works Department
"Street damaged after rain, vehicles skidding.",Public Works Department
Complaint regarding layout approval delay. facing issues since last week.,Development Authority
Broken divider near petrol bunk causing jams. facing issues since last week.,Transport
Bridge under repair for months at bus depot. kindly look into this.,Public Works Department
Flyover construction delay leading to congestion. facing issues since last week.,Transport
Violation of building norms at school. situation getting worse.,Development Authority
Flyover joints damaged and causing vehicle imbalance. needs immediate attention.,Public Works Department
Complaint regarding layout approval delay. facing issues since last week.,Development Authority
Loud noise and public nuisance every night around school. please resolve soon.,Police
People fighting daily at the park. facing issues since last week.,Police
Plot disputes not being resolved on time.,Development Authority
Robbery incident reported near railway station. facing issues since last week.,Police
Road full of potholes at main road. situation getting worse.,Public Works Department
New road construction delayed at Central Avenue. situation getting worse.,Public Works Department
Accidents happening due to no speed breakers at bus stop.,Transport
Road full of potholes at park. kindly look into this.,Public Works Department
Citizen grievance unresolved despite repeated attempts.,CM Office (Miscellaneous)
Bus route 46 not running on time for several days. situation getting worse.,Transport
Stray dogs attacking people in Green Park. needs immediate attention.,Municipal
New road construction delayed at Central Avenue. kindly look into this.,Public Works Department
Plot disputes not being resolved on time. facing issues since last week.,Development Authority
"Footpath broken near MG Road, pedestrians facing issues.",Public Works Department
Broken divider near petrol bunk causing jams.,Transport
Corruption complaint ignored by local officer. facing issues since last week.,CM Office (Miscellaneous)
Delay in pension disbursement for seniors. kindly look into this.,CM Office (Miscellaneous)
Illegal gambling happening behind petrol bunk.,Police
No proper communication from officials on issue raised. situation getting worse.,CM Office (Miscellaneous)
Bus shelter at MG Road broken and unsafe. please resolve soon.,Transport
There is frequent eve teasing near the bus stop. request urgent action.,Police
Water stagnation near school due to poor drainage. request urgent action.,Public Works Department
Bus route 89 not running on time for several days. situation getting worse.,Transport
Public dustbins overflowing and not cleaned. needs immediate attention.,Municipal
Building without proper permission in MG Road. kindly look into this.,Development Authority
Online complaint portal not working for days. situation getting worse.,CM Office (Miscellaneous)
Bridge under repair for months at junction. needs immediate attention.,Public Works Department
Building without proper permission in Sector 12. request urgent action.,Development Authority
There is frequent eve teasing near the market area.,Police
Chain snatching reported near bus depot. Please take action. please resolve soon.,Police
Flyover construction delay leading to congestion. kindly look into this.,Transport
Staff behavior rude and unhelpful in office. please resolve soon.,CM Office (Miscellaneous)
Water stagnation near market area due to poor drainage. please resolve soon.,Public Works Department
Drunken men creating disturbance in Central Avenue. needs immediate attention.,Police
Unauthorized shops operating near community hall. situation getting worse.,Development Authority
People fighting daily at the temple. please resolve soon.,Police
Women feel unsafe walking home after 7 PM. facing issues since last week.,Police
People fighting daily at the market area.,Police
Corruption complaint ignored by local officer. kindly look into this.,CM Office (Miscellaneous)
Need urgent help regarding electricity bill issue. needs immediate attention.,CM Office (Miscellaneous)
Complaint regarding layout approval delay. kindly look into this.,Development Authority
Public dustbins overflowing and not cleaned. situation getting worse.,Municipal
Theft cases increasing in Sector 12. Please increase patrolling.,Police
Police not responding quickly during emergencies. please resolve soon.,Police
Poor road markings making driving difficult. please resolve soon.,Transport
Construction debris dumped near XYZ Nagar. kindly look into this.,Development Authority
Violation of building norms at park. kindly look into this.,Development Authority
Chain snatching reported near community hall. Please take action. please resolve soon.,Police
Accidents happening due to no speed breakers at park. please resolve soon.,Transport
Application not processed even after multiple visits. facing issues since last week.,CM Office (Miscellaneous)
Encroachment on public land at hospital. request urgent action.,Development Authority
No proper communication from officials on issue raised. request urgent action.,CM Office (Miscellaneous)
Poor road markings making driving difficult. needs immediate attention.,Transport
Flyover joints damaged and causing vehicle imbalance. facing issues since last week.,Public Works Department
Unauthorized shops operating near signal point. kindly look into this.,Development Authority
Heavy traffic jam at park every morning. request urgent action.,Transport
"Unfair practices in local department reported, please look into it. kindly look into this.",CM Office (Miscellaneous)
Road full of potholes at bus stop. needs immediate attention.,Public Works Department
Fogging not done properly leading to mosquito menace. request urgent action.,Municipal
Heavy traffic jam at market area every morning. facing issues since last week.,Transport
Fogging not done properly leading to mosquito menace. please resolve soon.,Municipal
"Unfair practices in local department reported, please look into it.",CM Office (Miscellaneous)
People blocking roads with illegal sheds. facing issues since last week.,Development Authority
Public dustbins overflowing and not cleaned. facing issues since last week.,Municipal
Drunken men creating disturbance in Lakeview. kindly look into this.,Police
Police not responding quickly during emergencies. facing issues since last week.,Police
Building without proper permission in Green Park. kindly look into this.,Development Authority
Pedestrian crossing signal not working at main road.,Transport
Women feel unsafe walking home after 7 PM. facing issues since last week.,Police
Signal at petrol bunk not functioning properly causing accidents. facing issues since last week.,Transport
Land encroachment by private party near main road.,Development Authority
Encroachment on public land at hospital. needs immediate attention.,Development Authority
Violation of building norms at main road. needs immediate attention.,Development Authority
Water stagnation near park due to poor drainage. needs immediate attention.,Public Works Department
Flyover joints damaged and causing vehicle imbalance. kindly look into this.,Public Works Department
Road full of potholes at temple. request urgent action.,Public Works Department
Construction debris dumped near Downtown. request urgent action.,Development Authority
Water leakage near ring road. kindly look into this.,Municipal
Stormwater drain collapsed near junction. situation getting worse.,Public Works Department
New road construction delayed at Sector 12. needs immediate attention.,Public Works Department
Women feel unsafe walking home after 7 PM. please resolve soon.,Police
Building without proper permission in Lakeview. facing issues since last week.,Development Authority
Heavy traffic jam at main road every morning. request urgent action.,Transport
Illegal gambling happening behind city mall. please resolve soon.,Police
Drunken men creating disturbance in Sector 12. situation getting worse.,Police
Staff behavior rude and unhelpful in office. situation getting worse.,CM Office (Miscellaneous)
Construction debris dumped near Lakeview. facing issues since last week.,Development Authority
Corruption complaint ignored by local officer. kindly look into this.,CM Office (Miscellaneous)
Citizen grievance unresolved despite repeated attempts. situation getting worse.,CM Office (Miscellaneous)
Unauthorized shops operating near petrol bunk. kindly look into this.,Development Authority
Illegal construction happening on 2nd street. please resolve soon.,Development Authority
Violation of building norms at main road. request urgent action.,Development Authority
Violation of building norms at hospital.,Development Authority
Chain snatching reported near community hall. Please take action. request urgent action.,Police
Heavy traffic jam at railway station every morning. situation getting worse.,Transport
No proper communication from officials on issue raised. request urgent action.,CM Office (Miscellaneous)
Autos refusing passengers in Downtown. kindly look into this.,Transport
Staff behavior rude and unhelpful in office. needs immediate attention.,CM Office (Miscellaneous)
Flyover joints damaged and causing vehicle imbalance. please resolve soon.,Public Works Department
Drainage overflow causing bad smell near railway station. situation getting worse.,Municipal
Poor road markings making driving difficult.,Transport
Illegal construction happening on 1st cross. needs immediate attention.,Development Authority
There is frequent eve teasing near the market area.,Police
Stray dogs attacking people in Downtown. kindly look into this.,Municipal
Theft cases increasing in ABC Colony. Please increase patrolling. facing issues since last week.,Police
Online complaint portal not working for days. kindly look into this.,CM Office (Miscellaneous)
Staff behavior rude and unhelpful in office. please resolve soon.,CM Office (Miscellaneous)
Unauthorized shops operating near junction.,Development Authority
"Unfair practices in local department reported, please look into it. please resolve soon.",CM Office (Miscellaneous)
Complaint regarding layout approval delay. request urgent action.,Development Authority
Stormwater drain collapsed near junction. request urgent action.,Public Works Department
Water leakage near ring road. needs immediate attention.,Municipal
Unauthorized shops operating near bus depot. please resolve soon.,Development Authority
Application not processed even after multiple visits. situation getting worse.,CM Office (Miscellaneous)
Robbery incident reported near main road. needs immediate attention.,Police
Building without proper permission in Lakeview. facing issues since last week.,Development Authority
Open manhole in hospital dangerous for kids. situation getting worse.,Municipal
Corruption complaint ignored by local officer. request urgent action.,CM Office (Miscellaneous)
Violation of building norms at market area. kindly look into this.,Development Authority
Illegal construction happening on main bazaar road.,Development Authority
Chain snatching reported near city mall. Please take action. facing issues since last week.,Police
Drunken men creating disturbance in Sector 12. needs immediate attention.,Police
"Street damaged after rain, vehicles skidding. please resolve soon.",Public Works Department
Stormwater drain collapsed near community hall. needs immediate attention.,Public Works Department
Government office not responding to complaints. situation getting worse.,CM Office (Miscellaneous)
Drunken men creating disturbance in ABC Colony. facing issues since last week.,Police
Bus route 11 not running on time for several days.,Transport
Government office not responding to complaints. kindly look into this.,CM Office (Miscellaneous)
Road full of potholes at main road.,Public Works Department
New road construction delayed at Sector 12. kindly look into this.,Public Works Department
Police not responding quickly during emergencies. kindly look into this.,Police
Plot disputes not being resolved on time. facing issues since last week.,Development Authority
New road construction delayed at Sector 12. kindly look into this.,Public Works Department
Illegal construction happening on ring road.,Development Authority
Public dustbins overflowing and not cleaned.,Municipal
Broken divider near petrol bunk causing jams. facing issues since last week.,Transport
There is frequent eve teasing near the school. request urgent action.,Police
Drunken men creating disturbance in ABC Colony. please resolve soon.,Police
Land encroachment by private party near park. kindly look into this.,Development Authority
Encroachment on public land at park. please resolve soon.,Development Authority
Complaint regarding layout approval delay. facing issues since last week.,Development Authority
There is frequent eve teasing near the hospital. kindly look into this.,Police
Bridge under repair for months at bus depot.,Public Works Department
Land encroachment by private party near school. facing issues since last week.,Development Authority
Bus shelter at ABC Colony broken and unsafe.,Transport
Streetlights not working since last week in Sector 12. please resolve soon.,Municipal
Corruption complaint ignored by local officer. please resolve soon.,CM Office (Miscellaneous)
Drunken men creating disturbance in Central Avenue. please resolve soon.,Police
Bus route 46 not running on time for several days.,Transport
Encroachment on public land at market area. please resolve soon.,Development Authority
Application not processed even after multiple visits. needs immediate attention.,CM Office (Miscellaneous)
Chain snatching reported near community hall. Please take action.,Police
Illegal construction happening on 1st cross. request urgent action.,Development Authority
New road construction delayed at ABC Colony. needs immediate attention.,Public Works Department
Stormwater drain collapsed near community hall. needs immediate attention.,Public Works Department
Delay in pension disbursement for seniors. please resolve soon.,CM Office (Miscellaneous)
Streetlights not working since last week in ABC Colony.,Municipal
Road full of potholes at market area. needs immediate attention.,Public Works Department
Drunken men creating disturbance in Downtown. situation getting worse.,Police
Stormwater drain collapsed near city mall. needs immediate attention.,Public Works Department
Water leakage near 1st cross.,Municipal
Fogging not done properly leading to mosquito menace.,Municipal
Fogging not done properly leading to mosquito menace. needs immediate attention.,Municipal
People fighting daily at the park. please resolve soon.,Police
Chain snatching reported near city mall. Please take action. please resolve soon.,Police
There is frequent eve teasing near the hospital. situation getting worse.,Police
Citizen grievance unresolved despite repeated attempts. kindly look into this.,CM Office (Miscellaneous)
Plot disputes not being resolved on time. situation getting worse.,Development Authority
Fogging not done properly leading to mosquito menace. facing issues since last week.,Municipal
People blocking roads with illegal sheds. needs immediate attention.,Development Authority
Construction debris dumped near Green Park. facing issues since last week.,Development Authority
Heavy traffic jam at main road every morning. please resolve soon.,Transport
Robbery incident reported near market area. situation getting worse.,Police
Flyover construction delay leading to congestion. kindly look into this.,Transport
New road construction delayed at Central Avenue. situation getting worse.,Public Works Department
Road full of potholes at school. please resolve soon.,Public Works Department
Public dustbins overflowing and not cleaned. situation getting worse.,Municipal
Stormwater drain collapsed near city mall. request urgent action.,Public Works Department
Need urgent help regarding electricity bill issue. kindly look into this.,CM Office (Miscellaneous)
New road construction delayed at Green Park. needs immediate attention.,Public Works Department
People fighting daily at the hospital. needs immediate attention.,Police
Accidents happening due to no speed breakers at park. needs immediate attention.,Transport
Open manhole in bus stop dangerous for kids. needs immediate attention.,Municipal
Fogging not done properly leading to mosquito menace. facing issues since last week.,Municipal
Stormwater drain collapsed near city mall. kindly look into this.,Public Works Department
Bridge under repair for months at junction. request urgent action.,Public Works Department
Police not responding quickly during emergencies. please resolve soon.,Police
Unauthorized shops operating near petrol bunk. needs immediate attention.,Development Authority
Encroachment on public land at temple.,Development Authority
Road full of potholes at park. please resolve soon.,Public Works Department
Road full of potholes at main road. request urgent action.,Public Works Department
Streetlights not working since last week in Sector 12. kindly look into this.,Municipal
Robbery incident reported near hospital. kindly look into this.,Police
Encroachment on public land at bus stop. situation getting worse.,Development Authority
Open manhole in market area dangerous for kids. please resolve soon.,Municipal
Flyover joints damaged and causing vehicle imbalance. situation getting worse.,Public Works Department
Water stagnation near bus stop due to poor drainage. please resolve soon.,Public Works Department
Broken divider near bus depot causing jams. kindly look into this.,Transport
Unhygienic conditions near market in MG Road. situation getting worse.,Municipal
Need urgent help regarding electricity bill issue. facing issues since last week.,CM Office (Miscellaneous)
Land encroachment by private party near market area. needs immediate attention.,Development Authority
Signal at petrol bunk not functioning properly causing accidents. facing issues since last week.,Transport
Theft cases increasing in Green Park. Please increase patrolling. facing issues since last week.,Police
New road construction delayed at Central Avenue.,Public Works Department
People fighting daily at the school. request urgent action.,Police
New road construction delayed at Sector 12. please resolve soon.,Public Works Department
"Footpath broken near Central Avenue, pedestrians facing issues. situation getting worse.",Public Works Department
Culvert repair pending at Airport Road. please resolve soon.,Public Works Department
"Street damaged after rain, vehicles skidding.",Public Works Department
Theft cases increasing in XYZ Nagar. Please increase patrolling. please resolve soon.,Police
Online complaint portal not working for days. kindly look into this.,CM Office (Miscellaneous)
No proper communication from officials on issue raised. please resolve soon.,CM Office (Miscellaneous)
Stray dogs attacking people in Lakeview. request urgent action.,Municipal
"Street damaged after rain, vehicles skidding. situation getting worse.",Public Works Department
Uneven road surface leading to traffic problems. request urgent action.,Public Works Department
Flyover joints damaged and causing vehicle imbalance. needs immediate attention.,Public Works Department
Illegal gambling happening behind bus depot. needs immediate attention.,Police
Bus shelter at Lakeview broken and unsafe. please resolve soon.,Transport
Accidents happening due to no speed breakers at bus stop. request urgent action.,Transport
Online complaint portal not working for days. situation getting worse.,CM Office (Miscellaneous)
Delay in pension disbursement for seniors. facing issues since last week.,CM Office (Miscellaneous)
Unauthorized shops operating near petrol bunk.,Development Authority
Streetlights not working since last week in Green Park.,Municipal
Stormwater drain collapsed near petrol bunk. situation getting worse.,Public Works Department
Need urgent help regarding electricity bill issue. please resolve soon.,CM Office (Miscellaneous)
Uneven road surface leading to traffic problems. please resolve soon.,Public Works Department
Bus shelter at ABC Colony broken and unsafe. kindly look into this.,Transport
Online complaint portal not working for days. situation getting worse.,CM Office (Miscellaneous)
Heavy traffic jam at hospital every morning. kindly look into this.,Transport
Poor road markings making driving difficult. needs immediate attention.,Transport
Need urgent help regarding electricity bill issue. kindly look into this.,CM Office (Miscellaneous)
Public dustbins overflowing and not cleaned. situation getting worse.,Municipal
Pedestrian crossing signal not working at temple. request urgent action.,Transport
No proper communication from officials on issue raised. kindly look into this.,CM Office (Miscellaneous)
Stormwater drain collapsed near signal point. request urgent action.,Public Works Department
Delay in pension disbursement for seniors. needs immediate attention.,CM Office (Miscellaneous)
Robbery incident reported near main road. facing issues since last week.,Police
Delay in pension disbursement for seniors. facing issues since last week.,CM Office (Miscellaneous)
"Street damaged after rain, vehicles skidding. needs immediate attention.",Public Works Department
There is frequent eve teasing near the railway station.,Police
Encroachment on public land at railway station. kindly look into this.,Development Authority
Water leakage near 2nd street.,Municipal
Online complaint portal not working for days.,CM Office (Miscellaneous)
Stormwater drain collapsed near city mall. please resolve soon.,Public Works Department
Unauthorized shops operating near junction. please resolve soon.,Development Authority
Women feel unsafe walking home after 7 PM. needs immediate attention.,Police
People fighting daily at the bus stop. kindly look into this.,Police
Staff behavior rude and unhelpful in office.,CM Office (Miscellaneous)
Signal at junction not functioning properly causing accidents. facing issues since last week.,Transport
"Unfair practices in local department reported, please look into it. request urgent action.",CM Office (Miscellaneous)
Flyover construction delay leading to congestion. kindly look into this.,Transport
Encroachment on public land at temple. facing issues since last week.,Development Authority
Building without proper permission in Lakeview. facing issues since last week.,Development Authority
Delay in pension disbursement for seniors. situation getting worse.,CM Office (Miscellaneous)
"Footpath broken near ABC Colony, pedestrians facing issues. please resolve soon.",Public Works Department
Stray dogs attacking people in ABC Colony. please resolve soon.,Municipal
No proper communication from officials on issue raised. kindly look into this.,CM Office (Miscellaneous)
There is frequent eve teasing near the park. facing issues since last week.,Police
Women feel unsafe walking home after 7 PM. kindly look into this.,Police
Open manhole in park dangerous for kids. kindly look into this.,Municipal
Public dustbins overflowing and not cleaned. please resolve soon.,Municipal
Poor road markings making driving difficult. facing issues since last week.,Transport
Chain snatching reported near community hall. Please take action. request urgent action.,Police
Government office not responding to complaints. needs immediate attention.,CM Office (Miscellaneous)
Poor road markings making driving difficult. needs immediate attention.,Transport
Bridge under repair for months at junction. please resolve soon.,Public Works Department
Police not responding quickly during emergencies. kindly look into this.,Police
Illegal gambling happening behind signal point. needs immediate attention.,Police
Pedestrian crossing signal not working at temple. facing issues since last week.,Transport
Police not responding quickly during emergencies. kindly look into this.,Police
Culvert repair pending at Airport Road.,Public Works Department
Plot disputes not being resolved on time. situation getting worse.,Development Authority
Corruption complaint ignored by local officer. please resolve soon.,CM Office (Miscellaneous)
Autos refusing passengers in MG Road. needs immediate attention.,Transport
New road construction delayed at Green Park. facing issues since last week.,Public Works Department
Pedestrian crossing signal not working at school. situation getting worse.,Transport
Government office not responding to complaints. situation getting worse.,CM Office (Miscellaneous)
People blocking roads with illegal sheds. needs immediate attention.,Development Authority
Construction debris dumped near Sector 12. situation getting worse.,Development Authority
Autos refusing passengers in Green Park.,Transport
Corruption complaint ignored by local officer. facing issues since last week.,CM Office (Miscellaneous)
Need urgent help regarding electricity bill issue. needs immediate attention.,CM Office (Miscellaneous)
Encroachment on public land at park. please resolve soon.,Development Authority
Need urgent help regarding electricity bill issue. facing issues since last week.,CM Office (Miscellaneous)
"Unfair practices in local department reported, please look into it. kindly look into this.",CM Office (Miscellaneous)
Uneven road surface leading to traffic problems. request urgent action.,Public Works Department
Uneven road surface leading to traffic problems. please resolve soon.,Public Works Department
Staff behavior rude and unhelpful in office. request urgent action.,CM Office (Miscellaneous)
Road full of potholes at market area. needs immediate attention.,Public Works Department
Chain snatching reported near city mall. Please take action. situation getting worse.,Police
Open manhole in temple dangerous for kids. situation getting worse.,Municipal
"Street damaged after rain, vehicles skidding. request urgent action.",Public Works Department
Garbage not collected in Sector 12 for several days.,Municipal
Streetlights not working since last week in MG Road. needs immediate attention.,Municipal
Unhygienic conditions near market in Downtown.,Municipal
Staff behavior rude and unhelpful in office. situation getting worse.,CM Office (Miscellaneous)
Theft cases increasing in Lakeview. Please increase patrolling.,Police
Poor road markings making driving difficult. request urgent action.,Transport
Flyover joints damaged and causing vehicle imbalance. request urgent action.,Public Works Department
"Unfair practices in local department reported, please look into it. request urgent action.",CM Office (Miscellaneous)
Building without proper permission in Downtown. facing issues since last week.,Development Authority
Bus shelter at Green Park broken and unsafe.,Transport
Need urgent help regarding electricity bill issue. kindly look into this.,CM Office (Miscellaneous)
Violation of building norms at railway station. please resolve soon.,Development Authority
Illegal construction happening on main bazaar road.,Development Authority
Unhygienic conditions near market in Downtown. kindly look into this.,Municipal
Encroachment on public land at railway station.,Development Authority
Open manhole in market area dangerous for kids. situation getting worse.,Municipal
Stray dogs attacking people in Lakeview. please resolve soon.,Municipal
Accidents happening due to no speed breakers at bus stop.,Transport
People fighting daily at the market area. facing issues since last week.,Police
Illegal gambling happening behind petrol bunk. situation getting worse.,Police
Illegal construction happening on ring road. request urgent action.,Development Authority
Unauthorized shops operating near bus depot. kindly look into this.,Development Authority
There is frequent eve teasing near the park. please resolve soon.,Police
Road full of potholes at park. facing issues since last week.,Public Works Department
Violation of building norms at main road. facing issues since last week.,Development Authority
Fogging not done properly leading to mosquito menace. situation getting worse.,Municipal
Land encroachment by private party near railway station. situation getting worse.,Development Authority
No proper communication from officials on issue raised.,CM Office (Miscellaneous)
Autos refusing passengers in Downtown. kindly look into this.,Transport
Open manhole in school dangerous for kids. kindly look into this.,Municipal
Flyover joints damaged and causing vehicle imbalance. situation getting worse.,Public Works Department
Waste dumped on roadside in Downtown. facing issues since last week.,Municipal
Signal at community hall not functioning properly causing accidents. kindly look into this.,Transport
Pedestrian crossing signal not working at market area.,Transport
Culvert repair pending at Hill View. request urgent action.,Public Works Department
Chain snatching reported near community hall. Please take action. kindly look into this.,Police
"Footpath broken near ABC Colony, pedestrians facing issues. situation getting worse.",Public Works Department
Uneven road surface leading to traffic problems. kindly look into this.,Public Works Department
Accidents happening due to no speed breakers at hospital. kindly look into this.,Transport
Uneven road surface leading to traffic problems.,Public Works Department
Police not responding quickly during emergencies. request urgent action.,Police
Delay in pension disbursement for seniors.,CM Office (Miscellaneous)
"Footpath broken near Sector 12, pedestrians facing issues.",Public Works Department
Unauthorized shops operating near junction. facing issues since last week.,Development Authority
"Street damaged after rain, vehicles skidding. kindly look into this.",Public Works Department
Illegal gambling happening behind city mall. request urgent action.,Police
Citizen grievance unresolved despite repeated attempts. request urgent action.,CM Office (Miscellaneous)
Theft cases increasing in Lakeview. Please increase patrolling.,Police
Online complaint portal not working for days. request urgent action.,CM Office (Miscellaneous)
Water leakage near 1st cross.,Municipal
"Footpath broken near MG Road, pedestrians facing issues. facing issues since last week.",Public Works Department
Water leakage near ring road. facing issues since last week.,Municipal
Building without proper permission in Sector 12. situation getting worse.,Development Authority
Robbery incident reported near park. request urgent action.,Police
Accidents happening due to no speed breakers at main road. please resolve soon.,Transport
Staff behavior rude and unhelpful in office. please resolve soon.,CM Office (Miscellaneous)
Citizen grievance unresolved despite repeated attempts. please resolve soon.,CM Office (Miscellaneous)
Drainage overflow causing bad smell near temple. situation getting worse.,Municipal
Autos refusing passengers in Green Park. situation getting worse.,Transport
Culvert repair pending at Airport Road. situation getting worse.,Public Works Department
Water leakage near main bazaar road. situation getting worse.,Municipal
Plot disputes not being resolved on time. needs immediate attention.,Development Authority
People fighting daily at the market area. situation getting worse.,Police
Water stagnation near park due to poor drainage. needs immediate attention.,Public Works Department
Autos refusing passengers in ABC Colony. kindly look into this.,Transport
Waste dumped on roadside in Central Avenue. needs immediate attention.,Municipal
Signal at bus depot not functioning properly causing accidents. facing issues since last week.,Transport
"Street damaged after rain, vehicles skidding. situation getting worse.",Public Works Department
Theft cases increasing in Central Avenue. Please increase patrolling. situation getting worse.,Police
People blocking roads with illegal sheds.,Development Authority
Illegal gambling happening behind community hall.,Police
Chain snatching reported near community hall. Please take action.,Police
Construction debris dumped near XYZ Nagar. facing issues since last week.,Development Authority
Broken divider near signal point causing jams. needs immediate attention.,Transport
Pedestrian crossing signal not working at bus stop. request urgent action.,Transport
Poor road markings making driving difficult. facing issues since last week.,Transport
Online complaint portal not working for days. facing issues since last week.,CM Office (Miscellaneous)
Bus route 65 not running on time for several days. needs immediate attention.,Transport
Complaint regarding layout approval delay. kindly look into this.,Development Authority
Fogging not done properly leading to mosquito menace. situation getting worse.,Municipal
Water stagnation near main road due to poor drainage. kindly look into this.,Public Works Department
Drunken men creating disturbance in XYZ Nagar.,Police
Flyover construction delay leading to congestion. request urgent action.,Transport
Illegal gambling happening behind city mall. facing issues since last week.,Police
Police not responding quickly during emergencies. kindly look into this.,Police
Waste dumped on roadside in ABC Colony. needs immediate attention.,Municipal
Government office not responding to complaints. please resolve soon.,CM Office (Miscellaneous)
Fogging not done properly leading to mosquito menace. needs immediate attention.,Municipal
Illegal construction happening on main bazaar road. request urgent action.,Development Authority
Government office not responding to complaints. kindly look into this.,CM Office (Miscellaneous)
Autos refusing passengers in Lakeview. needs immediate attention.,Transport
Open manhole in park dangerous for kids. needs immediate attention.,Municipal
Police not responding quickly during emergencies. needs immediate attention.,Police
Application not processed even after multiple visits. request urgent action.,CM Office (Miscellaneous)
Building without proper permission in Downtown. situation getting worse.,Development Authority
Land encroachment by private party near main road. please resolve soon.,Development Authority
Theft cases increasing in Lakeview. Please increase patrolling. kindly look into this.,Police
Signal at community hall not functioning properly causing accidents. situation getting worse.,Transport
No proper communication from officials on issue raised. facing issues since last week.,CM Office (Miscellaneous)
Poor road markings making driving difficult. situation getting worse.,Transport
Flyover joints damaged and causing vehicle imbalance. facing issues since last week.,Public Works Department
Construction debris dumped near ABC Colony. needs immediate attention.,Development Authority
Stray dogs attacking people in XYZ Nagar. request urgent action.,Municipal
Online complaint portal not working for days. facing issues since last week.,CM Office (Miscellaneous)
Delay in pension disbursement for seniors. kindly look into this.,CM Office (Miscellaneous)
Land encroachment by private party near bus stop. please resolve soon.,Development Authority
Delay in pension disbursement for seniors.,CM Office (Miscellaneous)
Drunken men creating disturbance in Green Park. request urgent action.,Police
Unauthorized shops operating near community hall. facing issues since last week.,Development Authority
"Unfair practices in local department reported, please look into it. facing issues since last week.",CM Office (Miscellaneous)
Need urgent help regarding electricity bill issue.,CM Office (Miscellaneous)
Chain snatching reported near junction. Please take action. facing issues since last week.,Police
Streetlights not working since last week in XYZ Nagar. kindly look into this.,Municipal
Government office not responding to complaints. situation getting worse.,CM Office (Miscellaneous)
Building without proper permission in Sector 12. needs immediate attention.,Development Authority
Poor road markings making driving difficult. please resolve soon.,Transport
Building without proper permission in Downtown. please resolve soon.,Development Authority
Corruption complaint ignored by local officer. situation getting worse.,CM Office (Miscellaneous)
Streetlights not working since last week in XYZ Nagar. facing issues since last week.,Municipal
Plot disputes not being resolved on time. situation getting worse.,Development Authority
Drunken men creating disturbance in XYZ Nagar.,Police
Bridge under repair for months at signal point. needs immediate attention.,Public Works Department
Poor road markings making driving difficult.,Transport
Bridge under repair for months at city mall.,Public Works Department
Unauthorized shops operating near petrol bunk. facing issues since last week.,Development Authority
"Footpath broken near Green Park, pedestrians facing issues. needs immediate attention.",Public Works Department
Fogging not done properly leading to mosquito menace. facing issues since last week.,Municipal
Heavy traffic jam at park every morning. situation getting worse.,Transport
Waste dumped on roadside in Sector 12. needs immediate attention.,Municipal
Illegal gambling happening behind signal point. situation getting worse.,Police
People blocking roads with illegal sheds. situation getting worse.,Development Authority
Water leakage near main bazaar road. needs immediate attention.,Municipal
Government office not responding to complaints.,CM Office (Miscellaneous)
Flyover joints damaged and causing vehicle imbalance. situation getting worse.,Public Works Department
Uneven road surface leading to traffic problems. facing issues since last week.,Public Works Department
Signal at signal point not functioning properly causing accidents. please resolve soon.,Transport
Fogging not done properly leading to mosquito menace. needs immediate attention.,Municipal
Autos refusing passengers in Central Avenue. kindly look into this.,Transport
Building without proper permission in Central Avenue. request urgent action.,Development Authority
Complaint regarding layout approval delay. situation getting worse.,Development Authority
Delay in pension disbursement for seniors. kindly look into this.,CM Office (Miscellaneous)
"Footpath broken near Green Park, pedestrians facing issues. situation getting worse.",Public Works Department
Streetlights not working since last week in Green Park. kindly look into this.,Municipal
Broken divider near petrol bunk causing jams. needs immediate attention.,Transport
Culvert repair pending at New Town. request urgent action.,Public Works Department
Building without proper permission in Sector 12.,Development Authority
People blocking roads with illegal sheds. kindly look into this.,Development Authority
Encroachment on public land at park. facing issues since last week.,Development Authority
Unauthorized shops operating near community hall. kindly look into this.,Development Authority
"Street damaged after rain, vehicles skidding. request urgent action.",Public Works Department
People fighting daily at the park. kindly look into this.,Police
Flyover construction delay leading to congestion. request urgent action.,Transport
Water leakage near ring road. situation getting worse.,Municipal
Violation of building norms at school. please resolve soon.,Development Authority
Illegal construction happening on 1st cross. facing issues since last week.,Development Authority
Illegal gambling happening behind signal point. facing issues since last week.,Police
Road full of potholes at railway station. request urgent action.,Public Works Department
No proper communication from officials on issue raised.,CM Office (Miscellaneous)
There is frequent eve teasing near the bus stop. kindly look into this.,Police
Land encroachment by private party near railway station. needs immediate attention.,Development Authority
Uneven road surface leading to traffic problems. request urgent action.,Public Works Department
Illegal construction happening on 2nd street. situation getting worse.,Development Authority
Flyover joints damaged and causing vehicle imbalance.,Public Works Department
Drunken men creating disturbance in Lakeview. request urgent action.,Police
Heavy traffic jam at railway station every morning. request urgent action.,Transport
Broken divider near junction causing jams. needs immediate attention.,Transport
Bridge under repair for months at bus depot.,Public Works Department
Government office not responding to complaints. situation getting worse.,CM Office (Miscellaneous)
Water leakage near 2nd street. facing issues since last week.,Municipal
Delay in pension disbursement for seniors. please resolve soon.,CM Office (Miscellaneous)
Stray dogs attacking people in Central Avenue. request urgent action.,Municipal
Loud noise and public nuisance every night around park. kindly look into this.,Police
Stray dogs attacking people in Green Park. please resolve soon.,Municipal
Theft cases increasing in Central Avenue. Please increase patrolling.,Police
There is frequent eve teasing near the hospital. needs immediate attention.,Police
"Street damaged after rain, vehicles skidding. kindly look into this.",Public Works Department
Staff behavior rude and unhelpful in office. request urgent action.,CM Office (Miscellaneous)
Corruption complaint ignored by local officer. needs immediate attention.,CM Office (Miscellaneous)
Building without proper permission in ABC Colony. please resolve soon.,Development Authority
Land encroachment by private party near park. situation getting worse.,Development Authority
Unhygienic conditions near market in Green Park. facing issues since last week.,Municipal
Waste dumped on roadside in XYZ Nagar.,Municipal
Chain snatching reported near junction. Please take action. situation getting worse.,Police
Need urgent help regarding electricity bill issue. needs immediate attention.,CM Office (Miscellaneous)
Bridge under repair for months at city mall. request urgent action.,Public Works Department
People fighting daily at the temple. needs immediate attention.,Police
People blocking roads with illegal sheds. kindly look into this.,Development Authority
Water stagnation near hospital due to poor drainage. please resolve soon.,Public Works Department
Streetlights not working since last week in ABC Colony.,Municipal
Staff behavior rude and unhelpful in office. situation getting worse.,CM Office (Miscellaneous)
No proper communication from officials on issue raised. kindly look into this.,CM Office (Miscellaneous)
Culvert repair pending at Airport Road.,Public Works Department
Uneven road surface leading to traffic problems. request urgent action.,Public Works Department
Stormwater drain collapsed near signal point. kindly look into this.,Public Works Department
Fogging not done properly leading to mosquito menace. situation getting worse.,Municipal
Water leakage near main bazaar road. facing issues since last week.,Municipal
Culvert repair pending at Hill View.,Public Works Department
Garbage not collected in ABC Colony for several days.,Municipal
Public dustbins overflowing and not cleaned.,Municipal
Signal at junction not functioning properly causing accidents. kindly look into this.,Transport
Uneven road surface leading to traffic problems.,Public Works Department
Poor road markings making driving difficult.,Transport
Culvert repair pending at Old City. needs immediate attention.,Public Works Department
Waste dumped on roadside in Green Park.,Municipal
Illegal gambling happening behind city mall. kindly look into this.,Police
Bus route 77 not running on time for several days. needs immediate attention.,Transport
Bus shelter at Lakeview broken and unsafe. needs immediate attention.,Transport
Illegal gambling happening behind community hall. request urgent action.,Police
Fogging not done properly leading to mosquito menace. request urgent action.,Municipal
Broken divider near bus depot causing jams. kindly look into this.,Transport
"Footpath broken near Green Park, pedestrians facing issues. request urgent action.",Public Works Department
Staff behavior rude and unhelpful in office.,CM Office (Miscellaneous)
Water leakage near 1st cross. request urgent action.,Municipal
Culvert repair pending at Airport Road. needs immediate attention.,Public Works Department
Construction debris dumped near Downtown. situation getting worse.,Development Authority
Drainage overflow causing bad smell near main road. request urgent action.,Municipal
Violation of building norms at hospital. facing issues since last week.,Development Authority
Fogging not done properly leading to mosquito menace. facing issues since last week.,Municipal
Violation of building norms at school.,Development Authority
New road construction delayed at Sector 12. facing issues since last week.,Public Works Department
Autos refusing passengers in ABC Colony. situation getting worse.,Transport
Public dustbins overflowing and not cleaned.,Municipal
"Footpath broken near ABC Colony, pedestrians facing issues. please resolve soon.",Public Works Department
Signal at petrol bunk not functioning properly causing accidents. situation getting worse.,Transport
Unhygienic conditions near market in Downtown. facing issues since last week.,Municipal
Illegal construction happening on ring road. please resolve soon.,Development Authority
Illegal construction happening on main bazaar road. situation getting worse.,Development Authority
Flyover construction delay leading to congestion. needs immediate attention.,Transport
Stray dogs attacking people in XYZ Nagar. request urgent action.,Municipal
Public dustbins overflowing and not cleaned. kindly look into this.,Municipal
Drainage overflow causing bad smell near park. facing issues since last week.,Municipal
Public dustbins overflowing and not cleaned.,Municipal
Pedestrian crossing signal not working at main road.,Transport
Need urgent help regarding electricity bill issue. please resolve soon.,CM Office (Miscellaneous)
Water stagnation near market area due to poor drainage.,Public Works Department
People fighting daily at the temple. request urgent action.,Police
Water stagnation near hospital due to poor drainage. request urgent action.,Public Works Department
Poor road markings making driving difficult. needs immediate attention.,Transport
Need urgent help regarding electricity bill issue. please resolve soon.,CM Office (Miscellaneous)
Autos refusing passengers in Downtown. please resolve soon.,Transport
Complaint regarding layout approval delay. situation getting worse.,Development Authority
Staff behavior rude and unhelpful in office.,CM Office (Miscellaneous)
Water stagnation near market area due to poor drainage. please resolve soon.,Public Works Department
Land encroachment by private party near hospital.,Development Authority
New road construction delayed at MG Road.,Public Works Department
Application not processed even after multiple visits. request urgent action.,CM Office (Miscellaneous)
Bridge under repair for months at city mall. needs immediate attention.,Public Works Department
People blocking roads with illegal sheds. kindly look into this.,Development Authority
Drunken men creating disturbance in Sector 12. request urgent action.,Police
Unhygienic conditions near market in Downtown. request urgent action.,Municipal
Corruption complaint ignored by local officer.,CM Office (Miscellaneous)
Corruption complaint ignored by local officer. please resolve soon.,CM Office (Miscellaneous)
People blocking roads with illegal sheds. facing issues since last week.,Development Authority
Accidents happening due to no speed breakers at school. facing issues since last week.,Transport
Bus shelter at Lakeview broken and unsafe. request urgent action.,Transport
Complaint regarding layout approval delay. request urgent action.,Development Authority
Encroachment on public land at temple.,Development Authority
Need urgent help regarding electricity bill issue.,CM Office (Miscellaneous)
Bridge under repair for months at community hall. facing issues since last week.,Public Works Department
Public dustbins overflowing and not cleaned. situation getting worse.,Municipal
Corruption complaint ignored by local officer. request urgent action.,CM Office (Miscellaneous)
Delay in pension disbursement for seniors.,CM Office (Miscellaneous)
Garbage not collected in Sector 12 for several days. request urgent action.,Municipal
Broken divider near bus depot causing jams. situation getting worse.,Transport
Drunken men creating disturbance in XYZ Nagar. please resolve soon.,Police
Poor road markings making driving difficult.,Transport
Violation of building norms at railway station. needs immediate attention.,Development Authority
Unhygienic conditions near market in Sector 12. needs immediate attention.,Municipal
Drainage overflow causing bad smell near railway station. needs immediate attention.,Municipal
Streetlights not working since last week in Downtown.,Municipal
Theft cases increasing in ABC Colony. Please increase patrolling. kindly look into this.,Police
Citizen grievance unresolved despite repeated attempts. please resolve soon.,CM Office (Miscellaneous)
Streetlights not working since last week in Downtown. facing issues since last week.,Municipal
Broken divider near signal point causing jams.,Transport
Construction debris dumped near Sector 12. needs immediate attention.,Development Authority
Public dustbins overflowing and not cleaned. request urgent action.,Municipal
Streetlights not working since last week in Central Avenue. situation getting worse.,Municipal
Fogging not done properly leading to mosquito menace. facing issues since last week.,Municipal
Heavy traffic jam at school every morning. facing issues since last week.,Transport
Application not processed even after multiple visits. facing issues since last week.,CM Office (Miscellaneous)
No proper communication from officials on issue raised. kindly look into this.,CM Office (Miscellaneous)
Women feel unsafe walking home after 7 PM. situation getting worse.,Police
Theft cases increasing in Green Park. Please increase patrolling. please resolve soon.,Police
Staff behavior rude and unhelpful in office. request urgent action.,CM Office (Miscellaneous)
Accidents happening due to no speed breakers at temple. request urgent action.,Transport
Road full of potholes at park. please resolve soon.,Public Works Department
Flyover construction delay leading to congestion. needs immediate attention.,Transport
Flyover joints damaged and causing vehicle imbalance. facing issues since last week.,Public Works Department
Water stagnation near bus stop due to poor drainage. facing issues since last week.,Public Works Department
Illegal gambling happening behind bus depot. situation getting worse.,Police
Loud noise and public nuisance every night around hospital. kindly look into this.,Police
Illegal gambling happening behind community hall. please resolve soon.,Police
Need urgent help regarding electricity bill issue. kindly look into this.,CM Office (Miscellaneous)
Illegal gambling happening behind signal point. request urgent action.,Police
Loud noise and public nuisance every night around hospital. facing issues since last week.,Police
Pedestrian crossing signal not working at market area. request urgent action.,Transport
"Footpath broken near XYZ Nagar, pedestrians facing issues.",Public Works Department
Broken divider near petrol bunk causing jams. please resolve soon.,Transport
"Street damaged after rain, vehicles skidding. facing issues since last week.",Public Works Department
Chain snatching reported near community hall. Please take action.,Police
Flyover construction delay leading to congestion. needs immediate attention.,Transport
Culvert repair pending at Hill View. facing issues since last week.,Public Works Department
Violation of building norms at bus stop. needs immediate attention.,Development Authority
Streetlights not working since last week in Downtown. please resolve soon.,Municipal
People blocking roads with illegal sheds. needs immediate attention.,Development Authority
Unauthorized shops operating near signal point. situation getting worse.,Development Authority
"Footpath broken near MG Road, pedestrians facing issues. needs immediate attention.",Public Works Department
Autos refusing passengers in Lakeview. kindly look into this.,Transport
Application not processed even after multiple visits. please resolve soon.,CM Office (Miscellaneous)
Drainage overflow causing bad smell near railway station.,Municipal
Road full of potholes at bus stop. please resolve soon.,Public Works Department
Citizen grievance unresolved despite repeated attempts. needs immediate attention.,CM Office (Miscellaneous)
Broken divider near junction causing jams. situation getting worse.,Transport
Plot disputes not being resolved on time. facing issues since last week.,Development Authority
Plot disputes not being resolved on time. kindly look into this.,Development Authority
Online complaint portal not working for days. needs immediate attention.,CM Office (Miscellaneous)
Drainage overflow causing bad smell near school. situation getting worse.,Municipal
Streetlights not working since last week in ABC Colony. facing issues since last week.,Municipal
Complaint regarding layout approval delay. kindly look into this.,Development Authority
Fogging not done properly leading to mosquito menace. kindly look into this.,Municipal
New road construction delayed at Central Avenue. kindly look into this.,Public Works Department
Corruption complaint ignored by local officer. needs immediate attention.,CM Office (Miscellaneous)
Stray dogs attacking people in Lakeview. facing issues since last week.,Municipal
People blocking roads with illegal sheds. please resolve soon.,Development Authority
Broken divider near petrol bunk causing jams.,Transport
Corruption complaint ignored by local officer. kindly look into this.,CM Office (Miscellaneous)
Stray dogs attacking people in Central Avenue. needs immediate attention.,Municipal
Heavy traffic jam at railway station every morning. please resolve soon.,Transport
Staff behavior rude and unhelpful in office. kindly look into this.,CM Office (Miscellaneous)
Theft cases increasing in MG Road. Please increase patrolling.,Police
Theft cases increasing in XYZ Nagar. Please increase patrolling.,Police
Accidents happening due to no speed breakers at market area. situation getting worse.,Transport
Flyover joints damaged and causing vehicle imbalance. please resolve soon.,Public Works Department
Unauthorized shops operating near junction.,Development Authority
People fighting daily at the main road. request urgent action.,Police
Pedestrian crossing signal not working at school. request urgent action.,Transport
Unhygienic conditions near market in Central Avenue. request urgent action.,Municipal
Need urgent help regarding electricity bill issue. situation getting worse.,CM Office (Miscellaneous)
"Unfair practices in local department reported, please look into it. request urgent action.",CM Office (Miscellaneous)
Water leakage near main bazaar road. please resolve soon.,Municipal
Uneven road surface leading to traffic problems. kindly look into this.,Public Works Department
Citizen grievance unresolved despite repeated attempts. please resolve soon.,CM Office (Miscellaneous)
Encroachment on public land at school. needs immediate attention.,Development Authority
Staff behavior rude and unhelpful in office.,CM Office (Miscellaneous)
Road full of potholes at park. situation getting worse.,Public Works Department
Signal at bus depot not functioning properly causing accidents. request urgent action.,Transport
Pedestrian crossing signal not working at school. kindly look into this.,Transport
Drunken men creating disturbance in MG Road. facing issues since last week.,Police
Stormwater drain collapsed near signal point. kindly look into this.,Public Works Department
Fogging not done properly leading to mosquito menace. kindly look into this.,Municipal
Building without proper permission in Downtown. kindly look into this.,Development Authority
Robbery incident reported near market area. kindly look into this.,Police
Chain snatching reported near city mall. Please take action. situation getting worse.,Police
Women feel unsafe walking home after 7 PM. please resolve soon.,Police
Chain snatching reported near bus depot. Please take action. needs immediate attention.,Police
Road full of potholes at school. kindly look into this.,Public Works Department
Accidents happening due to no speed breakers at school. request urgent action.,Transport
Stray dogs attacking people in Lakeview. facing issues since last week.,Municipal
Violation of building norms at bus stop. kindly look into this.,Development Authority
Violation of building norms at main road. please resolve soon.,Development Authority
New road construction delayed at Downtown. needs immediate attention.,Public Works Department
Need urgent help regarding electricity bill issue. kindly look into this.,CM Office (Miscellaneous)
Streetlights not working since last week in Downtown. needs immediate attention.,Municipal
Public dustbins overflowing and not cleaned. facing issues since last week.,Municipal
Water leakage near ring road. situation getting worse.,Municipal
Streetlights not working since last week in Downtown. kindly look into this.,Municipal
Unhygienic conditions near market in Lakeview. facing issues since last week.,Municipal
Application not processed even after multiple visits. facing issues since last week.,CM Office (Miscellaneous)
New road construction delayed at Lakeview. needs immediate attention.,Public Works Department
Public dustbins overflowing and not cleaned. please resolve soon.,Municipal
Drunken men creating disturbance in Central Avenue. situation getting worse.,Police
Unauthorized shops operating near junction.,Development Authority
Stormwater drain collapsed near community hall. kindly look into this.,Public Works Department
Delay in pension disbursement for seniors. situation getting worse.,CM Office (Miscellaneous)
Unhygienic conditions near market in Green Park. kindly look into this.,Municipal
Robbery incident reported near market area. situation getting worse.,Police
Need urgent help regarding electricity bill issue. please resolve soon.,CM Office (Miscellaneous)
Drunken men creating disturbance in Central Avenue. please resolve soon.,Police
"Unfair practices in local department reported, please look into it. situation getting worse.",CM Office (Miscellaneous)
Waste dumped on roadside in Central Avenue. kindly look into this.,Municipal
Stormwater drain collapsed near signal point. kindly look into this.,Public Works Department
There is frequent eve teasing near the market area. situation getting worse.,Police
Unhygienic conditions near market in Lakeview. kindly look into this.,Municipal
"Footpath broken near Sector 12, pedestrians facing issues. kindly look into this.",Public Works Department
Accidents happening due to no speed breakers at temple. kindly look into this.,Transport
Government office not responding to complaints. request urgent action.,CM Office (Miscellaneous)
Robbery incident reported near market area. needs immediate attention.,Police
Public dustbins overflowing and not cleaned. kindly look into this.,Municipal
Encroachment on public land at market area. request urgent action.,Development Authority
Plot disputes not being resolved on time. please resolve soon.,Development Authority
People blocking roads with illegal sheds.,Development Authority
Complaint regarding layout approval delay.,Development Authority
Need urgent help regarding electricity bill issue. request urgent action.,CM Office (Miscellaneous)
Stormwater drain collapsed near signal point. situation getting worse.,Public Works Department
Staff behavior rude and unhelpful in office. request urgent action.,CM Office (Miscellaneous)
New road construction delayed at Downtown. request urgent action.,Public Works Department
Violation of building norms at railway station.,Development Authority
"Street damaged after rain, vehicles skidding. situation getting worse.",Public Works Department
People blocking roads with illegal sheds. kindly look into this.,Development Authority
Drunken men creating disturbance in XYZ Nagar.,Police
Waste dumped on roadside in Green Park.,Municipal
Stray dogs attacking people in Lakeview. facing issues since last week.,Municipal
Bridge under repair for months at petrol bunk. please resolve soon.,Public Works Department
Corruption complaint ignored by local officer. facing issues since last week.,CM Office (Miscellaneous)
Online complaint portal not working for days.,CM Office (Miscellaneous)
Delay in pension disbursement for seniors. please resolve soon.,CM Office (Miscellaneous)
Flyover construction delay leading to congestion. please resolve soon.,Transport
Drainage overflow causing bad smell near hospital. kindly look into this.,Municipal
Unhygienic conditions near market in Downtown. kindly look into this.,Municipal
Bus shelter at Lakeview broken and unsafe. request urgent action.,Transport
Accidents happening due to no speed breakers at temple.,Transport
Unhygienic conditions near market in XYZ Nagar. situation getting worse.,Municipal
Stray dogs attacking people in Central Avenue. situation getting worse.,Municipal
Complaint regarding layout approval delay. request urgent action.,Development Authority
Accidents happening due to no speed breakers at bus stop. kindly look into this.,Transport
Uneven road surface leading to traffic problems. request urgent action.,Public Works Department
Unauthorized shops operating near city mall. request urgent action.,Development Authority
"Footpath broken near Green Park, pedestrians facing issues. facing issues since last week.",Public Works Department
Fogging not done properly leading to mosquito menace. needs immediate attention.,Municipal
"Street damaged after rain, vehicles skidding. kindly look into this.",Public Works Department
Theft cases increasing in Central Avenue. Please increase patrolling. situation getting worse.,Police
Chain snatching reported near bus depot. Please take action. needs immediate attention.,Police
Flyover construction delay leading to congestion. kindly look into this.,Transport
Drainage overflow causing bad smell near temple. situation getting worse.,Municipal
Government office not responding to complaints. needs immediate attention.,CM Office (Miscellaneous)
Plot disputes not being resolved on time. please resolve soon.,Development Authority
There is frequent eve teasing near the school. kindly look into this.,Police
Streetlights not working since last week in Lakeview. facing issues since last week.,Municipal
Women feel unsafe walking home after 7 PM. kindly look into this.,Police
Loud noise and public nuisance every night around school. needs immediate attention.,Police
Broken divider near bus depot causing jams. situation getting worse.,Transport
Building without proper permission in ABC Colony.,Development Authority
Water leakage near 1st cross. situation getting worse.,Municipal
Unhygienic conditions near market in Downtown. request urgent action.,Municipal
Theft cases increasing in Green Park. Please increase patrolling. facing issues since last week.,Police
Government office not responding to complaints. needs immediate attention.,CM Office (Miscellaneous)
Drainage overflow causing bad smell near hospital. please resolve soon.,Municipal
Citizen grievance unresolved despite repeated attempts. kindly look into this.,CM Office (Miscellaneous)
Road full of potholes at main road.,Public Works Department
Delay in pension disbursement for seniors.,CM Office (Miscellaneous)
Heavy traffic jam at temple every morning.,Transport
Unhygienic conditions near market in Sector 12.,Municipal
Road full of potholes at market area. please resolve soon.,Public Works Department
Waste dumped on roadside in XYZ Nagar. facing issues since last week.,Municipal
There is frequent eve teasing near the park. please resolve soon.,Police
Theft cases increasing in Lakeview. Please increase patrolling. please resolve soon.,Police
Citizen grievance unresolved despite repeated attempts. facing issues since last week.,CM Office (Miscellaneous)
Fogging not done properly leading to mosquito menace. situation getting worse.,Municipal
Poor road markings making driving difficult. please resolve soon.,Transport
Need urgent help regarding electricity bill issue. situation getting worse.,CM Office (Miscellaneous)
Land encroachment by private party near railway station. kindly look into this.,Development Authority
Staff behavior rude and unhelpful in office. request urgent action.,CM Office (Miscellaneous)
Women feel unsafe walking home after 7 PM. facing issues since last week.,Police
Stray dogs attacking people in ABC Colony. situation getting worse.,Municipal
New road construction delayed at Green Park. request urgent action.,Public Works Department
Garbage not collected in Central Avenue for several days. kindly look into this.,Municipal
No proper communication from officials on issue raised. facing issues since last week.,CM Office (Miscellaneous)
Police not responding quickly during emergencies. kindly look into this.,Police
Water stagnation near main road due to poor drainage. situation getting worse.,Public Works Department
Loud noise and public nuisance every night around temple. situation getting worse.,Police
Garbage not collected in Green Park for several days.,Municipal
Streetlights not working since last week in Central Avenue. kindly look into this.,Municipal
Theft cases increasing in Downtown. Please increase patrolling.,Police
Staff behavior rude and unhelpful in office. request urgent action.,CM Office (Miscellaneous)
Broken divider near signal point causing jams. facing issues since last week.,Transport
Flyover joints damaged and causing vehicle imbalance. kindly look into this.,Public Works Department
Autos refusing passengers in ABC Colony.,Transport
"Unfair practices in local department reported, please look into it. request urgent action.",CM Office (Miscellaneous)
Flyover joints damaged and causing vehicle imbalance. facing issues since last week.,Public Works Department
Encroachment on public land at temple. kindly look into this.,Development Authority
People blocking roads with illegal sheds. please resolve soon.,Development Authority
Water stagnation near railway station due to poor drainage. kindly look into this.,Public Works Department
Police not responding quickly during emergencies. needs immediate attention.,Police
"Footpath broken near ABC Colony, pedestrians facing issues. kindly look into this.",Public Works Department
Government office not responding to complaints. please resolve soon.,CM Office (Miscellaneous)
Need urgent help regarding electricity bill issue. facing issues since last week.,CM Office (Miscellaneous)
Flyover construction delay leading to congestion. needs immediate attention.,Transport
Loud noise and public nuisance every night around school. situation getting worse.,Police
Water stagnation near main road due to poor drainage. needs immediate attention.,Public Works Department
Robbery incident reported near temple. kindly look into this.,Police
New road construction delayed at XYZ Nagar. please resolve soon.,Public Works Department
Road full of potholes at railway station. facing issues since last week.,Public Works Department
Flyover construction delay leading to congestion. kindly look into this.,Transport
Women feel unsafe walking home after 7 PM. please resolve soon.,Police
"Street damaged after rain, vehicles skidding. facing issues since last week.",Public Works Department
Encroachment on public land at main road. kindly look into this.,Development Authority
Illegal construction happening on ring road. kindly look into this.,Development Authority
Signal at bus depot not functioning properly causing accidents.,Transport
Land encroachment by private party near bus stop. needs immediate attention.,Development Authority
Application not processed even after multiple visits.,CM Office (Miscellaneous)
Construction debris dumped near Sector 12.,Development Authority
Broken divider near bus depot causing jams. needs immediate attention.,Transport
Land encroachment by private party near main road. facing issues since last week.,Development Authority
Pedestrian crossing signal not working at railway station.,Transport
Delay in pension disbursement for seniors.,CM Office (Miscellaneous)
Delay in pension disbursement for seniors. facing issues since last week.,CM Office (Miscellaneous)
"Street damaged after rain, vehicles skidding. request urgent action.",Public Works Department
New road construction delayed at Downtown. request urgent action.,Public Works Department
Citizen grievance unresolved despite repeated attempts. please resolve soon.,CM Office (Miscellaneous)
Unhygienic conditions near market in MG Road. situation getting worse.,Municipal
Citizen grievance unresolved despite repeated attempts. request urgent action.,CM Office (Miscellaneous)
Open manhole in school dangerous for kids. kindly look into this.,Municipal
Chain snatching reported near signal point. Please take action. situation getting worse.,Police
Broken divider near junction causing jams.,Transport
Women feel unsafe walking home after 7 PM. needs immediate attention.,Police
Corruption complaint ignored by local officer. request urgent action.,CM Office (Miscellaneous)
Broken divider near city mall causing jams. request urgent action.,Transport
Flyover construction delay leading to congestion. kindly look into this.,Transport
People fighting daily at the bus stop. please resolve soon.,Police
"Unfair practices in local department reported, please look into it. kindly look into this.",CM Office (Miscellaneous)
Drainage overflow causing bad smell near market area.,Municipal
Bridge under repair for months at community hall. facing issues since last week.,Public Works Department
Water leakage near 1st cross. kindly look into this.,Municipal
Poor road markings making driving difficult. request urgent action.,Transport
Poor road markings making driving difficult. needs immediate attention.,Transport
Women feel unsafe walking home after 7 PM. request urgent action.,Police
No proper communication from officials on issue raised. please resolve soon.,CM Office (Miscellaneous)
People blocking roads with illegal sheds. kindly look into this.,Development Authority
Delay in pension disbursement for seniors. kindly look into this.,CM Office (Miscellaneous)
Online complaint portal not working for days. kindly look into this.,CM Office (Miscellaneous)
People blocking roads with illegal sheds. kindly look into this.,Development Authority
Building without proper permission in Green Park. request urgent action.,Development Authority
Construction debris dumped near Lakeview. situation getting worse.,Development Authority
Chain snatching reported near petrol bunk. Please take action. facing issues since last week.,Police
Online complaint portal not working for days. facing issues since last week.,CM Office (Miscellaneous)
Water leakage near 1st cross. facing issues since last week.,Municipal
New road construction delayed at Sector 12. request urgent action.,Public Works Department
Waste dumped on roadside in Lakeview. situation getting worse.,Municipal
Violation of building norms at market area. needs immediate attention.,Development Authority
"Street damaged after rain, vehicles skidding. facing issues since last week.",Public Works Department
Public dustbins overflowing and not cleaned. situation getting worse.,Municipal
Signal at signal point not functioning properly causing accidents. kindly look into this.,Transport
Broken divider near junction causing jams. situation getting worse.,Transport
Delay in pension disbursement for seniors. kindly look into this.,CM Office (Miscellaneous)
Illegal gambling happening behind bus depot. facing issues since last week.,Police
Unhygienic conditions near market in Lakeview. kindly look into this.,Municipal
Women feel unsafe walking home after 7 PM. kindly look into this.,Police
"Unfair practices in local department reported, please look into it. kindly look into this.",CM Office (Miscellaneous)
Open manhole in railway station dangerous for kids. please resolve soon.,Municipal
Heavy traffic jam at temple every morning. kindly look into this.,Transport
Construction debris dumped near Sector 12. facing issues since last week.,Development Authority
Waste dumped on roadside in Lakeview. situation getting worse.,Municipal
New road construction delayed at MG Road.,Public Works Department
Flyover construction delay leading to congestion. situation getting worse.,Transport
Broken divider near petrol bunk causing jams. needs immediate attention.,Transport
Culvert repair pending at New Town. please resolve soon.,Public Works Department
Bridge under repair for months at community hall.,Public Works Department
Bus route 19 not running on time for several days. please resolve soon.,Transport
Bus route 11 not running on time for several days. situation getting worse.,Transport
Water stagnation near main road due to poor drainage. please resolve soon.,Public Works Department
Land encroachment by private party near bus stop. request urgent action.,Development Authority
Road full of potholes at main road. situation getting worse.,Public Works Department
Poor road markings making driving difficult. request urgent action.,Transport
Staff behavior rude and unhelpful in office. needs immediate attention.,CM Office (Miscellaneous)
There is frequent eve teasing near the park. situation getting worse.,Police
Bus route 4 not running on time for several days. needs immediate attention.,Transport
Flyover joints damaged and causing vehicle imbalance. kindly look into this.,Public Works Department
Stormwater drain collapsed near bus depot. needs immediate attention.,Public Works Department
Water leakage near 2nd street. request urgent action.,Municipal
Accidents happening due to no speed breakers at market area. needs immediate attention.,Transport
Culvert repair pending at Hill View. please resolve soon.,Public Works Department
Flyover construction delay leading to congestion. facing issues since last week.,Transport
Road full of potholes at market area. situation getting worse.,Public Works Department
Unauthorized shops operating near signal point. situation getting worse.,Development Authority
Water stagnation near bus stop due to poor drainage.,Public Works Department
"Unfair practices in local department reported, please look into it. kindly look into this.",CM Office (Miscellaneous)
"Footpath broken near Downtown, pedestrians facing issues. kindly look into this.",Public Works Department
Robbery incident reported near main road. please resolve soon.,Police
Land encroachment by private party near park. request urgent action.,Development Authority
"Footpath broken near ABC Colony, pedestrians facing issues. facing issues since last week.",Public Works Department
People fighting daily at the park. please resolve soon.,Police
Water leakage near 1st cross. situation getting worse.,Municipal
Road full of potholes at main road.,Public Works Department
Application not processed even after multiple visits. please resolve soon.,CM Office (Miscellaneous)
Staff behavior rude and unhelpful in office. kindly look into this.,CM Office (Miscellaneous)
There is frequent eve teasing near the school. kindly look into this.,Police
"Unfair practices in local department reported, please look into it. facing issues since last week.",CM Office (Miscellaneous)
Delay in pension disbursement for seniors. kindly look into this.,CM Office (Miscellaneous)
Poor road markings making driving difficult. please resolve soon.,Transport
Citizen grievance unresolved despite repeated attempts. please resolve soon.,CM Office (Miscellaneous)
Robbery incident reported near bus stop. kindly look into this.,Police
Violation of building norms at main road. kindly look into this.,Development Authority
"Footpath broken near XYZ Nagar, pedestrians facing issues.",Public Works Department
Waste dumped on roadside in ABC Colony. kindly look into this.,Municipal
Plot disputes not being resolved on time. situation getting worse.,Development Authority
Building without proper permission in Central Avenue. needs immediate attention.,Development Authority
Construction debris dumped near Downtown. kindly look into this.,Development Authority
Violation of building norms at hospital. please resolve soon.,Development Authority
"Unfair practices in local department reported, please look into it.",CM Office (Miscellaneous)
Waste dumped on roadside in XYZ Nagar. request urgent action.,Municipal
Signal at petrol bunk not functioning properly causing accidents.,Transport
Unauthorized shops operating near city mall.,Development Authority
Bus shelter at Sector 12 broken and unsafe. facing issues since last week.,Transport
"Footpath broken near Lakeview, pedestrians facing issues. facing issues since last week.",Public Works Department
Stormwater drain collapsed near city mall. needs immediate attention.,Public Works Department
Bridge under repair for months at petrol bunk. request urgent action.,Public Works Department
Construction debris dumped near Downtown. needs immediate attention.,Development Authority
Drunken men creating disturbance in XYZ Nagar. kindly look into this.,Police
Water stagnation near main road due to poor drainage. facing issues since last week.,Public Works Department
Complaint regarding layout approval delay. situation getting worse.,Development Authority
Women feel unsafe walking home after 7 PM. needs immediate attention.,Police
Theft cases increasing in XYZ Nagar. Please increase patrolling.,Police
"Street damaged after rain, vehicles skidding. request urgent action.",Public Works Department
Signal at bus depot not functioning properly causing accidents. facing issues since last week.,Transport
Robbery incident reported near school. situation getting worse.,Police
Uneven road surface leading to traffic problems. kindly look into this.,Public Works Department
Plot disputes not being resolved on time. kindly look into this.,Development Authority
Robbery incident reported near bus stop.,Police
Robbery incident reported near park. needs immediate attention.,Police
Loud noise and public nuisance every night around main road. please resolve soon.,Police
Water stagnation near hospital due to poor drainage. please resolve soon.,Public Works Department
Heavy traffic jam at hospital every morning. needs immediate attention.,Transport
Application not processed even after multiple visits. needs immediate attention.,CM Office (Miscellaneous)
Staff behavior rude and unhelpful in office. facing issues since last week.,CM Office (Miscellaneous)
Uneven road surface leading to traffic problems. request urgent action.,Public Works Department
Delay in pension disbursement for seniors.,CM Office (Miscellaneous)
Public dustbins overflowing and not cleaned. situation getting worse.,Municipal
Illegal gambling happening behind city mall. facing issues since last week.,Police
Flyover joints damaged and causing vehicle imbalance. needs immediate attention.,Public Works Department
Building without proper permission in XYZ Nagar. please resolve soon.,Development Authority
Complaint regarding layout approval delay. needs immediate attention.,Development Authority
Building without proper permission in Lakeview.,Development Authority
Unhygienic conditions near market in Sector 12. kindly look into this.,Municipal
Staff behavior rude and unhelpful in office. situation getting worse.,CM Office (Miscellaneous)
Bus route 5 not running on time for several days. facing issues since last week.,Transport
Illegal construction happening on 1st cross. situation getting worse.,Development Authority
Land encroachment by private party near hospital. request urgent action.,Development Authority
Bridge under repair for months at bus depot.,Public Works Department
Violation of building norms at railway station. kindly look into this.,Development Authority
Signal at petrol bunk not functioning properly causing accidents. kindly look into this.,Transport
Streetlights not working since last week in XYZ Nagar. please resolve soon.,Municipal
Building without proper permission in Sector 12.,Development Authority
Online complaint portal not working for days. request urgent action.,CM Office (Miscellaneous)
Garbage not collected in Central Avenue for several days. situation getting worse.,Municipal
Broken divider near city mall causing jams. situation getting worse.,Transport
Unauthorized shops operating near city mall. situation getting worse.,Development Authority
Bus route 47 not running on time for several days. facing issues since last week.,Transport
Police not responding quickly during emergencies. please resolve soon.,Police
Bridge under repair for months at petrol bunk. needs immediate attention.,Public Works Department
"Street damaged after rain, vehicles skidding. please resolve soon.",Public Works Department
Bus shelter at ABC Colony broken and unsafe. please resolve soon.,Transport
Flyover construction delay leading to congestion.,Transport
"Footpath broken near Lakeview, pedestrians facing issues. needs immediate attention.",Public Works Department
Heavy traffic jam at market area every morning.,Transport
Fogging not done properly leading to mosquito menace. facing issues since last week.,Municipal
Building without proper permission in Sector 12. request urgent action.,Development Authority
Uneven road surface leading to traffic problems. kindly look into this.,Public Works Department
Corruption complaint ignored by local officer. kindly look into this.,CM Office (Miscellaneous)
Open manhole in park dangerous for kids. request urgent action.,Municipal
Staff behavior rude and unhelpful in office. needs immediate attention.,CM Office (Miscellaneous)
Staff behavior rude and unhelpful in office. situation getting worse.,CM Office (Miscellaneous)
Heavy traffic jam at bus stop every morning. facing issues since last week.,Transport
Public dustbins overflowing and not cleaned. needs immediate attention.,Municipal
Garbage not collected in MG Road for several days. request urgent action.,Municipal
Culvert repair pending at New Town. situation getting worse.,Public Works Department
Delay in pension disbursement for seniors. kindly look into this.,CM Office (Miscellaneous)
"Footpath broken near Green Park, pedestrians facing issues. kindly look into this.",Public Works Department
Garbage not collected in Downtown for several days. facing issues since last week.,Municipal
Road full of potholes at park. facing issues since last week.,Public Works Department
Online complaint portal not working for days. needs immediate attention.,CM Office (Miscellaneous)
People blocking roads with illegal sheds. request urgent action.,Development Authority
Complaint regarding layout approval delay. kindly look into this.,Development Authority
Flyover joints damaged and causing vehicle imbalance. request urgent action.,Public Works Department
Illegal construction happening on 2nd street. request urgent action.,Development Authority
Unhygienic conditions near market in Sector 12. please resolve soon.,Municipal
Need urgent help regarding electricity bill issue. facing issues since last week.,CM Office (Miscellaneous)
Culvert repair pending at New Town. situation getting worse.,Public Works Department
Unhygienic conditions near market in XYZ Nagar. kindly look into this.,Municipal
Drunken men creating disturbance in Downtown. facing issues since last week.,Police
Broken divider near signal point causing jams. facing issues since last week.,Transport
Building without proper permission in Green Park. request urgent action.,Development Authority
Encroachment on public land at bus stop. please resolve soon.,Development Authority
Online complaint portal not working for days. request urgent action.,CM Office (Miscellaneous)
Building without proper permission in Lakeview.,Development Authority
Loud noise and public nuisance every night around school. situation getting worse.,Police
"Street damaged after rain, vehicles skidding. please resolve soon.",Public Works Department
Women feel unsafe walking home after 7 PM. facing issues since last week.,Police
Accidents happening due to no speed breakers at hospital.,Transport
Open manhole in main road dangerous for kids. facing issues since last week.,Municipal
Pedestrian crossing signal not working at temple. kindly look into this.,Transport
Open manhole in main road dangerous for kids. needs immediate attention.,Municipal
Bus route 41 not running on time for several days. request urgent action.,Transport
Road full of potholes at hospital. kindly look into this.,Public Works Department
Police not responding quickly during emergencies. needs immediate attention.,Police
Police not responding quickly during emergencies. situation getting worse.,Police
Online complaint portal not working for days. request urgent action.,CM Office (Miscellaneous)
Violation of building norms at main road. facing issues since last week.,Development Authority
Autos refusing passengers in MG Road. needs immediate attention.,Transport
Women feel unsafe walking home after 7 PM. facing issues since last week.,Police
Corruption complaint ignored by local officer. kindly look into this.,CM Office (Miscellaneous)
Corruption complaint ignored by local officer. needs immediate attention.,CM Office (Miscellaneous)
Drunken men creating disturbance in Downtown. situation getting worse.,Police
Citizen grievance unresolved despite repeated attempts.,CM Office (Miscellaneous)
"Unfair practices in local department reported, please look into it.",CM Office (Miscellaneous)
Unauthorized shops operating near community hall. situation getting worse.,Development Authority
Autos refusing passengers in MG Road. kindly look into this.,Transport
Flyover construction delay leading to congestion. situation getting worse.,Transport
Robbery incident reported near market area. needs immediate attention.,Police
Water stagnation near school due to poor drainage. kindly look into this.,Public Works Department
"Footpath broken near MG Road, pedestrians facing issues. please resolve soon.",Public Works Department
Uneven road surface leading to traffic problems.,Public Works Department
Flyover joints damaged and causing vehicle imbalance. please resolve soon.,Public Works Department
Violation of building norms at market area. needs immediate attention.,Development Authority
Fogging not done properly leading to mosquito menace. request urgent action.,Municipal
Autos refusing passengers in Lakeview.,Transport
Uneven road surface leading to traffic problems. situation getting worse.,Public Works Department
Women feel unsafe walking home after 7 PM. request urgent action.,Police
Land encroachment by private party near bus stop. request urgent action.,Development Authority
Unauthorized shops operating near junction. situation getting worse.,Development Authority
Land encroachment by private party near market area. kindly look into this.,Development Authority
Heavy traffic jam at bus stop every morning. facing issues since last week.,Transport
Water leakage near 2nd street. situation getting worse.,Municipal
Uneven road surface leading to traffic problems. request urgent action.,Public Works Department
Pedestrian crossing signal not working at school.,Transport
Bus shelter at Green Park broken and unsafe. facing issues since last week.,Transport
New road construction delayed at Sector 12. request urgent action.,Public Works Department
Application not processed even after multiple visits. request urgent action.,CM Office (Miscellaneous)
Building without proper permission in Lakeview. situation getting worse.,Development Authority
Waste dumped on roadside in Downtown. request urgent action.,Municipal
Construction debris dumped near Downtown. kindly look into this.,Development Authority
People blocking roads with illegal sheds. facing issues since last week.,Development Authority
"Street damaged after rain, vehicles skidding. needs immediate attention.",Public Works Department
Chain snatching reported near signal point. Please take action.,Police
Streetlights not working since last week in Downtown. please resolve soon.,Municipal
Water leakage near 2nd street. needs immediate attention.,Municipal
Police not responding quickly during emergencies. please resolve soon.,Police
Stormwater drain collapsed near city mall. needs immediate attention.,Public Works Department
Delay in pension disbursement for seniors. facing issues since last week.,CM Office (Miscellaneous)
Culvert repair pending at New Town. facing issues since last week.,Public Works Department
Chain snatching reported near petrol bunk. Please take action. please resolve soon.,Police
Construction debris dumped near XYZ Nagar.,Development Authority
Pedestrian crossing signal not working at main road.,Transport
Stormwater drain collapsed near petrol bunk. situation getting worse.,Public Works Department
Chain snatching reported near community hall. Please take action. please resolve soon.,Police
Bridge under repair for months at junction.,Public Works Department
Fogging not done properly leading to mosquito menace. situation getting worse.,Municipal
"Footpath broken near Sector 12, pedestrians facing issues. situation getting worse.",Public Works Department
Staff behavior rude and unhelpful in office. situation getting worse.,CM Office (Miscellaneous)
Encroachment on public land at school. kindly look into this.,Development Authority
Uneven road surface leading to traffic problems. situation getting worse.,Public Works Department
Garbage not collected in Green Park for several days. needs immediate attention.,Municipal
Police not responding quickly during emergencies. needs immediate attention.,Police
Streetlights not working since last week in XYZ Nagar.,Municipal
Unhygienic conditions near market in MG Road. needs immediate attention.,Municipal
People fighting daily at the main road. needs immediate attention.,Police
Land encroachment by private party near market area. request urgent action.,Development Authority
Unauthorized shops operating near junction. facing issues since last week.,Development Authority
No proper communication from officials on issue raised. facing issues since last week.,CM Office (Miscellaneous)
"Street damaged after rain, vehicles skidding. facing issues since last week.",Public Works Department
Bus shelter at Green Park broken and unsafe. situation getting worse.,Transport
Garbage not collected in Green Park for several days. facing issues since last week.,Municipal
Loud noise and public nuisance every night around hospital. needs immediate attention.,Police
Accidents happening due to no speed breakers at hospital. kindly look into this.,Transport
People fighting daily at the bus stop. facing issues since last week.,Police
Delay in pension disbursement for seniors. kindly look into this.,CM Office (Miscellaneous)
Theft cases increasing in XYZ Nagar. Please increase patrolling. facing issues since last week.,Police
"Unfair practices in local department reported, please look into it. situation getting worse.",CM Office (Miscellaneous)
Loud noise and public nuisance every night around hospital. facing issues since last week.,Police
Construction debris dumped near Green Park. please resolve soon.,Development Authority
Staff behavior rude and unhelpful in office. kindly look into this.,CM Office (Miscellaneous)
Accidents happening due to no speed breakers at hospital. kindly look into this.,Transport
Stormwater drain collapsed near bus depot. needs immediate attention.,Public Works Department
Staff behavior rude and unhelpful in office. kindly look into this.,CM Office (Miscellaneous)
Heavy traffic jam at market area every morning.,Transport
New road construction delayed at Downtown. needs immediate attention.,Public Works Department
Stray dogs attacking people in XYZ Nagar. please resolve soon.,Municipal
Signal at community hall not functioning properly causing accidents. needs immediate attention.,Transport
Robbery incident reported near bus stop. please resolve soon.,Police
New road construction delayed at ABC Colony. please resolve soon.,Public Works Department
Need urgent help regarding electricity bill issue. kindly look into this.,CM Office (Miscellaneous)
Drunken men creating disturbance in Downtown.,Police
Flyover joints damaged and causing vehicle imbalance. situation getting worse.,Public Works Department
No proper communication from officials on issue raised. facing issues since last week.,CM Office (Miscellaneous)
Bus route 98 not running on time for several days. kindly look into this.,Transport
Women feel unsafe walking home after 7 PM. request urgent action.,Police
Encroachment on public land at market area. facing issues since last week.,Development Authority
Drainage overflow causing bad smell near bus stop. facing issues since last week.,Municipal
Police not responding quickly during emergencies. please resolve soon.,Police
Unauthorized shops operating near signal point. facing issues since last week.,Development Authority
Fogging not done properly leading to mosquito menace. facing issues since last week.,Municipal
Bus shelter at Sector 12 broken and unsafe. needs immediate attention.,Transport
Plot disputes not being resolved on time. kindly look into this.,Development Authority
Corruption complaint ignored by local officer. needs immediate attention.,CM Office (Miscellaneous)
Bus shelter at Downtown broken and unsafe. please resolve soon.,Transport
"Unfair practices in local department reported, please look into it. request urgent action.",CM Office (Miscellaneous)
"Footpath broken near ABC Colony, pedestrians facing issues. facing issues since last week.",Public Works Department
No proper communication from officials on issue raised. kindly look into this.,CM Office (Miscellaneous)
Citizen grievance unresolved despite repeated attempts. needs immediate attention.,CM Office (Miscellaneous)
Signal at bus depot not functioning properly causing accidents. needs immediate attention.,Transport
Poor road markings making driving difficult. situation getting worse.,Transport
Encroachment on public land at hospital.,Development Authority
Pedestrian crossing signal not working at railway station. request urgent action.,Transport
Application not processed even after multiple visits. request urgent action.,CM Office (Miscellaneous)
Women feel unsafe walking home after 7 PM.,Police
Land encroachment by private party near bus stop. request urgent action.,Development Authority
Flyover construction delay leading to congestion. please resolve soon.,Transport
Building without proper permission in Sector 12. needs immediate attention.,Development Authority
New road construction delayed at XYZ Nagar. please resolve soon.,Public Works Department
"Street damaged after rain, vehicles skidding. needs immediate attention.",Public Works Department
Building without proper permission in ABC Colony. kindly look into this.,Development Authority
Citizen grievance unresolved despite repeated attempts. request urgent action.,CM Office (Miscellaneous)
Flyover joints damaged and causing vehicle imbalance. needs immediate attention.,Public Works Department
Streetlights not working since last week in Lakeview. situation getting worse.,Municipal
Robbery incident reported near railway station. needs immediate attention.,Police
New road construction delayed at Lakeview. please resolve soon.,Public Works Department
Bridge under repair for months at junction. situation getting worse.,Public Works Department
Chain snatching reported near petrol bunk. Please take action.,Police
Construction debris dumped near Downtown. situation getting worse.,Development Authority
Corruption complaint ignored by local officer. please resolve soon.,CM Office (Miscellaneous)
Signal at signal point not functioning properly causing accidents. needs immediate attention.,Transport
Bus shelter at Green Park broken and unsafe.,Transport
Need urgent help regarding electricity bill issue. situation getting worse.,CM Office (Miscellaneous)
Delay in pension disbursement for seniors. needs immediate attention.,CM Office (Miscellaneous)
Complaint regarding layout approval delay. request urgent action.,Development Authority
Garbage not collected in Sector 12 for several days. needs immediate attention.,Municipal
"Footpath broken near Downtown, pedestrians facing issues. situation getting worse.",Public Works Department
Online complaint portal not working for days. facing issues since last week.,CM Office (Miscellaneous)
Autos refusing passengers in ABC Colony. facing issues since last week.,Transport
Drainage overflow causing bad smell near main road. please resolve soon.,Municipal
Garbage not collected in Central Avenue for several days. kindly look into this.,Municipal
Uneven road surface leading to traffic problems. kindly look into this.,Public Works Department
Drainage overflow causing bad smell near bus stop. please resolve soon.,Municipal
Land encroachment by private party near temple. needs immediate attention.,Development Authority
"Street damaged after rain, vehicles skidding. situation getting worse.",Public Works Department
Government office not responding to complaints. please resolve soon.,CM Office (Miscellaneous)
People blocking roads with illegal sheds. facing issues since last week.,Development Authority
Unhygienic conditions near market in ABC Colony. kindly look into this.,Municipal
Building without proper permission in ABC Colony. facing issues since last week.,Development Authority
"Unfair practices in local department reported, please look into it.",CM Office (Miscellaneous)
Robbery incident reported near market area.,Police
Chain snatching reported near city mall. Please take action. situation getting worse.,Police
Violation of building norms at temple. request urgent action.,Development Authority
Complaint regarding layout approval delay. kindly look into this.,Development Authority
Garbage not collected in Green Park for several days. request urgent action.,Municipal
Application not processed even after multiple visits. facing issues since last week.,CM Office (Miscellaneous)
No proper communication from officials on issue raised. kindly look into this.,CM Office (Miscellaneous)
Public dustbins overflowing and not cleaned. kindly look into this.,Municipal
Public dustbins overflowing and not cleaned. request urgent action.,Municipal
Stormwater drain collapsed near bus depot. facing issues since last week.,Public Works Department
Illegal gambling happening behind signal point. request urgent action.,Police
Fogging not done properly leading to mosquito menace. needs immediate attention.,Municipal
Stray dogs attacking people in ABC Colony. situation getting worse.,Municipal
Stormwater drain collapsed near petrol bunk. situation getting worse.,Public Works Department
"Street damaged after rain, vehicles skidding. kindly look into this.",Public Works Department
Theft cases increasing in Central Avenue. Please increase patrolling. kindly look into this.,Police
Water leakage near 1st cross. facing issues since last week.,Municipal
Poor road markings making driving difficult. request urgent action.,Transport
Stormwater drain collapsed near bus depot.,Public Works Department
Chain snatching reported near bus depot. Please take action. situation getting worse.,Police
Public dustbins overflowing and not cleaned. kindly look into this.,Municipal
"Footpath broken near Sector 12, pedestrians facing issues. request urgent action.",Public Works Department
Illegal construction happening on main bazaar road. needs immediate attention.,Development Authority
No proper communication from officials on issue raised. please resolve soon.,CM Office (Miscellaneous)
Signal at city mall not functioning properly causing accidents. facing issues since last week.,Transport
"Footpath broken near Green Park, pedestrians facing issues. situation getting worse.",Public Works Department
Loud noise and public nuisance every night around temple.,Police
Unauthorized shops operating near community hall. please resolve soon.,Development Authority
Streetlights not working since last week in XYZ Nagar. request urgent action.,Municipal
Robbery incident reported near hospital. kindly look into this.,Police
Bridge under repair for months at junction.,Public Works Department
Waste dumped on roadside in Green Park. request urgent action.,Municipal
Application not processed even after multiple visits. situation getting worse.,CM Office (Miscellaneous)
Drunken men creating disturbance in XYZ Nagar. please resolve soon.,Police
Online complaint portal not working for days. kindly look into this.,CM Office (Miscellaneous)
"Unfair practices in local department reported, please look into it. facing issues since last week.",CM Office (Miscellaneous)
Water stagnation near main road due to poor drainage.,Public Works Department
There is frequent eve teasing near the hospital. kindly look into this.,Police
Land encroachment by private party near main road. kindly look into this.,Development Authority
Stray dogs attacking people in MG Road. request urgent action.,Municipal
New road construction delayed at ABC Colony. facing issues since last week.,Public Works Department
Garbage not collected in Central Avenue for several days. facing issues since last week.,Municipal
Unauthorized shops operating near signal point. situation getting worse.,Development Authority
Signal at city mall not functioning properly causing accidents. please resolve soon.,Transport
"Unfair practices in local department reported, please look into it. situation getting worse.",CM Office (Miscellaneous)
Unauthorized shops operating near community hall. kindly look into this.,Development Authority
Stray dogs attacking people in Lakeview. please resolve soon.,Municipal
Loud noise and public nuisance every night around market area. request urgent action.,Police
No proper communication from officials on issue raised. kindly look into this.,CM Office (Miscellaneous)
Flyover joints damaged and causing vehicle imbalance. facing issues since last week.,Public Works Department
Illegal construction happening on 2nd street. request urgent action.,Development Authority
Bus route 87 not running on time for several days. facing issues since last week.,Transport
Illegal construction happening on ring road. request urgent action.,Development Authority
Encroachment on public land at market area.,Development Authority
Autos refusing passengers in Green Park. please resolve soon.,Transport
Staff behavior rude and unhelpful in office. kindly look into this.,CM Office (Miscellaneous)
Streetlights not working since last week in Downtown.,Municipal
Land encroachment by private party near main road. request urgent action.,Development Authority
Water stagnation near bus stop due to poor drainage. needs immediate attention.,Public Works Department
Delay in pension disbursement for seniors. facing issues since last week.,CM Office (Miscellaneous)
Encroachment on public land at temple. kindly look into this.,Development Authority
Illegal construction happening on main bazaar road. facing issues since last week.,Development Authority
Fogging not done properly leading to mosquito menace. situation getting worse.,Municipal
Robbery incident reported near park. facing issues since last week.,Police
Staff behavior rude and unhelpful in office. kindly look into this.,CM Office (Miscellaneous)
Unauthorized shops operating near signal point. needs immediate attention.,Development Authority
No proper communication from officials on issue raised. please resolve soon.,CM Office (Miscellaneous)
Citizen grievance unresolved despite repeated attempts. needs immediate attention.,CM Office (Miscellaneous)
People fighting daily at the main road.,Police
Accidents happening due to no speed breakers at railway station. needs immediate attention.,Transport
Uneven road surface leading to traffic problems. facing issues since last week.,Public Works Department
Violation of building norms at school.,Development Authority
Signal at community hall not functioning properly causing accidents. facing issues since last week.,Transport
Fogging not done properly leading to mosquito menace. needs immediate attention.,Municipal
Road full of potholes at school. please resolve soon.,Public Works Department
Fogging not done properly leading to mosquito menace. request urgent action.,Municipal
Bus route 75 not running on time for several days. request urgent action.,Transport
Open manhole in main road dangerous for kids. please resolve soon.,Municipal
Delay in pension disbursement for seniors. kindly look into this.,CM Office (Miscellaneous)
Government office not responding to complaints. facing issues since last week.,CM Office (Miscellaneous)
Illegal construction happening on 1st cross. kindly look into this.,Development Authority
New road construction delayed at Central Avenue. please resolve soon.,Public Works Department
Water stagnation near bus stop due to poor drainage.,Public Works Department
Bus route 14 not running on time for several days. kindly look into this.,Transport
Uneven road surface leading to traffic problems. please resolve soon.,Public Works Department
Bridge under repair for months at junction. kindly look into this.,Public Works Department
Flyover joints damaged and causing vehicle imbalance. request urgent action.,Public Works Department
"Footpath broken near Green Park, pedestrians facing issues.",Public Works Department
Open manhole in park dangerous for kids. request urgent action.,Municipal
Flyover construction delay leading to congestion. kindly look into this.,Transport
Staff behavior rude and unhelpful in office. kindly look into this.,CM Office (Miscellaneous)
Bridge under repair for months at city mall. situation getting worse.,Public Works Department
Water leakage near ring road. please resolve soon.,Municipal
Public dustbins overflowing and not cleaned. needs immediate attention.,Municipal
Citizen grievance unresolved despite repeated attempts. kindly look into this.,CM Office (Miscellaneous)
Illegal gambling happening behind junction. request urgent action.,Police
"Footpath broken near MG Road, pedestrians facing issues. please resolve soon.",Public Works Department
Pedestrian crossing signal not working at bus stop. please resolve soon.,Transport
Bus route 9 not running on time for several days. request urgent action.,Transport
Drunken men creating disturbance in XYZ Nagar.,Police
"Unfair practices in local department reported, please look into it. facing issues since last week.",CM Office (Miscellaneous)
Bus shelter at Central Avenue broken and unsafe. request urgent action.,Transport
Government office not responding to complaints. situation getting worse.,CM Office (Miscellaneous)
Illegal gambling happening behind city mall. please resolve soon.,Police
Heavy traffic jam at park every morning. please resolve soon.,Transport
Violation of building norms at park. facing issues since last week.,Development Authority
Road full of potholes at park.,Public Works Department
Bus shelter at XYZ Nagar broken and unsafe.,Transport
Culvert repair pending at Old City. kindly look into this.,Public Works Department
Bridge under repair for months at city mall. please resolve soon.,Public Works Department
Theft cases increasing in Central Avenue. Please increase patrolling. needs immediate attention.,Police
Complaint regarding layout approval delay. please resolve soon.,Development Authority
Garbage not collected in Sector 12 for several days.,Municipal
Application not processed even after multiple visits. kindly look into this.,CM Office (Miscellaneous)
"Footpath broken near Lakeview, pedestrians facing issues. situation getting worse.",Public Works Department
No proper communication from officials on issue raised. request urgent action.,CM Office (Miscellaneous)
Police not responding quickly during emergencies. request urgent action.,Police
Water stagnation near park due to poor drainage. facing issues since last week.,Public Works Department
Drainage overflow causing bad smell near temple.,Municipal
Plot disputes not being resolved on time. needs immediate attention.,Development Authority
Delay in pension disbursement for seniors. kindly look into this.,CM Office (Miscellaneous)
Government office not responding to complaints. kindly look into this.,CM Office (Miscellaneous)
Chain snatching reported near junction. Please take action. please resolve soon.,Police
Pedestrian crossing signal not working at railway station. kindly look into this.,Transport
New road construction delayed at Lakeview. needs immediate attention.,Public Works Department
Drainage overflow causing bad smell near park. facing issues since last week.,Municipal
Bridge under repair for months at signal point. needs immediate attention.,Public Works Department
Robbery incident reported near bus stop. kindly look into this.,Police
Construction debris dumped near XYZ Nagar. needs immediate attention.,Development Authority
Drainage overflow causing bad smell near market area. situation getting worse.,Municipal
People fighting daily at the hospital. facing issues since last week.,Police
Loud noise and public nuisance every night around park. situation getting worse.,Police
No proper communication from officials on issue raised. please resolve soon.,CM Office (Miscellaneous)
Plot disputes not being resolved on time. kindly look into this.,Development Authority
Corruption complaint ignored by local officer. kindly look into this.,CM Office (Miscellaneous)
Signal at bus depot not functioning properly causing accidents. kindly look into this.,Transport
Flyover construction delay leading to congestion. situation getting worse.,Transport
There is frequent eve teasing near the temple. please resolve soon.,Police
Flyover construction delay leading to congestion. request urgent action.,Transport
Autos refusing passengers in ABC Colony. situation getting worse.,Transport
Building without proper permission in Lakeview. kindly look into this.,Development Authority
"Unfair practices in local department reported, please look into it. situation getting worse.",CM Office (Miscellaneous)
Construction debris dumped near Lakeview. kindly look into this.,Development Authority
"Unfair practices in local department reported, please look into it. situation getting worse.",CM Office (Miscellaneous)
Accidents happening due to no speed breakers at main road. request urgent action.,Transport
Stray dogs attacking people in Central Avenue. request urgent action.,Municipal
Staff behavior rude and unhelpful in office. kindly look into this.,CM Office (Miscellaneous)
Chain snatching reported near signal point. Please take action. needs immediate attention.,Police
Corruption complaint ignored by local officer. request urgent action.,CM Office (Miscellaneous)
Bus shelter at MG Road broken and unsafe. please resolve soon.,Transport
Encroachment on public land at temple. needs immediate attention.,Development Authority
"Footpath broken near XYZ Nagar, pedestrians facing issues. request urgent action.",Public Works Department
Complaint regarding layout approval delay. facing issues since last week.,Development Authority
Broken divider near petrol bunk causing jams. facing issues since last week.,Transport
Water stagnation near school due to poor drainage. kindly look into this.,Public Works Department
Illegal construction happening on main bazaar road. please resolve soon.,Development Authority
Pedestrian crossing signal not working at park. needs immediate attention.,Transport
Fogging not done properly leading to mosquito menace. please resolve soon.,Municipal
New road construction delayed at ABC Colony. needs immediate attention.,Public Works Department
Women feel unsafe walking home after 7 PM. facing issues since last week.,Police
Land encroachment by private party near main road. situation getting worse.,Development Authority
There is frequent eve teasing near the school. request urgent action.,Police
Culvert repair pending at Hill View. situation getting worse.,Public Works Department
Autos refusing passengers in ABC Colony. request urgent action.,Transport
Accidents happening due to no speed breakers at school. situation getting worse.,Transport
New road construction delayed at Lakeview. request urgent action.,Public Works Department
Road full of potholes at temple. request urgent action.,Public Works Department
Open manhole in temple dangerous for kids. kindly look into this.,Municipal
Illegal gambling happening behind city mall. needs immediate attention.,Police
Water leakage near 1st cross. kindly look into this.,Municipal
Water leakage near 1st cross. kindly look into this.,Municipal
Drunken men creating disturbance in Downtown. kindly look into this.,Police
Water leakage near ring road. kindly look into this.,Municipal
Water stagnation near temple due to poor drainage. kindly look into this.,Public Works Department
Police not responding quickly during emergencies. situation getting worse.,Police
Land encroachment by private party near market area. situation getting worse.,Development Authority
Unauthorized shops operating near petrol bunk. kindly look into this.,Development Authority
"Footpath broken near XYZ Nagar, pedestrians facing issues. needs immediate attention.",Public Works Department
Poor road markings making driving difficult. situation getting worse.,Transport
Bus route 20 not running on time for several days. kindly look into this.,Transport
Fogging not done properly leading to mosquito menace. request urgent action.,Municipal
Application not processed even after multiple visits. please resolve soon.,CM Office (Miscellaneous)
"Street damaged after rain, vehicles skidding. kindly look into this.",Public Works Department
Stormwater drain collapsed near bus depot. facing issues since last week.,Public Works Department
People fighting daily at the main road.,Police
Unhygienic conditions near market in Green Park. facing issues since last week.,Municipal
Pedestrian crossing signal not working at temple. needs immediate attention.,Transport
Uneven road surface leading to traffic problems. facing issues since last week.,Public Works Department
Unhygienic conditions near market in MG Road. facing issues since last week.,Municipal
"Footpath broken near MG Road, pedestrians facing issues. please resolve soon.",Public Works Department
Accidents happening due to no speed breakers at hospital. kindly look into this.,Transport
Robbery incident reported near market area. facing issues since last week.,Police
Bridge under repair for months at city mall. needs immediate attention.,Public Works Department
Online complaint portal not working for days. needs immediate attention.,CM Office (Miscellaneous)
Building without proper permission in Downtown. kindly look into this.,Development Authority
Plot disputes not being resolved on time.,Development Authority
"Unfair practices in local department reported, please look into it. facing issues since last week.",CM Office (Miscellaneous)
Heavy traffic jam at park every morning. please resolve soon.,Transport
Drainage overflow causing bad smell near railway station. request urgent action.,Municipal
Unhygienic conditions near market in Central Avenue. request urgent action.,Municipal
Women feel unsafe walking home after 7 PM. request urgent action.,Police
Water leakage near ring road. situation getting worse.,Municipal
Loud noise and public nuisance every night around bus stop. request urgent action.,Police
Stormwater drain collapsed near signal point. request urgent action.,Public Works Department
Bridge under repair for months at junction. situation getting worse.,Public Works Department
Plot disputes not being resolved on time.,Development Authority
Online complaint portal not working for days. facing issues since last week.,CM Office (Miscellaneous)
Chain snatching reported near city mall. Please take action. kindly look into this.,Police
Road full of potholes at temple. kindly look into this.,Public Works Department
Construction debris dumped near XYZ Nagar. situation getting worse.,Development Authority
Heavy traffic jam at hospital every morning. facing issues since last week.,Transport
