Description,Category
Group of men harassing women near School.,Police
"Loud music playing late night at Bus Stand, no action taken.",Police
Garbage not collected for 5 days near School.,Municipal
Auto drivers overcharging passengers near School.,Transport
Water supply disrupted since 7 days in Bus Stand.,Municipal
"Burglary reported at Metro Station, no investigation done.",Police
Repeated complaints ignored by department.,CM Office (Miscellaneous)
Public toilet at Bus Stand is dirty and broken. pls do something asap!,Municipal
Bus stop shelter at Park damaged and unsafe. pls do something asap!,Transport
Heavy vehicles blocking main road near School.,Transport
Water supply disrupted since 14 days in Bus Stand.,Municipal
Public nuisance by drunk people at Market.,Police
"Loud music playing late night at School, no action taken.",Police
"Streetlight not working in Park, unsafe at night.",Municipal
Open manhole causing danger near Hospital.,Municipal
Auto drivers overcharging passengers near Temple.,Transport
Open manhole causing danger near Highway.,Municipal
Illegal hoardings at Park causing obstruction.,Development Authority
Building being constructed without permission near Hospital.,Development Authority
Group of men harassing women near Temple.,Police
Overhead bridge construction delayed near Metro Station.,Public Works Department
Repeated complaints ignored by department. pls do something asap!,CM Office (Miscellaneous)
Illegal hoardings at Colony causing obstruction.,Development Authority
Chain snatching reported yesterday near Bus Stand.,Police
"Theft occurred at Park, no police arrived yet.",Police
Cement road at Hospital cracked within a week of repair.,Public Works Department
Assault reported outside Main Road.,Police
Buses not stopping at Colony despite schedule.,Transport
"streetlight not working in main road, unsafe @ night.",Municipal
Stray dogs attacking people near Colony.,Municipal
Repeated complaints ignored by department.,CM Office (Miscellaneous)
"Road divider missing near Highway, causing accidents.",Transport
Buses not stopping at Market despite schedule.,Transport
footp@h tiles uneven and dangerous n main road.,Public Works Department
Overhead bridge construction delayed near Colony.,Public Works Department
Drainage blocked near Colony causing flooding.,Public Works Department
Encroachment on government land near School.,Development Authority
No sanitation workers seen for a week at School.,Municipal
Heavy vehicles blocking main road near Metro Station.,Transport
Water supply disrupted since 12 days in Colony.,Municipal
public toilet @ colony is dirty and broken.,Municipal
Unauthorized shops set up near Metro Station.,Development Authority
Chain snatching reported yesterday near School.,Police
Footpath tiles uneven and dangerous near Main Road. pls do something asap!,Public Works Department
building being constructed without permission n temple.,Development Authority
Heavy vehicles blocking main road near Main Road.,Transport
street repair left incomplete @ park.,Public Works Department
Road at Highway has deep potholes causing accidents.,Public Works Department
No sanitation workers seen for a week at Bus Stand.,Municipal
Buses not stopping at Highway despite schedule.,Transport
"Loud music playing late night at Metro Station, no action taken.",Police
Cement road at Highway cracked within a week of repair.,Public Works Department
Chain snatching reported yesterday near Highway.,Police
Overhead bridge construction delayed near Metro Station.,Public Works Department
Assault reported outside Metro Station.,Police
Water supply disrupted since 4 days in Park.,Municipal
heavy vehicles blocking main road n market.,Transport
Buses not stopping at Colony despite schedule.,Transport
Footpath tiles uneven and dangerous near Colony.,Public Works Department
auto drivers overcharging passengers n hospital.,Transport
Dumping of debris on open land near Bus Stand.,Development Authority
Garbage not collected for 8 days near School.,Municipal
Assault reported outside Metro Station.,Police
Department staff being rude and unhelpful.,CM Office (Miscellaneous)
"Streetlight not working in Hospital, unsafe at night.",Municipal
"Burglary reported at Metro Station, no investigation done.",Police
"Theft occurred at Highway, no police arrived yet.",Police
Illegal construction at Main Road blocking road access. pls do something asap!,Development Authority
"Burglary reported at Park, no investigation done.",Police
Overhead bridge construction delayed near Metro Station.,Public Works Department
no acknowledgment received fr complaint submitted last week.,CM Office (Miscellaneous)
No sanitation workers seen for a week at Metro Station.,Municipal
Bus stop shelter at Hospital damaged and unsafe.,Transport
chain sn@ching reported yesterday n market. pls do something asap!,Police
Unauthorized shops set up near Highway.,Development Authority
Still waiting for action on request raised 6 days ago.,CM Office (Miscellaneous)
Open manhole causing danger near Market.,Municipal
Illegal construction at Main Road blocking road access.,Development Authority
Grievance No. CM9557 pending without update.,CM Office (Miscellaneous)
bus stop shelter @ colony damaged and unsafe. pls do something asap!,Transport
"Theft occurred at Park, no police arrived yet.",Police
No sanitation workers seen for a week at School.,Municipal
assault reported outside metro st@ion. pls do something asap!,Police
Broken road divider at Highway creating risk for vehicles.,Public Works Department
Stray dogs attacking people near Hospital.,Municipal
Traffic signal malfunctioning near Main Road.,Transport
Building being constructed without permission near School.,Development Authority
Broken road divider at Hospital creating risk for vehicles.,Public Works Department
Traffic signal malfunctioning near School.,Transport
Encroachment on government land near Metro Station.,Development Authority
Online complaint portal not working for several days.,CM Office (Miscellaneous)
Repeated complaints ignored by department.,CM Office (Miscellaneous)
w@er supply disrupted since 8 days in market.,Municipal
Broken road divider at Colony creating risk for vehicles. pls do something asap!,Public Works Department
"streetlight not working in market, unsafe @ night.",Municipal
group of men harassing women n main road.,Police
"Theft occurred at Park, no police arrived yet.",Police
Filed complaint weeks ago but no response received.,CM Office (Miscellaneous)
Frequent traffic jams near Park. pls do something asap!,Transport
Illegal construction at Market blocking road access. pls do something asap!,Development Authority
"Burglary reported at Hospital, no investigation done. pls do something asap!",Police
Grievance No. CM6031 pending without update.,CM Office (Miscellaneous)
no acknowledgment received fr complaint submitted last week.,CM Office (Miscellaneous)
Stray dogs attacking people near Market.,Municipal
building being constructed without permission n park.,Development Authority
Online complaint portal not working for several days. pls do something asap!,CM Office (Miscellaneous)
suspicious activities happening around temple every night.,Police
Drainage blocked near Colony causing flooding.,Public Works Department
Stray dogs attacking people near Highway.,Municipal
Group of men harassing women near Market.,Police
Footpath tiles uneven and dangerous near Market.,Public Works Department
Water supply disrupted since 9 days in Market.,Municipal
Overhead bridge construction delayed near School.,Public Works Department
No acknowledgment received for complaint submitted last week. pls do something asap!,CM Office (Miscellaneous)
no sanit@ion workers seen fr a week @ colony.,Municipal
public nuisance by drunk people @ highway.,Police
grievance no. cm5547 pending without upd@e.,CM Office (Miscellaneous)
Unauthorized shops set up near Temple.,Development Authority
Suspicious activities happening around Main Road every night.,Police
Illegal hoardings at Colony causing obstruction.,Development Authority
"Burglary reported at Metro Station, no investigation done.",Police
illegal construction @ highway blocking road access.,Development Authority
Broken road divider at Temple creating risk for vehicles.,Public Works Department
Chain snatching reported yesterday near Main Road.,Police
Footpath tiles uneven and dangerous near Bus Stand.,Public Works Department
Newly constructed footpath at Colony already broken.,Public Works Department
Buses not stopping at Highway despite schedule.,Transport
No acknowledgment received for complaint submitted last week.,CM Office (Miscellaneous)
No acknowledgment received for complaint submitted last week.,CM Office (Miscellaneous)
"theft occurred @ school, no police arrived yet.",Police
Buses not stopping at Bus Stand despite schedule.,Transport
"Burglary reported at Main Road, no investigation done.",Police
Public nuisance by drunk people at Bus Stand.,Police
"Road divider missing near Temple, causing accidents.",Transport
Overhead bridge construction delayed near Main Road.,Public Works Department
officials not responding to grievance @ highway.,CM Office (Miscellaneous)
Dumping of debris on open land near Park.,Development Authority
"Road divider missing near Highway, causing accidents.",Transport
group of men harassing women n highway.,Police
Broken road divider at School creating risk for vehicles. pls do something asap!,Public Works Department
Assault reported outside Highway.,Police
Buses not stopping at Colony despite schedule.,Transport
Traffic signal malfunctioning near School. pls do something asap!,Transport
w@er supply disrupted since 5 days in park.,Municipal
Bus stop shelter at Market damaged and unsafe.,Transport
Illegal construction at School blocking road access.,Development Authority
Cement road at Main Road cracked within a week of repair.,Public Works Department
"Drainage overflow at Colony, foul smell everywhere.",Municipal
Department staff being rude and unhelpful. pls do something asap!,CM Office (Miscellaneous)
Filed complaint weeks ago but no response received.,CM Office (Miscellaneous)
Auto drivers overcharging passengers near Highway.,Transport
Building being constructed without permission near Bus Stand.,Development Authority
"Theft occurred at Highway, no police arrived yet.",Police
newly constructed footp@h @ market already broken.,Public Works Department
Suspicious activities happening around Highway every night.,Police
Grievance No. CM9673 pending without update.,CM Office (Miscellaneous)
Bus stop shelter at Park damaged and unsafe.,Transport
Water supply disrupted since 10 days in Temple.,Municipal
Cement road at Highway cracked within a week of repair.,Public Works Department
chain sn@ching reported yesterday n park.,Police
Auto drivers overcharging passengers near Colony. pls do something asap!,Transport
grievance no. cm8331 pending without upd@e.,CM Office (Miscellaneous)
Repeated complaints ignored by department.,CM Office (Miscellaneous)
Online complaint portal not working for several days.,CM Office (Miscellaneous)
Officials not responding to grievance at Metro Station.,CM Office (Miscellaneous)
Assault reported outside Main Road.,Police
Still waiting for action on request raised 2 days ago.,CM Office (Miscellaneous)
buses not stopping @ school despite schedule.,Transport
auto drivers overcharging passengers n bus stand.,Transport
Drainage blocked near Highway causing flooding.,Public Works Department
Online complaint portal not working for several days.,CM Office (Miscellaneous)
Plot boundaries changed illegally near Main Road.,Development Authority
Footpath tiles uneven and dangerous near Colony.,Public Works Department
Online complaint portal not working for several days.,CM Office (Miscellaneous)
Overhead bridge construction delayed near Hospital.,Public Works Department
Open manhole causing danger near Park.,Municipal
"Burglary reported at Colony, no investigation done.",Police
Overhead bridge construction delayed near Colony.,Public Works Department
Online complaint portal not working for several days.,CM Office (Miscellaneous)
Road at School has deep potholes causing accidents.,Public Works Department
Land dispute reported at Temple. pls do something asap!,Development Authority
Drainage blocked near Market causing flooding.,Public Works Department
Filed complaint weeks ago but no response received.,CM Office (Miscellaneous)
No acknowledgment received for complaint submitted last week.,CM Office (Miscellaneous)
Cement road at Main Road cracked within a week of repair.,Public Works Department
encroachment on government land n highway.,Development Authority
Footpath tiles uneven and dangerous near Temple.,Public Works Department
Bus stop shelter at Park damaged and unsafe. pls do something asap!,Transport
"Loud music playing late night at Bus Stand, no action taken.",Police
Frequent traffic jams near School.,Transport
Auto drivers overcharging passengers near Highway.,Transport
Department staff being rude and unhelpful.,CM Office (Miscellaneous)
Illegal hoardings at Market causing obstruction.,Development Authority
Building being constructed without permission near Market.,Development Authority
"Drainage overflow at Highway, foul smell everywhere.",Municipal
"Burglary reported at Main Road, no investigation done.",Police
"Loud music playing late night at Main Road, no action taken.",Police
Stray dogs attacking people near Bus Stand.,Municipal
Stray dogs attacking people near School.,Municipal
Chain snatching reported yesterday near Colony.,Police
Filed complaint weeks ago but no response received.,CM Office (Miscellaneous)
Drainage blocked near Temple causing flooding.,Public Works Department
online complaint portal not working fr several days. pls do something asap!,CM Office (Miscellaneous)
Cement road at Highway cracked within a week of repair.,Public Works Department
Building being constructed without permission near Hospital.,Development Authority
Encroachment on government land near Bus Stand.,Development Authority
Frequent traffic jams near Market. pls do something asap!,Transport
Open manhole causing danger near Market.,Municipal
Open manhole causing danger near Metro Station.,Municipal
Road at Market has deep potholes causing accidents.,Public Works Department
Overhead bridge construction delayed near Metro Station. pls do something asap!,Public Works Department
Cement road at School cracked within a week of repair.,Public Works Department
street repair left incomplete @ main road.,Public Works Department
Auto drivers overcharging passengers near Park.,Transport
Illegal construction at Park blocking road access.,Development Authority
Drainage blocked near Colony causing flooding.,Public Works Department
Cement road at Highway cracked within a week of repair.,Public Works Department
Auto drivers overcharging passengers near Main Road.,Transport
Assault reported outside Colony.,Police
Plot boundaries changed illegally near Temple.,Development Authority
encroachment on government land n hospital.,Development Authority
Filed complaint weeks ago but no response received.,CM Office (Miscellaneous)
Filed complaint weeks ago but no response received.,CM Office (Miscellaneous)
Building being constructed without permission near Main Road.,Development Authority
Cement road at Metro Station cracked within a week of repair.,Public Works Department
Garbage not collected for 10 days near Hospital.,Municipal
Frequent traffic jams near Market.,Transport
Unauthorized shops set up near Park.,Development Authority
Suspicious activities happening around Temple every night.,Police
Still waiting for action on request raised 14 days ago.,CM Office (Miscellaneous)
"road divider missing n metro st@ion, causing accidents.",Transport
Water supply disrupted since 3 days in Highway.,Municipal
Road at Bus Stand has deep potholes causing accidents. pls do something asap!,Public Works Department
Illegal hoardings at School causing obstruction.,Development Authority
Water supply disrupted since 13 days in Highway.,Municipal
Public nuisance by drunk people at Market.,Police
Land dispute reported at Bus Stand.,Development Authority
Building being constructed without permission near Highway.,Development Authority
Traffic signal malfunctioning near School.,Transport
No acknowledgment received for complaint submitted last week.,CM Office (Miscellaneous)
Repeated complaints ignored by department.,CM Office (Miscellaneous)
"Drainage overflow at Market, foul smell everywhere.",Municipal
"Burglary reported at Metro Station, no investigation done. pls do something asap!",Police
"Loud music playing late night at Main Road, no action taken.",Police
department staff being rude and unhelpful.,CM Office (Miscellaneous)
Traffic signal malfunctioning near Colony. pls do something asap!,Transport
Stray dogs attacking people near School.,Municipal
Plot boundaries changed illegally near Colony.,Development Authority
Filed complaint weeks ago but no response received.,CM Office (Miscellaneous)
frequent delays in public buses @ main road.,Transport
Auto drivers overcharging passengers near Bus Stand.,Transport
Online complaint portal not working for several days.,CM Office (Miscellaneous)
Illegal construction at Highway blocking road access.,Development Authority
Heavy vehicles blocking main road near School.,Transport
repe@ed complaints ignored by department.,CM Office (Miscellaneous)
Unauthorized shops set up near Bus Stand.,Development Authority
"Theft occurred at Metro Station, no police arrived yet.",Police
"Burglary reported at Colony, no investigation done.",Police
Land dispute reported at Market.,Development Authority
Plot boundaries changed illegally near School.,Development Authority
Bus stop shelter at School damaged and unsafe.,Transport
"Burglary reported at Park, no investigation done.",Police
Land dispute reported at Main Road.,Development Authority
public toilet @ highway is dirty and broken.,Municipal
Encroachment on government land near Park.,Development Authority
Frequent traffic jams near Highway.,Transport
road @ metro st@ion has deep potholes causing accidents.,Public Works Department
Grievance No. CM6141 pending without update.,CM Office (Miscellaneous)
Repeated complaints ignored by department.,CM Office (Miscellaneous)
Buses not stopping at Park despite schedule. pls do something asap!,Transport
"drainage overflow @ main road, foul smell everywhere.",Municipal
department staff being rude and unhelpful.,CM Office (Miscellaneous)
"Road divider missing near Colony, causing accidents.",Transport
Traffic signal malfunctioning near Bus Stand.,Transport
Open manhole causing danger near School.,Municipal
Traffic signal malfunctioning near School.,Transport
Assault reported outside Colony.,Police
Open manhole causing danger near Market.,Municipal
"Streetlight not working in Park, unsafe at night. pls do something asap!",Municipal
No acknowledgment received for complaint submitted last week.,CM Office (Miscellaneous)
Suspicious activities happening around Park every night.,Police
Drainage blocked near Highway causing flooding.,Public Works Department
Garbage not collected for 2 days near Park.,Municipal
Department staff being rude and unhelpful.,CM Office (Miscellaneous)
Auto drivers overcharging passengers near Market.,Transport
Broken road divider at School creating risk for vehicles.,Public Works Department
Broken road divider at Main Road creating risk for vehicles.,Public Works Department
Garbage not collected for 13 days near Metro Station.,Municipal
Open manhole causing danger near Hospital.,Municipal
Land dispute reported at Colony.,Development Authority
Broken road divider at Main Road creating risk for vehicles.,Public Works Department
"Streetlight not working in Main Road, unsafe at night.",Municipal
public toilet @ temple is dirty and broken.,Municipal
No sanitation workers seen for a week at School.,Municipal
Illegal construction at Park blocking road access.,Development Authority
No acknowledgment received for complaint submitted last week.,CM Office (Miscellaneous)
Illegal construction at Metro Station blocking road access.,Development Authority
Filed complaint weeks ago but no response received. pls do something asap!,CM Office (Miscellaneous)
No acknowledgment received for complaint submitted last week. pls do something asap!,CM Office (Miscellaneous)
Public nuisance by drunk people at Highway.,Police
Road at School has deep potholes causing accidents.,Public Works Department
"Theft occurred at School, no police arrived yet.",Police
Footpath tiles uneven and dangerous near Market.,Public Works Department
Still waiting for action on request raised 5 days ago.,CM Office (Miscellaneous)
"Drainage overflow at Highway, foul smell everywhere. pls do something asap!",Municipal
No sanitation workers seen for a week at Hospital.,Municipal
No sanitation workers seen for a week at Bus Stand.,Municipal
Newly constructed footpath at School already broken.,Public Works Department
Drainage blocked near Market causing flooding.,Public Works Department
Overhead bridge construction delayed near Colony.,Public Works Department
no sanit@ion workers seen fr a week @ metro st@ion.,Municipal
Open manhole causing danger near School.,Municipal
Encroachment on government land near Market.,Development Authority
Broken road divider at Temple creating risk for vehicles.,Public Works Department
"Road divider missing near Main Road, causing accidents.",Transport
"Streetlight not working in Bus Stand, unsafe at night.",Municipal
Cement road at Main Road cracked within a week of repair.,Public Works Department
Grievance No. CM7915 pending without update.,CM Office (Miscellaneous)
heavy vehicles blocking main road n temple.,Transport
Open manhole causing danger near Park.,Municipal
Traffic signal malfunctioning near Bus Stand.,Transport
road @ temple has deep potholes causing accidents.,Public Works Department
Stray dogs attacking people near Market.,Municipal
street repair left incomplete @ main road. pls do something asap!,Public Works Department
"Streetlight not working in Market, unsafe at night.",Municipal
Suspicious activities happening around School every night.,Police
Garbage not collected for 8 days near Main Road.,Municipal
Auto drivers overcharging passengers near Metro Station.,Transport
Filed complaint weeks ago but no response received.,CM Office (Miscellaneous)
"Road divider missing near Metro Station, causing accidents.",Transport
Newly constructed footpath at Market already broken.,Public Works Department
no sanit@ion workers seen fr a week @ market.,Municipal
Chain snatching reported yesterday near Temple.,Police
Illegal construction at Colony blocking road access.,Development Authority
Assault reported outside Hospital.,Police
Open manhole causing danger near Colony.,Municipal
Newly constructed footpath at Park already broken.,Public Works Department
broken road divider @ market cre@ing risk fr vehicles.,Public Works Department
Auto drivers overcharging passengers near Metro Station.,Transport
Road at Market has deep potholes causing accidents.,Public Works Department
Online complaint portal not working for several days.,CM Office (Miscellaneous)
Illegal hoardings at Market causing obstruction.,Development Authority
Illegal construction at Market blocking road access.,Development Authority
Still waiting for action on request raised 9 days ago.,CM Office (Miscellaneous)
public nuisance by drunk people @ temple.,Police
Public toilet at Bus Stand is dirty and broken.,Municipal
Grievance No. CM6044 pending without update.,CM Office (Miscellaneous)
Illegal hoardings at Main Road causing obstruction.,Development Authority
No sanitation workers seen for a week at Temple.,Municipal
Garbage not collected for 3 days near Highway.,Municipal
Heavy vehicles blocking main road near Highway.,Transport
"Streetlight not working in Bus Stand, unsafe at night.",Municipal
illegal hoardings @ temple causing obstruction. pls do something asap!,Development Authority
"Streetlight not working in Colony, unsafe at night.",Municipal
"Theft occurred at Market, no police arrived yet.",Police
Newly constructed footpath at Main Road already broken.,Public Works Department
Footpath tiles uneven and dangerous near Park. pls do something asap!,Public Works Department
Frequent delays in public buses at Metro Station.,Transport
chain sn@ching reported yesterday n school.,Police
Building being constructed without permission near Metro Station.,Development Authority
"Burglary reported at Park, no investigation done.",Police
heavy vehicles blocking main road n park.,Transport
Illegal construction at Metro Station blocking road access. pls do something asap!,Development Authority
Heavy vehicles blocking main road near Highway.,Transport
"Burglary reported at Highway, no investigation done.",Police
Water supply disrupted since 14 days in Temple.,Municipal
"Streetlight not working in Hospital, unsafe at night.",Municipal
"Theft occurred at Colony, no police arrived yet.",Police
Water supply disrupted since 9 days in Colony.,Municipal
Group of men harassing women near Park.,Police
Overhead bridge construction delayed near Main Road.,Public Works Department
Repeated complaints ignored by department.,CM Office (Miscellaneous)
Building being constructed without permission near Hospital.,Development Authority
Open manhole causing danger near Market.,Municipal
Building being constructed without permission near Bus Stand.,Development Authority
Garbage not collected for 4 days near Bus Stand.,Municipal
w@er supply disrupted since 13 days in metro st@ion.,Municipal
Grievance No. CM9226 pending without update.,CM Office (Miscellaneous)
Assault reported outside Hospital.,Police
Frequent delays in public buses at Main Road.,Transport
traffic signal malfunctioning n bus stand.,Transport
Overhead bridge construction delayed near Colony. pls do something asap!,Public Works Department
Garbage not collected for 9 days near Hospital.,Municipal
"Burglary reported at Hospital, no investigation done.",Police
Dumping of debris on open land near Main Road.,Development Authority
Buses not stopping at Main Road despite schedule.,Transport
No sanitation workers seen for a week at School.,Municipal
Open manhole causing danger near School.,Municipal
Public toilet at Highway is dirty and broken.,Municipal
Officials not responding to grievance at Metro Station. pls do something asap!,CM Office (Miscellaneous)
"drainage overflow @ market, foul smell everywhere.",Municipal
Newly constructed footpath at School already broken.,Public Works Department
Online complaint portal not working for several days.,CM Office (Miscellaneous)
"streetlight not working in hospital, unsafe @ night.",Municipal
"Burglary reported at Main Road, no investigation done.",Police
department staff being rude and unhelpful.,CM Office (Miscellaneous)
Dumping of debris on open land near Market.,Development Authority
Department staff being rude and unhelpful.,CM Office (Miscellaneous)
Chain snatching reported yesterday near Market.,Police
No acknowledgment received for complaint submitted last week.,CM Office (Miscellaneous)
"Loud music playing late night at Main Road, no action taken. pls do something asap!",Police
"Loud music playing late night at Market, no action taken.",Police
Public toilet at Main Road is dirty and broken.,Municipal
Traffic signal malfunctioning near Market.,Transport
Heavy vehicles blocking main road near Colony.,Transport
chain sn@ching reported yesterday n colony.,Police
"Road divider missing near Temple, causing accidents.",Transport
Still waiting for action on request raised 9 days ago.,CM Office (Miscellaneous)
"streetlight not working in hospital, unsafe @ night.",Municipal
Newly constructed footpath at Hospital already broken.,Public Works Department
Unauthorized shops set up near Metro Station. pls do something asap!,Development Authority
Unauthorized shops set up near Temple.,Development Authority
Dumping of debris on open land near Park.,Development Authority
No acknowledgment received for complaint submitted last week.,CM Office (Miscellaneous)
illegal hoardings @ colony causing obstruction. pls do something asap!,Development Authority
Group of men harassing women near Temple. pls do something asap!,Police
Newly constructed footpath at Hospital already broken. pls do something asap!,Public Works Department
Dumping of debris on open land near Park.,Development Authority
Broken road divider at Temple creating risk for vehicles.,Public Works Department
Repeated complaints ignored by department.,CM Office (Miscellaneous)
Cement road at Highway cracked within a week of repair.,Public Works Department
Public nuisance by drunk people at Hospital.,Police
Dumping of debris on open land near Metro Station.,Development Authority
Open manhole causing danger near Main Road.,Municipal
Buses not stopping at Hospital despite schedule.,Transport
Street repair left incomplete at Hospital.,Public Works Department
Overhead bridge construction delayed near Bus Stand.,Public Works Department
"loud music playing l@e night @ park, no action taken.",Police
"Theft occurred at Colony, no police arrived yet.",Police
Officials not responding to grievance at Main Road.,CM Office (Miscellaneous)
Water supply disrupted since 14 days in Main Road.,Municipal
Department staff being rude and unhelpful.,CM Office (Miscellaneous)
Open manhole causing danger near Highway.,Municipal
Illegal hoardings at Colony causing obstruction.,Development Authority
Drainage blocked near Metro Station causing flooding.,Public Works Department
Department staff being rude and unhelpful.,CM Office (Miscellaneous)
Buses not stopping at Temple despite schedule.,Transport
"Drainage overflow at Highway, foul smell everywhere.",Municipal
Water supply disrupted since 8 days in Highway. pls do something asap!,Municipal
Building being constructed without permission near Park.,Development Authority
auto drivers overcharging passengers n market.,Transport
Overhead bridge construction delayed near School.,Public Works Department
Cement road at Market cracked within a week of repair.,Public Works Department
Illegal hoardings at Bus Stand causing obstruction.,Development Authority
Department staff being rude and unhelpful.,CM Office (Miscellaneous)
Traffic signal malfunctioning near Colony.,Transport
Illegal hoardings at Hospital causing obstruction.,Development Authority
Broken road divider at School creating risk for vehicles.,Public Works Department
Online complaint portal not working for several days.,CM Office (Miscellaneous)
Newly constructed footpath at Bus Stand already broken.,Public Works Department
Grievance No. CM4948 pending without update.,CM Office (Miscellaneous)
"Road divider missing near Metro Station, causing accidents.",Transport
Road at Market has deep potholes causing accidents.,Public Works Department
"Loud music playing late night at Highway, no action taken.",Police
frequent delays in public buses @ temple.,Transport
heavy vehicles blocking main road n market.,Transport
Road at Highway has deep potholes causing accidents.,Public Works Department
department staff being rude and unhelpful.,CM Office (Miscellaneous)
Overhead bridge construction delayed near Market. pls do something asap!,Public Works Department
Encroachment on government land near School.,Development Authority
Unauthorized shops set up near Main Road.,Development Authority
Cement road at Market cracked within a week of repair.,Public Works Department
Assault reported outside Highway.,Police
Buses not stopping at Metro Station despite schedule.,Transport
group of men harassing women n school.,Police
Overhead bridge construction delayed near School.,Public Works Department
"Loud music playing late night at Market, no action taken.",Police
Illegal construction at Metro Station blocking road access.,Development Authority
Assault reported outside Park.,Police
"Loud music playing late night at Market, no action taken.",Police
Water supply disrupted since 8 days in School.,Municipal
Encroachment on government land near School.,Development Authority
Suspicious activities happening around Bus Stand every night.,Police
Traffic signal malfunctioning near Market.,Transport
Auto drivers overcharging passengers near Colony.,Transport
Traffic signal malfunctioning near Highway.,Transport
Illegal hoardings at Hospital causing obstruction.,Development Authority
"Road divider missing near Highway, causing accidents.",Transport
"Loud music playing late night at Metro Station, no action taken.",Police
filed complaint weeks ago but no response received.,CM Office (Miscellaneous)
officials not responding to grievance @ colony.,CM Office (Miscellaneous)
Group of men harassing women near School.,Police
Bus stop shelter at School damaged and unsafe.,Transport
"Loud music playing late night at Highway, no action taken.",Police
"Road divider missing near Hospital, causing accidents.",Transport
chain sn@ching reported yesterday n main road.,Police
no sanit@ion workers seen fr a week @ park.,Municipal
Land dispute reported at Colony.,Development Authority
assault reported outside metro st@ion.,Police
open manhole causing danger n colony.,Municipal
Officials not responding to grievance at Colony.,CM Office (Miscellaneous)
Frequent traffic jams near Highway.,Transport
Grievance No. CM7137 pending without update.,CM Office (Miscellaneous)
"drainage overflow @ hospital, foul smell everywhere. pls do something asap!",Municipal
footp@h tiles uneven and dangerous n highway.,Public Works Department
Group of men harassing women near Market.,Police
plot boundaries changed illegally n main road.,Development Authority
Frequent delays in public buses at Bus Stand.,Transport
bus stop shelter @ metro st@ion damaged and unsafe.,Transport
Open manhole causing danger near Hospital.,Municipal
Still waiting for action on request raised 12 days ago. pls do something asap!,CM Office (Miscellaneous)
Overhead bridge construction delayed near Metro Station.,Public Works Department
Still waiting for action on request raised 11 days ago.,CM Office (Miscellaneous)
Still waiting for action on request raised 14 days ago.,CM Office (Miscellaneous)
No acknowledgment received for complaint submitted last week. pls do something asap!,CM Office (Miscellaneous)
Online complaint portal not working for several days.,CM Office (Miscellaneous)
repe@ed complaints ignored by department.,CM Office (Miscellaneous)
Water supply disrupted since 4 days in Hospital.,Municipal
Assault reported outside Bus Stand.,Police
Auto drivers overcharging passengers near Main Road. pls do something asap!,Transport
"Burglary reported at Market, no investigation done.",Police
Traffic signal malfunctioning near Park.,Transport
Online complaint portal not working for several days.,CM Office (Miscellaneous)
"Road divider missing near Park, causing accidents.",Transport
Traffic signal malfunctioning near Park.,Transport
Street repair left incomplete at Park.,Public Works Department
Public toilet at Main Road is dirty and broken.,Municipal
unauthorized shops set up n market.,Development Authority
Public nuisance by drunk people at Main Road.,Police
Encroachment on government land near School.,Development Authority
Stray dogs attacking people near Bus Stand. pls do something asap!,Municipal
Chain snatching reported yesterday near Temple.,Police
Dumping of debris on open land near Metro Station.,Development Authority
department staff being rude and unhelpful. pls do something asap!,CM Office (Miscellaneous)
newly constructed footp@h @ main road already broken.,Public Works Department
Bus stop shelter at Market damaged and unsafe.,Transport
Footpath tiles uneven and dangerous near Park.,Public Works Department
No sanitation workers seen for a week at Temple.,Municipal
Water supply disrupted since 10 days in School. pls do something asap!,Municipal
"Streetlight not working in School, unsafe at night.",Municipal
Street repair left incomplete at Market.,Public Works Department
Broken road divider at Temple creating risk for vehicles.,Public Works Department
Water supply disrupted since 13 days in Bus Stand.,Municipal
dumping of debris on open land n temple.,Development Authority
Department staff being rude and unhelpful.,CM Office (Miscellaneous)
Heavy vehicles blocking main road near Hospital.,Transport
"Drainage overflow at Colony, foul smell everywhere.",Municipal
"Drainage overflow at School, foul smell everywhere.",Municipal
"Road divider missing near Market, causing accidents. pls do something asap!",Transport
Public nuisance by drunk people at Market.,Police
"theft occurred @ highway, no police arrived yet.",Police
Grievance No. CM2275 pending without update.,CM Office (Miscellaneous)
"Road divider missing near Hospital, causing accidents.",Transport
Plot boundaries changed illegally near Hospital.,Development Authority
Officials not responding to grievance at Market.,CM Office (Miscellaneous)
"Streetlight not working in Highway, unsafe at night.",Municipal
Frequent traffic jams near Temple.,Transport
Illegal hoardings at Metro Station causing obstruction.,Development Authority
Encroachment on government land near Market.,Development Authority
"Streetlight not working in Market, unsafe at night.",Municipal
Heavy vehicles blocking main road near Park. pls do something asap!,Transport
Newly constructed footpath at Park already broken.,Public Works Department
Broken road divider at Park creating risk for vehicles. pls do something asap!,Public Works Department
Footpath tiles uneven and dangerous near Main Road.,Public Works Department
Stray dogs attacking people near Bus Stand.,Municipal
"Burglary reported at Highway, no investigation done. pls do something asap!",Police
Encroachment on government land near School.,Development Authority
Grievance No. CM2304 pending without update.,CM Office (Miscellaneous)
Illegal construction at Bus Stand blocking road access. pls do something asap!,Development Authority
"Streetlight not working in Highway, unsafe at night.",Municipal
dumping of debris on open land n school.,Development Authority
Illegal construction at Main Road blocking road access.,Development Authority
Still waiting for action on request raised 5 days ago. pls do something asap!,CM Office (Miscellaneous)
Suspicious activities happening around School every night.,Police
No acknowledgment received for complaint submitted last week.,CM Office (Miscellaneous)
"Drainage overflow at Colony, foul smell everywhere.",Municipal
Suspicious activities happening around Colony every night.,Police
Buses not stopping at Market despite schedule.,Transport
"Drainage overflow at Main Road, foul smell everywhere.",Municipal
stray dogs @tacking people n park.,Municipal
Overhead bridge construction delayed near Main Road.,Public Works Department
repe@ed complaints ignored by department.,CM Office (Miscellaneous)
Traffic signal malfunctioning near Colony.,Transport
Overhead bridge construction delayed near Colony.,Public Works Department
Building being constructed without permission near Colony.,Development Authority
Suspicious activities happening around Highway every night. pls do something asap!,Police
Auto drivers overcharging passengers near Colony. pls do something asap!,Transport
Filed complaint weeks ago but no response received.,CM Office (Miscellaneous)
Drainage blocked near Main Road causing flooding.,Public Works Department
Newly constructed footpath at Metro Station already broken.,Public Works Department
street repair left incomplete @ metro st@ion.,Public Works Department
"Burglary reported at Colony, no investigation done.",Police
Road at Park has deep potholes causing accidents.,Public Works Department
Online complaint portal not working for several days.,CM Office (Miscellaneous)
Drainage blocked near School causing flooding.,Public Works Department
Unauthorized shops set up near Temple. pls do something asap!,Development Authority
"Road divider missing near Highway, causing accidents.",Transport
No sanitation workers seen for a week at Metro Station.,Municipal
Stray dogs attacking people near Bus Stand.,Municipal
Heavy vehicles blocking main road near Temple.,Transport
No acknowledgment received for complaint submitted last week. pls do something asap!,CM Office (Miscellaneous)
Dumping of debris on open land near Metro Station.,Development Authority
Traffic signal malfunctioning near Metro Station.,Transport
Cement road at Highway cracked within a week of repair.,Public Works Department
No acknowledgment received for complaint submitted last week.,CM Office (Miscellaneous)
Frequent traffic jams near Metro Station.,Transport
Drainage blocked near Main Road causing flooding.,Public Works Department
Cement road at School cracked within a week of repair.,Public Works Department
Land dispute reported at Metro Station.,Development Authority
Repeated complaints ignored by department.,CM Office (Miscellaneous)
Assault reported outside School.,Police
Assault reported outside Main Road.,Police
Land dispute reported at Highway.,Development Authority
Bus stop shelter at Main Road damaged and unsafe.,Transport
No sanitation workers seen for a week at Market.,Municipal
"Streetlight not working in Market, unsafe at night.",Municipal
traffic signal malfunctioning n park.,Transport
Building being constructed without permission near Main Road.,Development Authority
No acknowledgment received for complaint submitted last week.,CM Office (Miscellaneous)
Suspicious activities happening around Temple every night.,Police
Road at Highway has deep potholes causing accidents.,Public Works Department
"Theft occurred at Bus Stand, no police arrived yet.",Police
"Burglary reported at Highway, no investigation done.",Police
"Loud music playing late night at Main Road, no action taken.",Police
plot boundaries changed illegally n metro st@ion.,Development Authority
"theft occurred @ bus stand, no police arrived yet.",Police
Land dispute reported at Temple.,Development Authority
Newly constructed footpath at Bus Stand already broken.,Public Works Department
Dumping of debris on open land near Metro Station.,Development Authority
Filed complaint weeks ago but no response received.,CM Office (Miscellaneous)
Online complaint portal not working for several days.,CM Office (Miscellaneous)
Garbage not collected for 13 days near Market.,Municipal
Newly constructed footpath at Colony already broken.,Public Works Department
Unauthorized shops set up near Highway.,Development Authority
Grievance No. CM8423 pending without update.,CM Office (Miscellaneous)
Garbage not collected for 10 days near Colony.,Municipal
Street repair left incomplete at Metro Station.,Public Works Department
Bus stop shelter at Temple damaged and unsafe.,Transport
Department staff being rude and unhelpful. pls do something asap!,CM Office (Miscellaneous)
No acknowledgment received for complaint submitted last week.,CM Office (Miscellaneous)
Assault reported outside Park.,Police
Plot boundaries changed illegally near Main Road.,Development Authority
"Loud music playing late night at Temple, no action taken.",Police
Stray dogs attacking people near Hospital.,Municipal
Repeated complaints ignored by department.,CM Office (Miscellaneous)
Group of men harassing women near Market.,Police
Frequent traffic jams near Metro Station. pls do something asap!,Transport
"Loud music playing late night at Bus Stand, no action taken.",Police
Buses not stopping at Market despite schedule.,Transport
Traffic signal malfunctioning near Temple.,Transport
Open manhole causing danger near Metro Station.,Municipal
Encroachment on government land near Hospital.,Development Authority
Building being constructed without permission near Highway.,Development Authority
department staff being rude and unhelpful. pls do something asap!,CM Office (Miscellaneous)
Road at Bus Stand has deep potholes causing accidents.,Public Works Department
"Road divider missing near Metro Station, causing accidents.",Transport
Stray dogs attacking people near Colony.,Municipal
Street repair left incomplete at School. pls do something asap!,Public Works Department
Illegal hoardings at Metro Station causing obstruction.,Development Authority
"Loud music playing late night at Colony, no action taken.",Police
Drainage blocked near Highway causing flooding.,Public Works Department
Department staff being rude and unhelpful.,CM Office (Miscellaneous)
Repeated complaints ignored by department.,CM Office (Miscellaneous)
"loud music playing l@e night @ park, no action taken.",Police
Grievance No. CM9702 pending without update.,CM Office (Miscellaneous)
"Burglary reported at School, no investigation done.",Police
Stray dogs attacking people near Park.,Municipal
Cement road at Colony cracked within a week of repair.,Public Works Department
Suspicious activities happening around Metro Station every night.,Police
"theft occurred @ hospital, no police arrived yet.",Police
Buses not stopping at Metro Station despite schedule.,Transport
Footpath tiles uneven and dangerous near Bus Stand.,Public Works Department
public toilet @ market is dirty and broken. pls do something asap!,Municipal
no sanit@ion workers seen fr a week @ hospital.,Municipal
Frequent delays in public buses at Market.,Transport
Building being constructed without permission near Highway.,Development Authority
frequent traffic jams n colony.,Transport
Officials not responding to grievance at Park.,CM Office (Miscellaneous)
Traffic signal malfunctioning near Metro Station.,Transport
"burglary reported @ temple, no investig@ion done.",Police
Encroachment on government land near Hospital.,Development Authority
Illegal construction at Main Road blocking road access.,Development Authority
"Loud music playing late night at Market, no action taken.",Police
Officials not responding to grievance at Highway.,CM Office (Miscellaneous)
Cement road at Highway cracked within a week of repair.,Public Works Department
Land dispute reported at Park.,Development Authority
No acknowledgment received for complaint submitted last week.,CM Office (Miscellaneous)
Traffic signal malfunctioning near Bus Stand.,Transport
Dumping of debris on open land near Colony.,Development Authority
Grievance No. CM1602 pending without update.,CM Office (Miscellaneous)
Unauthorized shops set up near School.,Development Authority
Bus stop shelter at Bus Stand damaged and unsafe.,Transport
Stray dogs attacking people near Highway.,Municipal
Buses not stopping at Temple despite schedule.,Transport
Frequent traffic jams near Bus Stand.,Transport
Auto drivers overcharging passengers near Hospital.,Transport
Newly constructed footpath at Bus Stand already broken.,Public Works Department
Street repair left incomplete at Colony.,Public Works Department
Chain snatching reported yesterday near Main Road.,Police
Traffic signal malfunctioning near Bus Stand.,Transport
Still waiting for action on request raised 4 days ago.,CM Office (Miscellaneous)
Newly constructed footpath at Metro Station already broken.,Public Works Department
Online complaint portal not working for several days. pls do something asap!,CM Office (Miscellaneous)
"Theft occurred at Hospital, no police arrived yet. pls do something asap!",Police
Road at Market has deep potholes causing accidents.,Public Works Department
Street repair left incomplete at Main Road.,Public Works Department
open manhole causing danger n temple. pls do something asap!,Municipal
Encroachment on government land near School.,Development Authority
Street repair left incomplete at Highway. pls do something asap!,Public Works Department
Building being constructed without permission near Market.,Development Authority
building being constructed without permission n colony.,Development Authority
Encroachment on government land near Colony.,Development Authority
land dispute reported @ market.,Development Authority
still waiting fr action on request raised 12 days ago.,CM Office (Miscellaneous)
public toilet @ highway is dirty and broken.,Municipal
Road at Park has deep potholes causing accidents.,Public Works Department
Filed complaint weeks ago but no response received.,CM Office (Miscellaneous)
"Streetlight not working in School, unsafe at night.",Municipal
Road at Market has deep potholes causing accidents.,Public Works Department
Plot boundaries changed illegally near Bus Stand.,Development Authority
Drainage blocked near School causing flooding.,Public Works Department
Plot boundaries changed illegally near Temple.,Development Authority
Online complaint portal not working for several days.,CM Office (Miscellaneous)
Bus stop shelter at Bus Stand damaged and unsafe.,Transport
"Streetlight not working in Colony, unsafe at night.",Municipal
Group of men harassing women near Metro Station. pls do something asap!,Police
Buses not stopping at Highway despite schedule.,Transport
Grievance No. CM8634 pending without update.,CM Office (Miscellaneous)
Grievance No. CM2861 pending without update.,CM Office (Miscellaneous)
Filed complaint weeks ago but no response received.,CM Office (Miscellaneous)
Still waiting for action on request raised 6 days ago. pls do something asap!,CM Office (Miscellaneous)
auto drivers overcharging passengers n colony.,Transport
"Drainage overflow at Market, foul smell everywhere. pls do something asap!",Municipal
"Loud music playing late night at Bus Stand, no action taken.",Police
"streetlight not working in highway, unsafe @ night. pls do something asap!",Municipal
Heavy vehicles blocking main road near Main Road.,Transport
Auto drivers overcharging passengers near Highway.,Transport
Water supply disrupted since 5 days in Park.,Municipal
Chain snatching reported yesterday near Main Road.,Police
Assault reported outside Highway.,Police
assault reported outside colony.,Police
Dumping of debris on open land near School.,Development Authority
Street repair left incomplete at School.,Public Works Department
Auto drivers overcharging passengers near Park.,Transport
Bus stop shelter at Temple damaged and unsafe.,Transport
encroachment on government land n park.,Development Authority
"Loud music playing late night at School, no action taken.",Police
Public toilet at Bus Stand is dirty and broken.,Municipal
"road divider missing n main road, causing accidents.",Transport
Cement road at School cracked within a week of repair.,Public Works Department
Officials not responding to grievance at Park.,CM Office (Miscellaneous)
Unauthorized shops set up near Temple.,Development Authority
Building being constructed without permission near Hospital. pls do something asap!,Development Authority
Unauthorized shops set up near School.,Development Authority
illegal construction @ bus stand blocking road access.,Development Authority
Public toilet at Highway is dirty and broken.,Municipal
Department staff being rude and unhelpful.,CM Office (Miscellaneous)
Newly constructed footpath at Park already broken.,Public Works Department
Building being constructed without permission near Park.,Development Authority
Newly constructed footpath at Main Road already broken.,Public Works Department
Buses not stopping at Highway despite schedule.,Transport
Public toilet at Bus Stand is dirty and broken.,Municipal
Chain snatching reported yesterday near Bus Stand.,Police
"Road divider missing near School, causing accidents.",Transport
Online complaint portal not working for several days.,CM Office (Miscellaneous)
Newly constructed footpath at Park already broken.,Public Works Department
Water supply disrupted since 7 days in Metro Station. pls do something asap!,Municipal
Group of men harassing women near Market.,Police
still waiting fr action on request raised 8 days ago.,CM Office (Miscellaneous)
Repeated complaints ignored by department.,CM Office (Miscellaneous)
Broken road divider at Market creating risk for vehicles.,Public Works Department
Dumping of debris on open land near Highway.,Development Authority
drainage blocked n metro st@ion causing flooding.,Public Works Department
"Theft occurred at Metro Station, no police arrived yet.",Police
Plot boundaries changed illegally near Bus Stand.,Development Authority
Street repair left incomplete at Market.,Public Works Department
Bus stop shelter at Market damaged and unsafe.,Transport
Plot boundaries changed illegally near Highway.,Development Authority
Dumping of debris on open land near Market. pls do something asap!,Development Authority
Dumping of debris on open land near Colony.,Development Authority
No acknowledgment received for complaint submitted last week.,CM Office (Miscellaneous)
online complaint portal not working fr several days.,CM Office (Miscellaneous)
Garbage not collected for 6 days near Highway.,Municipal
Broken road divider at School creating risk for vehicles.,Public Works Department
"Theft occurred at Highway, no police arrived yet.",Police
Public toilet at Metro Station is dirty and broken. pls do something asap!,Municipal
Street repair left incomplete at School.,Public Works Department
Repeated complaints ignored by department.,CM Office (Miscellaneous)
Broken road divider at Hospital creating risk for vehicles.,Public Works Department
public toilet @ hospital is dirty and broken.,Municipal
Online complaint portal not working for several days.,CM Office (Miscellaneous)
broken road divider @ highway cre@ing risk fr vehicles.,Public Works Department
Open manhole causing danger near Temple.,Municipal
Illegal construction at Metro Station blocking road access. pls do something asap!,Development Authority
No sanitation workers seen for a week at Metro Station.,Municipal
Encroachment on government land near Colony.,Development Authority
Group of men harassing women near Temple.,Police
Public toilet at Bus Stand is dirty and broken.,Municipal
Grievance No. CM2861 pending without update.,CM Office (Miscellaneous)
Land dispute reported at Park.,Development Authority
encroachment on government land n metro st@ion.,Development Authority
Heavy vehicles blocking main road near School.,Transport
Bus stop shelter at Temple damaged and unsafe.,Transport
Building being constructed without permission near School.,Development Authority
Officials not responding to grievance at Highway. pls do something asap!,CM Office (Miscellaneous)
"Streetlight not working in Market, unsafe at night.",Municipal
Chain snatching reported yesterday near Temple.,Police
overhead bridge construction delayed n school.,Public Works Department
Officials not responding to grievance at School.,CM Office (Miscellaneous)
Open manhole causing danger near Hospital.,Municipal
Building being constructed without permission near Main Road. pls do something asap!,Development Authority
Building being constructed without permission near Park.,Development Authority
Group of men harassing women near Bus Stand.,Police
Still waiting for action on request raised 12 days ago. pls do something asap!,CM Office (Miscellaneous)
Newly constructed footpath at Temple already broken.,Public Works Department
Auto drivers overcharging passengers near School.,Transport
Illegal hoardings at Highway causing obstruction. pls do something asap!,Development Authority
illegal construction @ main road blocking road access. pls do something asap!,Development Authority
"Road divider missing near Bus Stand, causing accidents.",Transport
Broken road divider at Bus Stand creating risk for vehicles.,Public Works Department
garbage not collected fr 9 days n hospital.,Municipal
land dispute reported @ main road.,Development Authority
online complaint portal not working fr several days.,CM Office (Miscellaneous)
grievance no. cm2598 pending without upd@e.,CM Office (Miscellaneous)
Still waiting for action on request raised 2 days ago.,CM Office (Miscellaneous)
Plot boundaries changed illegally near Metro Station.,Development Authority
Cement road at Park cracked within a week of repair.,Public Works Department
Illegal hoardings at Main Road causing obstruction.,Development Authority
"Streetlight not working in Market, unsafe at night.",Municipal
"loud music playing l@e night @ temple, no action taken. pls do something asap!",Police
"Burglary reported at Metro Station, no investigation done.",Police
Group of men harassing women near Main Road.,Police
Frequent delays in public buses at Temple.,Transport
Building being constructed without permission near Hospital.,Development Authority
auto drivers overcharging passengers n temple.,Transport
Drainage blocked near Metro Station causing flooding.,Public Works Department
Repeated complaints ignored by department.,CM Office (Miscellaneous)
online complaint portal not working fr several days.,CM Office (Miscellaneous)
Stray dogs attacking people near Highway.,Municipal
Chain snatching reported yesterday near Main Road.,Police
Chain snatching reported yesterday near Hospital.,Police
Buses not stopping at School despite schedule.,Transport
Department staff being rude and unhelpful. pls do something asap!,CM Office (Miscellaneous)
"road divider missing n temple, causing accidents.",Transport
suspicious activities happening around main road every night.,Police
"Burglary reported at Metro Station, no investigation done.",Police
Frequent delays in public buses at Colony.,Transport
Footpath tiles uneven and dangerous near Market.,Public Works Department
Road at Market has deep potholes causing accidents.,Public Works Department
garbage not collected fr 10 days n colony.,Municipal
"Loud music playing late night at Bus Stand, no action taken.",Police
assault reported outside hospital.,Police
Chain snatching reported yesterday near Metro Station.,Police
repe@ed complaints ignored by department.,CM Office (Miscellaneous)
Bus stop shelter at Hospital damaged and unsafe.,Transport
illegal construction @ school blocking road access.,Development Authority
Online complaint portal not working for several days. pls do something asap!,CM Office (Miscellaneous)
Suspicious activities happening around School every night.,Police
"Loud music playing late night at Metro Station, no action taken.",Police
Suspicious activities happening around Main Road every night.,Police
Suspicious activities happening around Temple every night.,Police
suspicious activities happening around hospital every night.,Police
Building being constructed without permission near Bus Stand.,Development Authority
Online complaint portal not working for several days.,CM Office (Miscellaneous)
Drainage blocked near Metro Station causing flooding.,Public Works Department
Frequent traffic jams near Metro Station. pls do something asap!,Transport
Officials not responding to grievance at School.,CM Office (Miscellaneous)
Bus stop shelter at Hospital damaged and unsafe.,Transport
Stray dogs attacking people near Main Road.,Municipal
No acknowledgment received for complaint submitted last week. pls do something asap!,CM Office (Miscellaneous)
Still waiting for action on request raised 10 days ago.,CM Office (Miscellaneous)
Auto drivers overcharging passengers near Hospital.,Transport
Suspicious activities happening around School every night.,Police
Drainage blocked near Colony causing flooding.,Public Works Department
Drainage blocked near Hospital causing flooding.,Public Works Department
Heavy vehicles blocking main road near Main Road.,Transport
Water supply disrupted since 9 days in School.,Municipal
Garbage not collected for 4 days near School.,Municipal
Still waiting for action on request raised 5 days ago.,CM Office (Miscellaneous)
Group of men harassing women near Temple.,Police
"Theft occurred at Hospital, no police arrived yet.",Police
"Theft occurred at Hospital, no police arrived yet. pls do something asap!",Police
Street repair left incomplete at Market.,Public Works Department
"Streetlight not working in Temple, unsafe at night.",Municipal
Chain snatching reported yesterday near School.,Police
Illegal construction at Highway blocking road access.,Development Authority
"Drainage overflow at Park, foul smell everywhere.",Municipal
Plot boundaries changed illegally near Temple.,Development Authority
Open manhole causing danger near Highway.,Municipal
"Streetlight not working in Metro Station, unsafe at night.",Municipal
Online complaint portal not working for several days. pls do something asap!,CM Office (Miscellaneous)
Auto drivers overcharging passengers near Highway.,Transport
Buses not stopping at Colony despite schedule.,Transport
Garbage not collected for 5 days near School.,Municipal
Frequent delays in public buses at Hospital.,Transport
Buses not stopping at Colony despite schedule.,Transport
"Loud music playing late night at Park, no action taken.",Police
building being constructed without permission n market.,Development Authority
Grievance No. CM2067 pending without update.,CM Office (Miscellaneous)
department staff being rude and unhelpful.,CM Office (Miscellaneous)
Road at Metro Station has deep potholes causing accidents.,Public Works Department
Plot boundaries changed illegally near Main Road.,Development Authority
Footpath tiles uneven and dangerous near Hospital.,Public Works Department
Dumping of debris on open land near Temple.,Development Authority
online complaint portal not working fr several days.,CM Office (Miscellaneous)
Traffic signal malfunctioning near Main Road. pls do something asap!,Transport
"drainage overflow @ main road, foul smell everywhere.",Municipal
"Theft occurred at Bus Stand, no police arrived yet.",Police
Overhead bridge construction delayed near School.,Public Works Department
frequent traffic jams n colony. pls do something asap!,Transport
unauthorized shops set up n bus stand.,Development Authority
"Drainage overflow at Metro Station, foul smell everywhere. pls do something asap!",Municipal
Public toilet at Bus Stand is dirty and broken.,Municipal
Repeated complaints ignored by department.,CM Office (Miscellaneous)
Public nuisance by drunk people at Temple.,Police
No acknowledgment received for complaint submitted last week.,CM Office (Miscellaneous)
Road at Bus Stand has deep potholes causing accidents.,Public Works Department
auto drivers overcharging passengers n colony.,Transport
Still waiting for action on request raised 2 days ago.,CM Office (Miscellaneous)
"Theft occurred at Main Road, no police arrived yet.",Police
Filed complaint weeks ago but no response received.,CM Office (Miscellaneous)
Building being constructed without permission near Market.,Development Authority
"Drainage overflow at Bus Stand, foul smell everywhere.",Municipal
Encroachment on government land near Market.,Development Authority
Repeated complaints ignored by department.,CM Office (Miscellaneous)
Water supply disrupted since 14 days in Metro Station.,Municipal
suspicious activities happening around market every night.,Police
Broken road divider at Highway creating risk for vehicles.,Public Works Department
dumping of debris on open land n main road.,Development Authority
street repair left incomplete @ hospital.,Public Works Department
Illegal hoardings at Hospital causing obstruction.,Development Authority
Heavy vehicles blocking main road near Market.,Transport
Newly constructed footpath at Metro Station already broken.,Public Works Department
Grievance No. CM1350 pending without update. pls do something asap!,CM Office (Miscellaneous)
Open manhole causing danger near Temple.,Municipal
Drainage blocked near Hospital causing flooding.,Public Works Department
Garbage not collected for 3 days near Park.,Municipal
Chain snatching reported yesterday near Park.,Police
Chain snatching reported yesterday near Hospital.,Police
No sanitation workers seen for a week at Hospital.,Municipal
grievance no. cm9958 pending without upd@e.,CM Office (Miscellaneous)
drainage blocked n park causing flooding.,Public Works Department
"Drainage overflow at Highway, foul smell everywhere.",Municipal
Filed complaint weeks ago but no response received.,CM Office (Miscellaneous)
Street repair left incomplete at Bus Stand.,Public Works Department
Public toilet at Park is dirty and broken.,Municipal
Filed complaint weeks ago but no response received.,CM Office (Miscellaneous)
street repair left incomplete @ park.,Public Works Department
broken road divider @ temple cre@ing risk fr vehicles.,Public Works Department
Plot boundaries changed illegally near Hospital.,Development Authority
Online complaint portal not working for several days.,CM Office (Miscellaneous)
"Road divider missing near Main Road, causing accidents.",Transport
No sanitation workers seen for a week at Bus Stand.,Municipal
Grievance No. CM7229 pending without update.,CM Office (Miscellaneous)
Overhead bridge construction delayed near Hospital.,Public Works Department
Street repair left incomplete at Park.,Public Works Department
frequent delays in public buses @ school.,Transport
Footpath tiles uneven and dangerous near Metro Station.,Public Works Department
Drainage blocked near Bus Stand causing flooding.,Public Works Department
Plot boundaries changed illegally near Bus Stand.,Development Authority
Still waiting for action on request raised 10 days ago.,CM Office (Miscellaneous)
Drainage blocked near Market causing flooding. pls do something asap!,Public Works Department
Bus stop shelter at Main Road damaged and unsafe.,Transport
Plot boundaries changed illegally near Highway.,Development Authority
Buses not stopping at Hospital despite schedule.,Transport
traffic signal malfunctioning n main road. pls do something asap!,Transport
Drainage blocked near Metro Station causing flooding.,Public Works Department
Officials not responding to grievance at Bus Stand.,CM Office (Miscellaneous)
Footpath tiles uneven and dangerous near Metro Station.,Public Works Department
"Streetlight not working in Highway, unsafe at night. pls do something asap!",Municipal
Unauthorized shops set up near Main Road.,Development Authority
Public toilet at Bus Stand is dirty and broken.,Municipal
"Burglary reported at Bus Stand, no investigation done. pls do something asap!",Police
"Road divider missing near Temple, causing accidents.",Transport
Stray dogs attacking people near Metro Station.,Municipal
"Loud music playing late night at Market, no action taken.",Police
Footpath tiles uneven and dangerous near School.,Public Works Department
Online complaint portal not working for several days.,CM Office (Miscellaneous)
"Theft occurred at Highway, no police arrived yet. pls do something asap!",Police
Assault reported outside Colony.,Police
Traffic signal malfunctioning near Temple. pls do something asap!,Transport
Dumping of debris on open land near Bus Stand.,Development Authority
No acknowledgment received for complaint submitted last week.,CM Office (Miscellaneous)
Department staff being rude and unhelpful. pls do something asap!,CM Office (Miscellaneous)
No acknowledgment received for complaint submitted last week.,CM Office (Miscellaneous)
filed complaint weeks ago but no response received.,CM Office (Miscellaneous)
Drainage blocked near Main Road causing flooding.,Public Works Department
Department staff being rude and unhelpful.,CM Office (Miscellaneous)
Plot boundaries changed illegally near Market.,Development Authority
Illegal construction at Metro Station blocking road access.,Development Authority
frequent delays in public buses @ park.,Transport
Water supply disrupted since 4 days in Park.,Municipal
Unauthorized shops set up near School.,Development Authority
Grievance No. CM1697 pending without update.,CM Office (Miscellaneous)
"Burglary reported at Park, no investigation done.",Police
illegal hoardings @ colony causing obstruction.,Development Authority
encroachment on government land n bus stand.,Development Authority
suspicious activities happening around temple every night.,Police
"Road divider missing near Park, causing accidents.",Transport
public toilet @ main road is dirty and broken.,Municipal
public nuisance by drunk people @ hospital.,Police
Drainage blocked near Highway causing flooding. pls do something asap!,Public Works Department
Footpath tiles uneven and dangerous near Hospital.,Public Works Department
Auto drivers overcharging passengers near Colony.,Transport
Traffic signal malfunctioning near Metro Station.,Transport
"Loud music playing late night at Temple, no action taken. pls do something asap!",Police
"Loud music playing late night at Temple, no action taken.",Police
No sanitation workers seen for a week at Market.,Municipal
Garbage not collected for 13 days near Temple.,Municipal
Public nuisance by drunk people at Hospital.,Police
No acknowledgment received for complaint submitted last week.,CM Office (Miscellaneous)
land dispute reported @ metro st@ion.,Development Authority
Dumping of debris on open land near Market.,Development Authority
Group of men harassing women near Main Road.,Police
Online complaint portal not working for several days.,CM Office (Miscellaneous)
Road at Bus Stand has deep potholes causing accidents.,Public Works Department
Dumping of debris on open land near School.,Development Authority
Cement road at Hospital cracked within a week of repair.,Public Works Department
Dumping of debris on open land near Market.,Development Authority
Bus stop shelter at Market damaged and unsafe.,Transport
Assault reported outside Main Road.,Police
Cement road at Highway cracked within a week of repair.,Public Works Department
Road at Colony has deep potholes causing accidents.,Public Works Department
Street repair left incomplete at Highway.,Public Works Department
Grievance No. CM9230 pending without update.,CM Office (Miscellaneous)
Chain snatching reported yesterday near School.,Police
No acknowledgment received for complaint submitted last week.,CM Office (Miscellaneous)
"theft occurred @ school, no police arrived yet.",Police
Unauthorized shops set up near Temple.,Development Authority
Department staff being rude and unhelpful.,CM Office (Miscellaneous)
"Burglary reported at Park, no investigation done.",Police
Public nuisance by drunk people at Metro Station.,Police
"Loud music playing late night at School, no action taken.",Police
Public nuisance by drunk people at Park.,Police
Stray dogs attacking people near Main Road.,Municipal
"Theft occurred at Bus Stand, no police arrived yet.",Police
Frequent delays in public buses at Highway. pls do something asap!,Transport
Dumping of debris on open land near School.,Development Authority
Buses not stopping at Hospital despite schedule.,Transport
Filed complaint weeks ago but no response received.,CM Office (Miscellaneous)
Unauthorized shops set up near Colony.,Development Authority
Heavy vehicles blocking main road near Temple.,Transport
Open manhole causing danger near School.,Municipal
Dumping of debris on open land near School.,Development Authority
Plot boundaries changed illegally near Highway.,Development Authority
"road divider missing n main road, causing accidents.",Transport
Bus stop shelter at Metro Station damaged and unsafe.,Transport
no sanit@ion workers seen fr a week @ park.,Municipal
Suspicious activities happening around Main Road every night.,Police
Illegal construction at Bus Stand blocking road access.,Development Authority
Dumping of debris on open land near Main Road.,Development Authority
Grievance No. CM8711 pending without update.,CM Office (Miscellaneous)
Street repair left incomplete at Temple. pls do something asap!,Public Works Department
Frequent delays in public buses at Metro Station.,Transport
Still waiting for action on request raised 7 days ago.,CM Office (Miscellaneous)
Frequent traffic jams near Hospital.,Transport
Road at Temple has deep potholes causing accidents.,Public Works Department
"Loud music playing late night at School, no action taken.",Police
Stray dogs attacking people near Temple.,Municipal
Buses not stopping at Hospital despite schedule.,Transport
Plot boundaries changed illegally near Colony.,Development Authority
Road at Main Road has deep potholes causing accidents.,Public Works Department
Still waiting for action on request raised 9 days ago.,CM Office (Miscellaneous)
No acknowledgment received for complaint submitted last week.,CM Office (Miscellaneous)
Building being constructed without permission near Main Road.,Development Authority
building being constructed without permission n highway.,Development Authority
Heavy vehicles blocking main road near School.,Transport
Bus stop shelter at Colony damaged and unsafe.,Transport
"Loud music playing late night at Bus Stand, no action taken.",Police
"Theft occurred at Temple, no police arrived yet.",Police
No acknowledgment received for complaint submitted last week.,CM Office (Miscellaneous)
Encroachment on government land near Bus Stand.,Development Authority
Newly constructed footpath at School already broken.,Public Works Department
Building being constructed without permission near Hospital.,Development Authority
Department staff being rude and unhelpful.,CM Office (Miscellaneous)
Buses not stopping at Colony despite schedule.,Transport
Water supply disrupted since 10 days in Highway.,Municipal
"drainage overflow @ school, foul smell everywhere.",Municipal
Cement road at Hospital cracked within a week of repair.,Public Works Department
Still waiting for action on request raised 7 days ago.,CM Office (Miscellaneous)
garbage not collected fr 7 days n market.,Municipal
Encroachment on government land near Highway. pls do something asap!,Development Authority
Auto drivers overcharging passengers near Hospital.,Transport
Frequent delays in public buses at School.,Transport
bus stop shelter @ temple damaged and unsafe.,Transport
Online complaint portal not working for several days.,CM Office (Miscellaneous)
Department staff being rude and unhelpful.,CM Office (Miscellaneous)
illegal hoardings @ hospital causing obstruction.,Development Authority
Street repair left incomplete at Highway.,Public Works Department
Unauthorized shops set up near School.,Development Authority
Bus stop shelter at School damaged and unsafe.,Transport
Group of men harassing women near Bus Stand.,Police
Building being constructed without permission near Highway.,Development Authority
Frequent delays in public buses at Highway.,Transport
No acknowledgment received for complaint submitted last week.,CM Office (Miscellaneous)
broken road divider @ market cre@ing risk fr vehicles.,Public Works Department
no sanit@ion workers seen fr a week @ highway.,Municipal
Frequent delays in public buses at Metro Station.,Transport
"Road divider missing near Market, causing accidents.",Transport
Cement road at Metro Station cracked within a week of repair. pls do something asap!,Public Works Department
Street repair left incomplete at Hospital.,Public Works Department
Officials not responding to grievance at Temple.,CM Office (Miscellaneous)
Newly constructed footpath at Temple already broken.,Public Works Department
Drainage blocked near Bus Stand causing flooding.,Public Works Department
Plot boundaries changed illegally near Hospital.,Development Authority
Land dispute reported at Colony.,Development Authority
Filed complaint weeks ago but no response received.,CM Office (Miscellaneous)
Newly constructed footpath at Bus Stand already broken.,Public Works Department
Garbage not collected for 11 days near Temple.,Municipal
buses not stopping @ temple despite schedule.,Transport
Repeated complaints ignored by department.,CM Office (Miscellaneous)
Heavy vehicles blocking main road near Park.,Transport
Encroachment on government land near School.,Development Authority
"Loud music playing late night at School, no action taken.",Police
"Road divider missing near School, causing accidents.",Transport
Heavy vehicles blocking main road near Main Road. pls do something asap!,Transport
Plot boundaries changed illegally near Bus Stand.,Development Authority
Public nuisance by drunk people at Highway.,Police
"Burglary reported at Colony, no investigation done.",Police
Dumping of debris on open land near Temple.,Development Authority
Still waiting for action on request raised 5 days ago.,CM Office (Miscellaneous)
Group of men harassing women near Main Road.,Police
Bus stop shelter at Bus Stand damaged and unsafe.,Transport
Grievance No. CM8399 pending without update.,CM Office (Miscellaneous)
Filed complaint weeks ago but no response received.,CM Office (Miscellaneous)
grievance no. cm7683 pending without upd@e.,CM Office (Miscellaneous)
Unauthorized shops set up near Market.,Development Authority
overhead bridge construction delayed n highway.,Public Works Department
Newly constructed footpath at Main Road already broken.,Public Works Department
"road divider missing n park, causing accidents.",Transport
Newly constructed footpath at Bus Stand already broken.,Public Works Department
Public toilet at School is dirty and broken.,Municipal
Grievance No. CM1856 pending without update.,CM Office (Miscellaneous)
"Theft occurred at Market, no police arrived yet.",Police
No acknowledgment received for complaint submitted last week.,CM Office (Miscellaneous)
Online complaint portal not working for several days.,CM Office (Miscellaneous)
Cement road at Highway cracked within a week of repair.,Public Works Department
Overhead bridge construction delayed near Metro Station.,Public Works Department
Broken road divider at Bus Stand creating risk for vehicles.,Public Works Department
Public toilet at Main Road is dirty and broken. pls do something asap!,Municipal
Plot boundaries changed illegally near School.,Development Authority
Footpath tiles uneven and dangerous near Bus Stand.,Public Works Department
Frequent traffic jams near Metro Station.,Transport
Online complaint portal not working for several days.,CM Office (Miscellaneous)
"road divider missing n bus stand, causing accidents.",Transport
Stray dogs attacking people near Market. pls do something asap!,Municipal
Frequent traffic jams near Colony.,Transport
Plot boundaries changed illegally near Colony.,Development Authority
Dumping of debris on open land near School.,Development Authority
Building being constructed without permission near Colony.,Development Authority
"Streetlight not working in Park, unsafe at night.",Municipal
Water supply disrupted since 7 days in Bus Stand.,Municipal
No sanitation workers seen for a week at Temple. pls do something asap!,Municipal
assault reported outside school.,Police
No acknowledgment received for complaint submitted last week.,CM Office (Miscellaneous)
Department staff being rude and unhelpful.,CM Office (Miscellaneous)
Heavy vehicles blocking main road near Temple.,Transport
Group of men harassing women near Main Road.,Police
Group of men harassing women near Temple.,Police
Bus stop shelter at Temple damaged and unsafe. pls do something asap!,Transport
Cement road at Bus Stand cracked within a week of repair.,Public Works Department
Public toilet at School is dirty and broken.,Municipal
Plot boundaries changed illegally near Colony.,Development Authority
"Theft occurred at Temple, no police arrived yet. pls do something asap!",Police
Cement road at Highway cracked within a week of repair.,Public Works Department
street repair left incomplete @ colony.,Public Works Department
filed complaint weeks ago but no response received.,CM Office (Miscellaneous)
Public toilet at Bus Stand is dirty and broken.,Municipal
public nuisance by drunk people @ main road.,Police
"Streetlight not working in Colony, unsafe at night.",Municipal
Dumping of debris on open land near Park.,Development Authority
"Burglary reported at Bus Stand, no investigation done.",Police
Chain snatching reported yesterday near School.,Police
Grievance No. CM6714 pending without update.,CM Office (Miscellaneous)
Repeated complaints ignored by department.,CM Office (Miscellaneous)
Filed complaint weeks ago but no response received.,CM Office (Miscellaneous)
Plot boundaries changed illegally near Bus Stand.,Development Authority
Chain snatching reported yesterday near Bus Stand.,Police
"Drainage overflow at Main Road, foul smell everywhere.",Municipal
Frequent delays in public buses at Bus Stand.,Transport
Officials not responding to grievance at Temple.,CM Office (Miscellaneous)
"Loud music playing late night at School, no action taken.",Police
Frequent traffic jams near Bus Stand.,Transport
Water supply disrupted since 7 days in Metro Station.,Municipal
Road at Market has deep potholes causing accidents.,Public Works Department
Auto drivers overcharging passengers near Market.,Transport
Still waiting for action on request raised 13 days ago.,CM Office (Miscellaneous)
Heavy vehicles blocking main road near Park.,Transport
Unauthorized shops set up near Market. pls do something asap!,Development Authority
department staff being rude and unhelpful.,CM Office (Miscellaneous)
Public toilet at Temple is dirty and broken.,Municipal
Overhead bridge construction delayed near Metro Station.,Public Works Department
"Theft occurred at Main Road, no police arrived yet. pls do something asap!",Police
Suspicious activities happening around Highway every night.,Police
No sanitation workers seen for a week at Market.,Municipal
group of men harassing women n colony.,Police
Drainage blocked near School causing flooding.,Public Works Department
"Theft occurred at Colony, no police arrived yet.",Police
Dumping of debris on open land near School.,Development Authority
Stray dogs attacking people near Metro Station.,Municipal
Chain snatching reported yesterday near Hospital.,Police
Road at School has deep potholes causing accidents.,Public Works Department
Grievance No. CM2428 pending without update.,CM Office (Miscellaneous)
Assault reported outside Colony. pls do something asap!,Police
Buses not stopping at Temple despite schedule.,Transport
newly constructed footp@h @ market already broken.,Public Works Department
"Loud music playing late night at Park, no action taken. pls do something asap!",Police
Overhead bridge construction delayed near Bus Stand.,Public Works Department
plot boundaries changed illegally n metro st@ion.,Development Authority
Encroachment on government land near Main Road.,Development Authority
Illegal construction at Bus Stand blocking road access.,Development Authority
plot boundaries changed illegally n metro st@ion.,Development Authority
"Road divider missing near Park, causing accidents.",Transport
Broken road divider at Bus Stand creating risk for vehicles.,Public Works Department
Department staff being rude and unhelpful.,CM Office (Miscellaneous)
Overhead bridge construction delayed near Bus Stand.,Public Works Department
"road divider missing n temple, causing accidents.",Transport
road @ main road has deep potholes causing accidents.,Public Works Department
Grievance No. CM3290 pending without update.,CM Office (Miscellaneous)
Repeated complaints ignored by department.,CM Office (Miscellaneous)
Stray dogs attacking people near Hospital.,Municipal
Frequent traffic jams near Hospital.,Transport
Footpath tiles uneven and dangerous near School.,Public Works Department
Grievance No. CM5618 pending without update. pls do something asap!,CM Office (Miscellaneous)
Suspicious activities happening around Colony every night.,Police
"Road divider missing near Colony, causing accidents.",Transport
Broken road divider at Metro Station creating risk for vehicles.,Public Works Department
Open manhole causing danger near Market.,Municipal
"drainage overflow @ bus stand, foul smell everywhere.",Municipal
chain sn@ching reported yesterday n market.,Police
Stray dogs attacking people near Park.,Municipal
encroachment on government land n hospital.,Development Authority
Building being constructed without permission near Highway.,Development Authority
Assault reported outside Hospital. pls do something asap!,Police
Public toilet at Colony is dirty and broken.,Municipal
Grievance No. CM9916 pending without update.,CM Office (Miscellaneous)
Grievance No. CM3673 pending without update.,CM Office (Miscellaneous)
Water supply disrupted since 11 days in Bus Stand.,Municipal
Traffic signal malfunctioning near Metro Station.,Transport
Plot boundaries changed illegally near School. pls do something asap!,Development Authority
building being constructed without permission n bus stand.,Development Authority
Encroachment on government land near School.,Development Authority
Footpath tiles uneven and dangerous near School.,Public Works Department
Bus stop shelter at Hospital damaged and unsafe.,Transport
Cement road at Metro Station cracked within a week of repair.,Public Works Department
Buses not stopping at Hospital despite schedule.,Transport
Road at Highway has deep potholes causing accidents.,Public Works Department
Chain snatching reported yesterday near Market.,Police
Bus stop shelter at Hospital damaged and unsafe. pls do something asap!,Transport
Still waiting for action on request raised 11 days ago.,CM Office (Miscellaneous)
Road at Colony has deep potholes causing accidents.,Public Works Department
cement road @ temple cracked within a week of repair.,Public Works Department
Drainage blocked near Main Road causing flooding.,Public Works Department
Frequent traffic jams near Bus Stand.,Transport
road @ highway has deep potholes causing accidents.,Public Works Department
Stray dogs attacking people near Metro Station.,Municipal
Drainage blocked near Metro Station causing flooding. pls do something asap!,Public Works Department
No sanitation workers seen for a week at Market.,Municipal
Suspicious activities happening around Main Road every night.,Police
Footpath tiles uneven and dangerous near Metro Station.,Public Works Department
Assault reported outside Highway.,Police
cement road @ park cracked within a week of repair.,Public Works Department
Illegal hoardings at Main Road causing obstruction.,Development Authority
Still waiting for action on request raised 6 days ago.,CM Office (Miscellaneous)
Illegal hoardings at Main Road causing obstruction.,Development Authority
"Loud music playing late night at Colony, no action taken.",Police
Officials not responding to grievance at Hospital.,CM Office (Miscellaneous)
Bus stop shelter at Bus Stand damaged and unsafe.,Transport
Group of men harassing women near Temple.,Police
Garbage not collected for 6 days near Metro Station. pls do something asap!,Municipal
Land dispute reported at School.,Development Authority
Public nuisance by drunk people at Main Road.,Police
Filed complaint weeks ago but no response received.,CM Office (Miscellaneous)
Suspicious activities happening around Hospital every night.,Police
Drainage blocked near Park causing flooding.,Public Works Department
building being constructed without permission n metro st@ion.,Development Authority
public toilet @ school is dirty and broken.,Municipal
Frequent delays in public buses at Market.,Transport
Newly constructed footpath at Metro Station already broken.,Public Works Department
Overhead bridge construction delayed near Colony.,Public Works Department
Frequent delays in public buses at Temple. pls do something asap!,Transport
Buses not stopping at Colony despite schedule.,Transport
Street repair left incomplete at Hospital.,Public Works Department
Newly constructed footpath at Hospital already broken.,Public Works Department
Public toilet at Highway is dirty and broken.,Municipal
Newly constructed footpath at Highway already broken.,Public Works Department
chain sn@ching reported yesterday n market.,Police
Chain snatching reported yesterday near Main Road.,Police
Unauthorized shops set up near Bus Stand.,Development Authority
"burglary reported @ market, no investig@ion done.",Police
Newly constructed footpath at Temple already broken.,Public Works Department
"Loud music playing late night at Park, no action taken.",Police
Land dispute reported at Park.,Development Authority
"Loud music playing late night at Market, no action taken.",Police
"Theft occurred at Park, no police arrived yet.",Police
Dumping of debris on open land near Hospital.,Development Authority
Department staff being rude and unhelpful.,CM Office (Miscellaneous)
Land dispute reported at Temple. pls do something asap!,Development Authority
Auto drivers overcharging passengers near Main Road. pls do something asap!,Transport
Suspicious activities happening around Main Road every night.,Police
Repeated complaints ignored by department.,CM Office (Miscellaneous)
dumping of debris on open land n bus stand.,Development Authority
repe@ed complaints ignored by department.,CM Office (Miscellaneous)
Unauthorized shops set up near Bus Stand.,Development Authority
Broken road divider at School creating risk for vehicles.,Public Works Department
"Drainage overflow at Bus Stand, foul smell everywhere.",Municipal
auto drivers overcharging passengers n main road.,Transport
suspicious activities happening around school every night.,Police
Buses not stopping at Metro Station despite schedule.,Transport
"Theft occurred at Bus Stand, no police arrived yet. pls do something asap!",Police
Drainage blocked near Temple causing flooding.,Public Works Department
Encroachment on government land near Bus Stand. pls do something asap!,Development Authority
Department staff being rude and unhelpful.,CM Office (Miscellaneous)
auto drivers overcharging passengers n highway.,Transport
Water supply disrupted since 3 days in School.,Municipal
Public nuisance by drunk people at Metro Station.,Police
Heavy vehicles blocking main road near Market. pls do something asap!,Transport
Encroachment on government land near Hospital.,Development Authority
Plot boundaries changed illegally near Bus Stand. pls do something asap!,Development Authority
Buses not stopping at Temple despite schedule.,Transport
Open manhole causing danger near Market.,Municipal
Still waiting for action on request raised 9 days ago.,CM Office (Miscellaneous)
Encroachment on government land near Metro Station.,Development Authority
Filed complaint weeks ago but no response received.,CM Office (Miscellaneous)
No acknowledgment received for complaint submitted last week.,CM Office (Miscellaneous)
"Loud music playing late night at Bus Stand, no action taken.",Police
Illegal construction at Metro Station blocking road access.,Development Authority
"Loud music playing late night at Market, no action taken.",Police
Traffic signal malfunctioning near Main Road.,Transport
"Streetlight not working in Market, unsafe at night.",Municipal
Auto drivers overcharging passengers near Highway.,Transport
Illegal construction at Metro Station blocking road access.,Development Authority
Overhead bridge construction delayed near School.,Public Works Department
Public toilet at Market is dirty and broken.,Municipal
Grievance No. CM6872 pending without update. pls do something asap!,CM Office (Miscellaneous)
Frequent traffic jams near School.,Transport
Public nuisance by drunk people at Hospital.,Police
Garbage not collected for 10 days near Market.,Municipal
drainage blocked n highway causing flooding.,Public Works Department
"Drainage overflow at Highway, foul smell everywhere.",Municipal
no sanit@ion workers seen fr a week @ bus stand.,Municipal
Public nuisance by drunk people at Park.,Police
Public toilet at Colony is dirty and broken.,Municipal
No acknowledgment received for complaint submitted last week.,CM Office (Miscellaneous)
Garbage not collected for 4 days near Park.,Municipal
"Burglary reported at School, no investigation done.",Police
"burglary reported @ highway, no investig@ion done.",Police
Water supply disrupted since 3 days in Main Road.,Municipal
Plot boundaries changed illegally near Metro Station. pls do something asap!,Development Authority
Repeated complaints ignored by department.,CM Office (Miscellaneous)
Illegal hoardings at Highway causing obstruction.,Development Authority
Illegal hoardings at Hospital causing obstruction.,Development Authority
No sanitation workers seen for a week at Market.,Municipal
Land dispute reported at Metro Station.,Development Authority
Traffic signal malfunctioning near Bus Stand.,Transport
Street repair left incomplete at Highway.,Public Works Department
Building being constructed without permission near Bus Stand.,Development Authority
frequent traffic jams n metro st@ion.,Transport
encroachment on government land n school.,Development Authority
Illegal hoardings at School causing obstruction.,Development Authority
Illegal hoardings at Hospital causing obstruction. pls do something asap!,Development Authority
No sanitation workers seen for a week at Highway.,Municipal
Building being constructed without permission near Main Road. pls do something asap!,Development Authority
Garbage not collected for 7 days near Park.,Municipal
Public nuisance by drunk people at Park.,Police
buses not stopping @ park despite schedule.,Transport
Assault reported outside Main Road.,Police
Department staff being rude and unhelpful.,CM Office (Miscellaneous)
"Theft occurred at Bus Stand, no police arrived yet.",Police
Water supply disrupted since 3 days in Highway.,Municipal
Cement road at Park cracked within a week of repair.,Public Works Department
Group of men harassing women near Market.,Police
Online complaint portal not working for several days.,CM Office (Miscellaneous)
Suspicious activities happening around Market every night.,Police
Dumping of debris on open land near Hospital.,Development Authority
encroachment on government land n bus stand.,Development Authority
Footpath tiles uneven and dangerous near Main Road.,Public Works Department
Cement road at Metro Station cracked within a week of repair.,Public Works Department
Drainage blocked near Park causing flooding.,Public Works Department
Footpath tiles uneven and dangerous near Colony.,Public Works Department
officials not responding to grievance @ metro st@ion. pls do something asap!,CM Office (Miscellaneous)
Suspicious activities happening around Colony every night.,Police
Illegal construction at Park blocking road access.,Development Authority
"Burglary reported at Park, no investigation done.",Police
online complaint portal not working fr several days.,CM Office (Miscellaneous)
Department staff being rude and unhelpful.,CM Office (Miscellaneous)
No acknowledgment received for complaint submitted last week.,CM Office (Miscellaneous)
illegal construction @ main road blocking road access.,Development Authority
Frequent delays in public buses at Temple.,Transport
Still waiting for action on request raised 9 days ago.,CM Office (Miscellaneous)
chain sn@ching reported yesterday n bus stand.,Police
Repeated complaints ignored by department.,CM Office (Miscellaneous)
department staff being rude and unhelpful.,CM Office (Miscellaneous)
Bus stop shelter at Park damaged and unsafe.,Transport
"Streetlight not working in Park, unsafe at night.",Municipal
Drainage blocked near Market causing flooding.,Public Works Department
Street repair left incomplete at Temple.,Public Works Department
Dumping of debris on open land near Market.,Development Authority
Road at Bus Stand has deep potholes causing accidents.,Public Works Department
"Drainage overflow at Highway, foul smell everywhere.",Municipal
Department staff being rude and unhelpful.,CM Office (Miscellaneous)
Broken road divider at Bus Stand creating risk for vehicles.,Public Works Department
Footpath tiles uneven and dangerous near Highway.,Public Works Department
frequent delays in public buses @ colony.,Transport
Frequent delays in public buses at Bus Stand.,Transport
No sanitation workers seen for a week at Highway.,Municipal
Drainage blocked near Highway causing flooding.,Public Works Department
"Theft occurred at Bus Stand, no police arrived yet.",Police
Online complaint portal not working for several days.,CM Office (Miscellaneous)
Group of men harassing women near Colony.,Police
no acknowledgment received fr complaint submitted last week.,CM Office (Miscellaneous)
Still waiting for action on request raised 11 days ago.,CM Office (Miscellaneous)
Encroachment on government land near Hospital.,Development Authority
Road at Temple has deep potholes causing accidents.,Public Works Department
Filed complaint weeks ago but no response received.,CM Office (Miscellaneous)
Drainage blocked near Market causing flooding.,Public Works Department
Illegal construction at Colony blocking road access.,Development Authority
Plot boundaries changed illegally near Park.,Development Authority
"Road divider missing near Highway, causing accidents.",Transport
repe@ed complaints ignored by department.,CM Office (Miscellaneous)
Online complaint portal not working for several days.,CM Office (Miscellaneous)
Plot boundaries changed illegally near Bus Stand.,Development Authority
"Loud music playing late night at Colony, no action taken.",Police
Illegal hoardings at Bus Stand causing obstruction. pls do something asap!,Development Authority
Department staff being rude and unhelpful.,CM Office (Miscellaneous)
Buses not stopping at Bus Stand despite schedule.,Transport
Frequent delays in public buses at Metro Station.,Transport
Open manhole causing danger near School.,Municipal
"theft occurred @ main road, no police arrived yet.",Police
Group of men harassing women near Colony.,Police
Broken road divider at Metro Station creating risk for vehicles.,Public Works Department
"Drainage overflow at Metro Station, foul smell everywhere.",Municipal
Buses not stopping at School despite schedule.,Transport
No sanitation workers seen for a week at Market.,Municipal
Open manhole causing danger near Hospital.,Municipal
Officials not responding to grievance at School.,CM Office (Miscellaneous)
No acknowledgment received for complaint submitted last week.,CM Office (Miscellaneous)
drainage blocked n temple causing flooding. pls do something asap!,Public Works Department
No acknowledgment received for complaint submitted last week.,CM Office (Miscellaneous)
Public toilet at Market is dirty and broken.,Municipal
Street repair left incomplete at Temple.,Public Works Department
Public toilet at Park is dirty and broken.,Municipal
Garbage not collected for 9 days near Market.,Municipal
Land dispute reported at Highway.,Development Authority
Officials not responding to grievance at Market.,CM Office (Miscellaneous)
Drainage blocked near Metro Station causing flooding.,Public Works Department
Water supply disrupted since 11 days in Park.,Municipal
no acknowledgment received fr complaint submitted last week. pls do something asap!,CM Office (Miscellaneous)
Newly constructed footpath at Park already broken.,Public Works Department
Online complaint portal not working for several days.,CM Office (Miscellaneous)
broken road divider @ hospital cre@ing risk fr vehicles.,Public Works Department
Buses not stopping at Park despite schedule.,Transport
Overhead bridge construction delayed near Colony.,Public Works Department
Stray dogs attacking people near Main Road.,Municipal
Footpath tiles uneven and dangerous near Temple.,Public Works Department
Traffic signal malfunctioning near Market.,Transport
encroachment on government land n market. pls do something asap!,Development Authority
Building being constructed without permission near Hospital.,Development Authority
Plot boundaries changed illegally near Metro Station.,Development Authority
No sanitation workers seen for a week at Market.,Municipal
dumping of debris on open land n market.,Development Authority
Filed complaint weeks ago but no response received.,CM Office (Miscellaneous)
Repeated complaints ignored by department.,CM Office (Miscellaneous)
"burglary reported @ school, no investig@ion done.",Police
Overhead bridge construction delayed near Colony.,Public Works Department
Repeated complaints ignored by department.,CM Office (Miscellaneous)
Land dispute reported at Temple.,Development Authority
Grievance No. CM5017 pending without update.,CM Office (Miscellaneous)
Repeated complaints ignored by department.,CM Office (Miscellaneous)
Assault reported outside Hospital.,Police
Street repair left incomplete at Colony.,Public Works Department
Frequent delays in public buses at Main Road.,Transport
auto drivers overcharging passengers n market.,Transport
Public toilet at Main Road is dirty and broken.,Municipal
"Drainage overflow at Hospital, foul smell everywhere.",Municipal
Buses not stopping at Market despite schedule.,Transport
street repair left incomplete @ main road.,Public Works Department
Broken road divider at Metro Station creating risk for vehicles.,Public Works Department
Garbage not collected for 2 days near Bus Stand.,Municipal
Newly constructed footpath at Hospital already broken.,Public Works Department
Heavy vehicles blocking main road near Highway.,Transport
Illegal construction at Park blocking road access.,Development Authority
"Theft occurred at Colony, no police arrived yet. pls do something asap!",Police
Filed complaint weeks ago but no response received.,CM Office (Miscellaneous)
Open manhole causing danger near Temple.,Municipal
Still waiting for action on request raised 9 days ago.,CM Office (Miscellaneous)
cement road @ metro st@ion cracked within a week of repair.,Public Works Department
Chain snatching reported yesterday near Market.,Police
Assault reported outside Bus Stand.,Police
Building being constructed without permission near Park.,Development Authority
Bus stop shelter at Park damaged and unsafe.,Transport
land dispute reported @ colony.,Development Authority
Overhead bridge construction delayed near School. pls do something asap!,Public Works Department
Suspicious activities happening around School every night.,Police
Public toilet at School is dirty and broken.,Municipal
Public nuisance by drunk people at Main Road.,Police
Dumping of debris on open land near School. pls do something asap!,Development Authority
Road at Metro Station has deep potholes causing accidents.,Public Works Department
Illegal hoardings at Park causing obstruction.,Development Authority
Suspicious activities happening around Temple every night.,Police
Cement road at Main Road cracked within a week of repair.,Public Works Department
Overhead bridge construction delayed near Bus Stand.,Public Works Department
Suspicious activities happening around Market every night.,Police
Filed complaint weeks ago but no response received.,CM Office (Miscellaneous)
"road divider missing n school, causing accidents.",Transport
Frequent traffic jams near Bus Stand.,Transport
Unauthorized shops set up near Highway.,Development Authority
No sanitation workers seen for a week at Bus Stand.,Municipal
Newly constructed footpath at Main Road already broken.,Public Works Department
Drainage blocked near School causing flooding.,Public Works Department
Drainage blocked near Bus Stand causing flooding.,Public Works Department
Grievance No. CM3784 pending without update.,CM Office (Miscellaneous)
Group of men harassing women near Metro Station.,Police
Frequent traffic jams near Metro Station.,Transport
Street repair left incomplete at Market.,Public Works Department
no acknowledgment received fr complaint submitted last week.,CM Office (Miscellaneous)
Encroachment on government land near School.,Development Authority
Encroachment on government land near Market.,Development Authority
Auto drivers overcharging passengers near School.,Transport
"loud music playing l@e night @ school, no action taken.",Police
Auto drivers overcharging passengers near Temple. pls do something asap!,Transport
No acknowledgment received for complaint submitted last week.,CM Office (Miscellaneous)
"Burglary reported at Bus Stand, no investigation done.",Police
Road at Colony has deep potholes causing accidents.,Public Works Department
overhead bridge construction delayed n school.,Public Works Department
Water supply disrupted since 10 days in Colony.,Municipal
Open manhole causing danger near Metro Station.,Municipal
Water supply disrupted since 7 days in Highway.,Municipal
Auto drivers overcharging passengers near Bus Stand.,Transport
public nuisance by drunk people @ hospital.,Police
Broken road divider at Hospital creating risk for vehicles. pls do something asap!,Public Works Department
illegal construction @ market blocking road access.,Development Authority
Open manhole causing danger near School.,Municipal
Frequent traffic jams near Main Road.,Transport
No acknowledgment received for complaint submitted last week.,CM Office (Miscellaneous)
Stray dogs attacking people near School.,Municipal
Frequent delays in public buses at Market.,Transport
"Streetlight not working in Main Road, unsafe at night. pls do something asap!",Municipal
Dumping of debris on open land near Metro Station.,Development Authority
illegal hoardings @ bus stand causing obstruction. pls do something asap!,Development Authority
Land dispute reported at Main Road.,Development Authority
Broken road divider at Temple creating risk for vehicles.,Public Works Department
Broken road divider at School creating risk for vehicles.,Public Works Department
No acknowledgment received for complaint submitted last week.,CM Office (Miscellaneous)
Building being constructed without permission near Bus Stand. pls do something asap!,Development Authority
Repeated complaints ignored by department.,CM Office (Miscellaneous)
no acknowledgment received fr complaint submitted last week.,CM Office (Miscellaneous)
Water supply disrupted since 5 days in Main Road. pls do something asap!,Municipal
Cement road at Market cracked within a week of repair.,Public Works Department
"Burglary reported at Main Road, no investigation done.",Police
Suspicious activities happening around Main Road every night.,Police
Open manhole causing danger near Bus Stand.,Municipal
"Theft occurred at Hospital, no police arrived yet. pls do something asap!",Police
Department staff being rude and unhelpful.,CM Office (Miscellaneous)
Suspicious activities happening around Park every night.,Police
Chain snatching reported yesterday near Temple.,Police
Traffic signal malfunctioning near Park. pls do something asap!,Transport
traffic signal malfunctioning n metro st@ion.,Transport
Department staff being rude and unhelpful.,CM Office (Miscellaneous)
Bus stop shelter at Park damaged and unsafe.,Transport
Repeated complaints ignored by department.,CM Office (Miscellaneous)
"Loud music playing late night at Temple, no action taken.",Police
Group of men harassing women near Highway.,Police
Traffic signal malfunctioning near School.,Transport
garbage not collected fr 11 days n colony.,Municipal
Assault reported outside Temple.,Police
Land dispute reported at Highway.,Development Authority
Stray dogs attacking people near Main Road.,Municipal
footp@h tiles uneven and dangerous n bus stand.,Public Works Department
bus stop shelter @ park damaged and unsafe.,Transport
"Loud music playing late night at Main Road, no action taken. pls do something asap!",Police
filed complaint weeks ago but no response received.,CM Office (Miscellaneous)
"loud music playing l@e night @ bus stand, no action taken.",Police
"Loud music playing late night at Market, no action taken.",Police
heavy vehicles blocking main road n park.,Transport
Stray dogs attacking people near Park.,Municipal
Broken road divider at Hospital creating risk for vehicles.,Public Works Department
Illegal construction at Highway blocking road access.,Development Authority
Frequent delays in public buses at Park.,Transport
Street repair left incomplete at Bus Stand.,Public Works Department
"Road divider missing near Highway, causing accidents.",Transport
Illegal construction at Main Road blocking road access.,Development Authority
Buses not stopping at Colony despite schedule.,Transport
Stray dogs attacking people near Hospital.,Municipal
buses not stopping @ main road despite schedule.,Transport
Stray dogs attacking people near Bus Stand.,Municipal
open manhole causing danger n hospital.,Municipal
Bus stop shelter at Park damaged and unsafe.,Transport
Encroachment on government land near School.,Development Authority
Filed complaint weeks ago but no response received.,CM Office (Miscellaneous)
Drainage blocked near School causing flooding.,Public Works Department
Encroachment on government land near Metro Station.,Development Authority
Frequent traffic jams near Market.,Transport
Traffic signal malfunctioning near Bus Stand.,Transport
auto drivers overcharging passengers n market.,Transport
Road at Metro Station has deep potholes causing accidents.,Public Works Department
Cement road at Park cracked within a week of repair.,Public Works Department
Public toilet at Park is dirty and broken.,Municipal
Drainage blocked near Hospital causing flooding.,Public Works Department
Drainage blocked near Colony causing flooding.,Public Works Department
Public toilet at Park is dirty and broken.,Municipal
"Burglary reported at Hospital, no investigation done. pls do something asap!",Police
Newly constructed footpath at Main Road already broken.,Public Works Department
Buses not stopping at Bus Stand despite schedule.,Transport
Heavy vehicles blocking main road near Highway.,Transport
Frequent traffic jams near Bus Stand.,Transport
Road at Park has deep potholes causing accidents.,Public Works Department
Open manhole causing danger near Temple.,Municipal
Cement road at Hospital cracked within a week of repair.,Public Works Department
Footpath tiles uneven and dangerous near Bus Stand.,Public Works Department
Grievance No. CM7285 pending without update.,CM Office (Miscellaneous)
Grievance No. CM6442 pending without update.,CM Office (Miscellaneous)
Overhead bridge construction delayed near Metro Station.,Public Works Department
Building being constructed without permission near Main Road.,Development Authority
Broken road divider at Colony creating risk for vehicles.,Public Works Department
Open manhole causing danger near Colony.,Municipal
Street repair left incomplete at Colony.,Public Works Department
Online complaint portal not working for several days.,CM Office (Miscellaneous)
heavy vehicles blocking main road n highway.,Transport
Illegal hoardings at Bus Stand causing obstruction.,Development Authority
Water supply disrupted since 4 days in Temple.,Municipal
Overhead bridge construction delayed near Temple.,Public Works Department
Building being constructed without permission near Highway.,Development Authority
Encroachment on government land near Bus Stand.,Development Authority
Officials not responding to grievance at School.,CM Office (Miscellaneous)
Encroachment on government land near School.,Development Authority
No acknowledgment received for complaint submitted last week.,CM Office (Miscellaneous)
Group of men harassing women near Metro Station.,Police
"loud music playing l@e night @ temple, no action taken.",Police
Garbage not collected for 9 days near Metro Station.,Municipal
street repair left incomplete @ metro st@ion.,Public Works Department
Building being constructed without permission near Metro Station.,Development Authority
Land dispute reported at Hospital.,Development Authority
Chain snatching reported yesterday near Park.,Police
Repeated complaints ignored by department.,CM Office (Miscellaneous)
Cement road at Highway cracked within a week of repair.,Public Works Department
Stray dogs attacking people near Market.,Municipal
Public toilet at Hospital is dirty and broken.,Municipal
Officials not responding to grievance at Market.,CM Office (Miscellaneous)
No sanitation workers seen for a week at Colony.,Municipal
Illegal hoardings at Metro Station causing obstruction.,Development Authority
Garbage not collected for 6 days near Hospital.,Municipal
Heavy vehicles blocking main road near Main Road.,Transport
Newly constructed footpath at Metro Station already broken. pls do something asap!,Public Works Department
filed complaint weeks ago but no response received. pls do something asap!,CM Office (Miscellaneous)
broken road divider @ school cre@ing risk fr vehicles.,Public Works Department
Footpath tiles uneven and dangerous near School.,Public Works Department
Grievance No. CM5167 pending without update.,CM Office (Miscellaneous)
Heavy vehicles blocking main road near Highway. pls do something asap!,Transport
"Drainage overflow at Highway, foul smell everywhere.",Municipal
Frequent traffic jams near Main Road.,Transport
illegal construction @ school blocking road access.,Development Authority
Broken road divider at Highway creating risk for vehicles.,Public Works Department
Illegal construction at Temple blocking road access.,Development Authority
"Road divider missing near Market, causing accidents.",Transport
Building being constructed without permission near Bus Stand.,Development Authority
Public nuisance by drunk people at Market.,Police
Garbage not collected for 10 days near Park.,Municipal
Public toilet at Hospital is dirty and broken.,Municipal
Garbage not collected for 9 days near School.,Municipal
Chain snatching reported yesterday near Market.,Police
Repeated complaints ignored by department.,CM Office (Miscellaneous)
Grievance No. CM9507 pending without update.,CM Office (Miscellaneous)
Unauthorized shops set up near Park.,Development Authority
Stray dogs attacking people near Colony.,Municipal
Still waiting for action on request raised 2 days ago.,CM Office (Miscellaneous)
Unauthorized shops set up near Colony. pls do something asap!,Development Authority
Newly constructed footpath at Highway already broken.,Public Works Department
suspicious activities happening around main road every night.,Police
Chain snatching reported yesterday near School.,Police
Street repair left incomplete at Temple.,Public Works Department
Public nuisance by drunk people at Highway.,Police
Public nuisance by drunk people at Bus Stand.,Police
Filed complaint weeks ago but no response received.,CM Office (Miscellaneous)
repe@ed complaints ignored by department.,CM Office (Miscellaneous)
Dumping of debris on open land near Metro Station.,Development Authority
"Road divider missing near Market, causing accidents.",Transport
"Loud music playing late night at Metro Station, no action taken. pls do something asap!",Police
Cement road at Highway cracked within a week of repair.,Public Works Department
"Streetlight not working in Market, unsafe at night.",Municipal
Garbage not collected for 9 days near Metro Station.,Municipal
"Theft occurred at Park, no police arrived yet.",Police
Traffic signal malfunctioning near Highway.,Transport
Filed complaint weeks ago but no response received.,CM Office (Miscellaneous)
Officials not responding to grievance at Metro Station.,CM Office (Miscellaneous)
Garbage not collected for 7 days near Colony.,Municipal
Overhead bridge construction delayed near Hospital.,Public Works Department
No sanitation workers seen for a week at Main Road.,Municipal
Street repair left incomplete at Hospital.,Public Works Department
"Loud music playing late night at School, no action taken.",Police
"Burglary reported at Market, no investigation done.",Police
Officials not responding to grievance at School.,CM Office (Miscellaneous)
Unauthorized shops set up near Temple.,Development Authority
Stray dogs attacking people near Metro Station.,Municipal
Grievance No. CM8645 pending without update.,CM Office (Miscellaneous)
Footpath tiles uneven and dangerous near School. pls do something asap!,Public Works Department
stray dogs @tacking people n temple.,Municipal
Newly constructed footpath at Temple already broken.,Public Works Department
no sanit@ion workers seen fr a week @ colony.,Municipal
Unauthorized shops set up near Park.,Development Authority
Land dispute reported at Main Road.,Development Authority
No sanitation workers seen for a week at Temple.,Municipal
Dumping of debris on open land near Park.,Development Authority
"Drainage overflow at Colony, foul smell everywhere.",Municipal
"Drainage overflow at Market, foul smell everywhere. pls do something asap!",Municipal
Still waiting for action on request raised 8 days ago.,CM Office (Miscellaneous)
Plot boundaries changed illegally near Highway.,Development Authority
Grievance No. CM4957 pending without update.,CM Office (Miscellaneous)
Drainage blocked near Highway causing flooding.,Public Works Department
Encroachment on government land near Park.,Development Authority
No acknowledgment received for complaint submitted last week.,CM Office (Miscellaneous)
Frequent delays in public buses at Main Road.,Transport
Broken road divider at Market creating risk for vehicles.,Public Works Department
"road divider missing n school, causing accidents.",Transport
footp@h tiles uneven and dangerous n park.,Public Works Department
Dumping of debris on open land near Highway.,Development Authority
Broken road divider at Market creating risk for vehicles.,Public Works Department
Officials not responding to grievance at Market.,CM Office (Miscellaneous)
"Loud music playing late night at Metro Station, no action taken.",Police
Dumping of debris on open land near School.,Development Authority
Public toilet at School is dirty and broken.,Municipal
Heavy vehicles blocking main road near Metro Station.,Transport
Grievance No. CM4420 pending without update.,CM Office (Miscellaneous)
Encroachment on government land near Hospital.,Development Authority
Stray dogs attacking people near Main Road.,Municipal
Stray dogs attacking people near Hospital.,Municipal
open manhole causing danger n temple. pls do something asap!,Municipal
Bus stop shelter at Hospital damaged and unsafe.,Transport
No sanitation workers seen for a week at Highway. pls do something asap!,Municipal
Traffic signal malfunctioning near Highway.,Transport
officials not responding to grievance @ school.,CM Office (Miscellaneous)
Water supply disrupted since 4 days in Main Road.,Municipal
Heavy vehicles blocking main road near Market.,Transport
Footpath tiles uneven and dangerous near Main Road.,Public Works Department
"Streetlight not working in Temple, unsafe at night.",Municipal
Suspicious activities happening around Bus Stand every night. pls do something asap!,Police
public nuisance by drunk people @ market.,Police
Unauthorized shops set up near Temple.,Development Authority
overhead bridge construction delayed n school.,Public Works Department
Land dispute reported at Colony.,Development Authority
No acknowledgment received for complaint submitted last week.,CM Office (Miscellaneous)
Plot boundaries changed illegally near Colony.,Development Authority
Group of men harassing women near Market.,Police
Buses not stopping at Main Road despite schedule.,Transport
Traffic signal malfunctioning near Park.,Transport
Auto drivers overcharging passengers near Main Road.,Transport
Traffic signal malfunctioning near Market. pls do something asap!,Transport
officials not responding to grievance @ metro st@ion.,CM Office (Miscellaneous)
Grievance No. CM3630 pending without update.,CM Office (Miscellaneous)
Online complaint portal not working for several days.,CM Office (Miscellaneous)
Frequent traffic jams near Main Road.,Transport
Overhead bridge construction delayed near Market.,Public Works Department
Overhead bridge construction delayed near Colony.,Public Works Department
Online complaint portal not working for several days.,CM Office (Miscellaneous)
Department staff being rude and unhelpful.,CM Office (Miscellaneous)
frequent traffic jams n market.,Transport
"Streetlight not working in Bus Stand, unsafe at night.",Municipal
Officials not responding to grievance at Colony.,CM Office (Miscellaneous)
No acknowledgment received for complaint submitted last week.,CM Office (Miscellaneous)
Heavy vehicles blocking main road near Bus Stand. pls do something asap!,Transport
Overhead bridge construction delayed near Market.,Public Works Department
Frequent traffic jams near Park.,Transport
Still waiting for action on request raised 4 days ago.,CM Office (Miscellaneous)
Assault reported outside Metro Station. pls do something asap!,Police
Buses not stopping at Main Road despite schedule. pls do something asap!,Transport
Assault reported outside Highway.,Police
Dumping of debris on open land near Highway.,Development Authority
Land dispute reported at School.,Development Authority
"Loud music playing late night at Colony, no action taken. pls do something asap!",Police
Garbage not collected for 14 days near Highway.,Municipal
Grievance No. CM1778 pending without update.,CM Office (Miscellaneous)
overhead bridge construction delayed n highway.,Public Works Department
drainage blocked n school causing flooding.,Public Works Department
Cement road at Main Road cracked within a week of repair.,Public Works Department
Frequent delays in public buses at Park.,Transport
no sanit@ion workers seen fr a week @ school.,Municipal
Illegal hoardings at Market causing obstruction.,Development Authority
Frequent delays in public buses at School.,Transport
Still waiting for action on request raised 8 days ago.,CM Office (Miscellaneous)
Group of men harassing women near Main Road.,Police
"Theft occurred at Hospital, no police arrived yet.",Police
Land dispute reported at Metro Station.,Development Authority
Heavy vehicles blocking main road near Park.,Transport
Chain snatching reported yesterday near Bus Stand.,Police
traffic signal malfunctioning n highway.,Transport
Plot boundaries changed illegally near Park.,Development Authority
Unauthorized shops set up near School. pls do something asap!,Development Authority
w@er supply disrupted since 13 days in metro st@ion.,Municipal
Newly constructed footpath at Metro Station already broken.,Public Works Department
Road at Colony has deep potholes causing accidents.,Public Works Department
Online complaint portal not working for several days.,CM Office (Miscellaneous)
Group of men harassing women near School.,Police
Building being constructed without permission near Hospital.,Development Authority
Overhead bridge construction delayed near Main Road.,Public Works Department
"Burglary reported at Metro Station, no investigation done. pls do something asap!",Police
heavy vehicles blocking main road n highway.,Transport
Public nuisance by drunk people at Colony.,Police
"Burglary reported at Hospital, no investigation done.",Police
Street repair left incomplete at Colony.,Public Works Department
Auto drivers overcharging passengers near Metro Station.,Transport
no sanit@ion workers seen fr a week @ metro st@ion.,Municipal
department staff being rude and unhelpful.,CM Office (Miscellaneous)
broken road divider @ main road cre@ing risk fr vehicles.,Public Works Department
Suspicious activities happening around Colony every night.,Police
Overhead bridge construction delayed near School.,Public Works Department
"drainage overflow @ bus stand, foul smell everywhere.",Municipal
Online complaint portal not working for several days.,CM Office (Miscellaneous)
Land dispute reported at Market.,Development Authority
no acknowledgment received fr complaint submitted last week.,CM Office (Miscellaneous)
No acknowledgment received for complaint submitted last week.,CM Office (Miscellaneous)
Chain snatching reported yesterday near Bus Stand.,Police
Bus stop shelter at Hospital damaged and unsafe.,Transport
Water supply disrupted since 11 days in Main Road.,Municipal
Suspicious activities happening around Metro Station every night.,Police
Online complaint portal not working for several days.,CM Office (Miscellaneous)
Illegal construction at Main Road blocking road access.,Development Authority
"Burglary reported at Bus Stand, no investigation done.",Police
Assault reported outside School.,Police
Public toilet at Bus Stand is dirty and broken.,Municipal
Suspicious activities happening around Metro Station every night.,Police
Street repair left incomplete at School. pls do something asap!,Public Works Department
Broken road divider at Temple creating risk for vehicles.,Public Works Department
Overhead bridge construction delayed near Bus Stand.,Public Works Department
Group of men harassing women near School. pls do something asap!,Police
land dispute reported @ bus stand.,Development Authority
broken road divider @ bus stand cre@ing risk fr vehicles.,Public Works Department
Suspicious activities happening around Park every night.,Police
Still waiting for action on request raised 2 days ago.,CM Office (Miscellaneous)
Grievance No. CM6113 pending without update. pls do something asap!,CM Office (Miscellaneous)
Group of men harassing women near Colony.,Police
Suspicious activities happening around Park every night. pls do something asap!,Police
Still waiting for action on request raised 4 days ago. pls do something asap!,CM Office (Miscellaneous)
Department staff being rude and unhelpful.,CM Office (Miscellaneous)
chain sn@ching reported yesterday n highway.,Police
Illegal hoardings at Hospital causing obstruction.,Development Authority
Illegal hoardings at Market causing obstruction.,Development Authority
Broken road divider at Temple creating risk for vehicles.,Public Works Department
Garbage not collected for 13 days near Colony.,Municipal
"drainage overflow @ highway, foul smell everywhere.",Municipal
traffic signal malfunctioning n bus stand.,Transport
Water supply disrupted since 13 days in Bus Stand.,Municipal
Plot boundaries changed illegally near Highway. pls do something asap!,Development Authority
Unauthorized shops set up near Market.,Development Authority
Bus stop shelter at Highway damaged and unsafe.,Transport
Illegal hoardings at Highway causing obstruction.,Development Authority
Land dispute reported at Market.,Development Authority
auto drivers overcharging passengers n park.,Transport
Auto drivers overcharging passengers near School.,Transport
Garbage not collected for 4 days near Bus Stand.,Municipal
Illegal hoardings at Bus Stand causing obstruction. pls do something asap!,Development Authority
Still waiting for action on request raised 9 days ago.,CM Office (Miscellaneous)
Group of men harassing women near Temple.,Police
Frequent delays in public buses at Temple.,Transport
assault reported outside school.,Police
Water supply disrupted since 7 days in Bus Stand.,Municipal
Buses not stopping at Metro Station despite schedule.,Transport
Street repair left incomplete at Temple.,Public Works Department
Overhead bridge construction delayed near Colony.,Public Works Department
Officials not responding to grievance at Temple.,CM Office (Miscellaneous)
Online complaint portal not working for several days.,CM Office (Miscellaneous)
Public nuisance by drunk people at Highway.,Police
Suspicious activities happening around Metro Station every night.,Police
Bus stop shelter at Temple damaged and unsafe.,Transport
Plot boundaries changed illegally near Metro Station.,Development Authority
Auto drivers overcharging passengers near Hospital.,Transport
Broken road divider at Bus Stand creating risk for vehicles.,Public Works Department
Cement road at Highway cracked within a week of repair.,Public Works Department
Group of men harassing women near Temple.,Police
Dumping of debris on open land near Highway.,Development Authority
Department staff being rude and unhelpful.,CM Office (Miscellaneous)
Officials not responding to grievance at Temple.,CM Office (Miscellaneous)
Filed complaint weeks ago but no response received.,CM Office (Miscellaneous)
Dumping of debris on open land near School.,Development Authority
Repeated complaints ignored by department.,CM Office (Miscellaneous)
Officials not responding to grievance at Hospital.,CM Office (Miscellaneous)
Chain snatching reported yesterday near School.,Police
No sanitation workers seen for a week at Bus Stand.,Municipal
illegal construction @ temple blocking road access.,Development Authority
Grievance No. CM6882 pending without update.,CM Office (Miscellaneous)
Grievance No. CM6342 pending without update.,CM Office (Miscellaneous)
Frequent delays in public buses at Metro Station.,Transport
"Theft occurred at Temple, no police arrived yet.",Police
group of men harassing women n main road.,Police
illegal construction @ metro st@ion blocking road access.,Development Authority
street repair left incomplete @ park.,Public Works Department
"Drainage overflow at Market, foul smell everywhere.",Municipal
Open manhole causing danger near Bus Stand.,Municipal
no acknowledgment received fr complaint submitted last week.,CM Office (Miscellaneous)
Water supply disrupted since 14 days in Main Road.,Municipal
encroachment on government land n school. pls do something asap!,Development Authority
Illegal construction at Main Road blocking road access.,Development Authority
"theft occurred @ market, no police arrived yet.",Police
encroachment on government land n temple.,Development Authority
Building being constructed without permission near Main Road.,Development Authority
"road divider missing n colony, causing accidents.",Transport
"Streetlight not working in Park, unsafe at night.",Municipal
Garbage not collected for 2 days near Park.,Municipal
"Loud music playing late night at Temple, no action taken.",Police
Overhead bridge construction delayed near Main Road.,Public Works Department
Department staff being rude and unhelpful.,CM Office (Miscellaneous)
Garbage not collected for 9 days near Temple. pls do something asap!,Municipal
Group of men harassing women near Park.,Police
Suspicious activities happening around Market every night.,Police
Stray dogs attacking people near Main Road.,Municipal
"Theft occurred at Colony, no police arrived yet.",Police
"loud music playing l@e night @ main road, no action taken.",Police
Group of men harassing women near Market.,Police
"Theft occurred at Market, no police arrived yet. pls do something asap!",Police
Plot boundaries changed illegally near Colony.,Development Authority
Dumping of debris on open land near Highway.,Development Authority
Cement road at Highway cracked within a week of repair.,Public Works Department
No acknowledgment received for complaint submitted last week.,CM Office (Miscellaneous)
No acknowledgment received for complaint submitted last week.,CM Office (Miscellaneous)
"burglary reported @ highway, no investig@ion done. pls do something asap!",Police
repe@ed complaints ignored by department.,CM Office (Miscellaneous)
building being constructed without permission n colony.,Development Authority
encroachment on government land n market.,Development Authority
frequent traffic jams n park.,Transport
No acknowledgment received for complaint submitted last week.,CM Office (Miscellaneous)
Footpath tiles uneven and dangerous near Highway.,Public Works Department
"loud music playing l@e night @ main road, no action taken.",Police
Open manhole causing danger near Bus Stand.,Municipal
Heavy vehicles blocking main road near Hospital.,Transport
Frequent delays in public buses at Highway.,Transport
filed complaint weeks ago but no response received.,CM Office (Miscellaneous)
"Theft occurred at Temple, no police arrived yet.",Police
Plot boundaries changed illegally near Colony. pls do something asap!,Development Authority
Drainage blocked near Metro Station causing flooding.,Public Works Department
Still waiting for action on request raised 7 days ago.,CM Office (Miscellaneous)
Group of men harassing women near Colony.,Police
Repeated complaints ignored by department.,CM Office (Miscellaneous)
Heavy vehicles blocking main road near Main Road.,Transport
Suspicious activities happening around Hospital every night.,Police
Public nuisance by drunk people at Colony.,Police
Unauthorized shops set up near Bus Stand.,Development Authority
public nuisance by drunk people @ market.,Police
Traffic signal malfunctioning near Market.,Transport
Road at Bus Stand has deep potholes causing accidents. pls do something asap!,Public Works Department
Illegal hoardings at Main Road causing obstruction.,Development Authority
frequent traffic jams n highway.,Transport
Frequent delays in public buses at Hospital. pls do something asap!,Transport
Cement road at School cracked within a week of repair.,Public Works Department
Unauthorized shops set up near Main Road.,Development Authority
Unauthorized shops set up near Market.,Development Authority
"Burglary reported at Highway, no investigation done.",Police
Assault reported outside Market.,Police
Heavy vehicles blocking main road near Temple.,Transport
Building being constructed without permission near Park.,Development Authority
"Streetlight not working in Hospital, unsafe at night.",Municipal
suspicious activities happening around hospital every night.,Police
Newly constructed footpath at Market already broken.,Public Works Department
No sanitation workers seen for a week at Park.,Municipal
Frequent traffic jams near Colony.,Transport
No sanitation workers seen for a week at Hospital.,Municipal
Overhead bridge construction delayed near Main Road. pls do something asap!,Public Works Department
Filed complaint weeks ago but no response received.,CM Office (Miscellaneous)
Auto drivers overcharging passengers near Colony.,Transport
Frequent traffic jams near Park.,Transport
open manhole causing danger n bus stand.,Municipal
Illegal construction at Bus Stand blocking road access.,Development Authority
Online complaint portal not working for several days.,CM Office (Miscellaneous)
Repeated complaints ignored by department.,CM Office (Miscellaneous)
No acknowledgment received for complaint submitted last week.,CM Office (Miscellaneous)
Drainage blocked near Hospital causing flooding.,Public Works Department
Land dispute reported at Hospital.,Development Authority
Officials not responding to grievance at Park.,CM Office (Miscellaneous)
Garbage not collected for 9 days near Main Road.,Municipal
Officials not responding to grievance at School.,CM Office (Miscellaneous)
Unauthorized shops set up near Bus Stand.,Development Authority
Assault reported outside Hospital.,Police
Unauthorized shops set up near Market.,Development Authority
Online complaint portal not working for several days.,CM Office (Miscellaneous)
illegal construction @ colony blocking road access.,Development Authority
Broken road divider at Hospital creating risk for vehicles.,Public Works Department
"loud music playing l@e night @ park, no action taken.",Police
Still waiting for action on request raised 8 days ago. pls do something asap!,CM Office (Miscellaneous)
Grievance No. CM8008 pending without update.,CM Office (Miscellaneous)
footp@h tiles uneven and dangerous n temple.,Public Works Department
Cement road at Park cracked within a week of repair.,Public Works Department
No sanitation workers seen for a week at Colony.,Municipal
Building being constructed without permission near Market.,Development Authority
Garbage not collected for 13 days near School.,Municipal
Group of men harassing women near Highway.,Police
Open manhole causing danger near Highway. pls do something asap!,Municipal
Auto drivers overcharging passengers near Market.,Transport
Cement road at Bus Stand cracked within a week of repair.,Public Works Department
Newly constructed footpath at Main Road already broken.,Public Works Department
Online complaint portal not working for several days.,CM Office (Miscellaneous)
road @ highway has deep potholes causing accidents.,Public Works Department
newly constructed footp@h @ market already broken.,Public Works Department
Overhead bridge construction delayed near Park.,Public Works Department
"Burglary reported at Highway, no investigation done.",Police
Street repair left incomplete at School.,Public Works Department
Encroachment on government land near School.,Development Authority
Public toilet at Main Road is dirty and broken.,Municipal
Grievance No. CM4701 pending without update. pls do something asap!,CM Office (Miscellaneous)
Online complaint portal not working for several days.,CM Office (Miscellaneous)
Illegal construction at Hospital blocking road access.,Development Authority
Bus stop shelter at Bus Stand damaged and unsafe. pls do something asap!,Transport
footp@h tiles uneven and dangerous n hospital.,Public Works Department
Stray dogs attacking people near Highway.,Municipal
Auto drivers overcharging passengers near School.,Transport
"Road divider missing near Colony, causing accidents.",Transport
Plot boundaries changed illegally near Park.,Development Authority
Water supply disrupted since 4 days in Hospital.,Municipal
Newly constructed footpath at Main Road already broken. pls do something asap!,Public Works Department
Frequent delays in public buses at Market.,Transport
Illegal construction at Hospital blocking road access.,Development Authority
Broken road divider at Colony creating risk for vehicles.,Public Works Department
Filed complaint weeks ago but no response received.,CM Office (Miscellaneous)
department staff being rude and unhelpful.,CM Office (Miscellaneous)
cement road @ metro st@ion cracked within a week of repair.,Public Works Department
Cement road at Temple cracked within a week of repair. pls do something asap!,Public Works Department
Officials not responding to grievance at Highway.,CM Office (Miscellaneous)
Unauthorized shops set up near Highway. pls do something asap!,Development Authority
Plot boundaries changed illegally near School. pls do something asap!,Development Authority
broken road divider @ main road cre@ing risk fr vehicles. pls do something asap!,Public Works Department
Grievance No. CM3917 pending without update.,CM Office (Miscellaneous)
Online complaint portal not working for several days.,CM Office (Miscellaneous)
Grievance No. CM1776 pending without update.,CM Office (Miscellaneous)
Dumping of debris on open land near Bus Stand. pls do something asap!,Development Authority
Illegal construction at Bus Stand blocking road access.,Development Authority
street repair left incomplete @ main road.,Public Works Department
no sanit@ion workers seen fr a week @ highway. pls do something asap!,Municipal
Officials not responding to grievance at Bus Stand.,CM Office (Miscellaneous)
Department staff being rude and unhelpful.,CM Office (Miscellaneous)
Drainage blocked near Hospital causing flooding.,Public Works Department
Online complaint portal not working for several days.,CM Office (Miscellaneous)
Online complaint portal not working for several days.,CM Office (Miscellaneous)
Illegal construction at Market blocking road access.,Development Authority
online complaint portal not working fr several days.,CM Office (Miscellaneous)
Cement road at Market cracked within a week of repair.,Public Works Department
"Burglary reported at Hospital, no investigation done.",Police
Online complaint portal not working for several days.,CM Office (Miscellaneous)
No sanitation workers seen for a week at Bus Stand.,Municipal
Drainage blocked near Park causing flooding.,Public Works Department
Plot boundaries changed illegally near Market.,Development Authority
Encroachment on government land near Park.,Development Authority
illegal hoardings @ highway causing obstruction.,Development Authority
"Streetlight not working in Bus Stand, unsafe at night.",Municipal
Grievance No. CM8250 pending without update.,CM Office (Miscellaneous)
Illegal construction at Metro Station blocking road access.,Development Authority
Officials not responding to grievance at Bus Stand.,CM Office (Miscellaneous)
Buses not stopping at Hospital despite schedule. pls do something asap!,Transport
Water supply disrupted since 7 days in Metro Station.,Municipal
Group of men harassing women near Park.,Police
Public toilet at Bus Stand is dirty and broken.,Municipal
stray dogs @tacking people n market.,Municipal
Broken road divider at Metro Station creating risk for vehicles.,Public Works Department
Illegal hoardings at Metro Station causing obstruction.,Development Authority
Still waiting for action on request raised 13 days ago.,CM Office (Miscellaneous)
Street repair left incomplete at Bus Stand.,Public Works Department
Department staff being rude and unhelpful.,CM Office (Miscellaneous)
Road at Main Road has deep potholes causing accidents.,Public Works Department
auto drivers overcharging passengers n temple.,Transport
no sanit@ion workers seen fr a week @ market.,Municipal
Cement road at School cracked within a week of repair.,Public Works Department
Broken road divider at Park creating risk for vehicles.,Public Works Department
Public toilet at Park is dirty and broken.,Municipal
Illegal construction at School blocking road access.,Development Authority
"Theft occurred at Hospital, no police arrived yet.",Police
officials not responding to grievance @ market.,CM Office (Miscellaneous)
Stray dogs attacking people near Temple.,Municipal
Newly constructed footpath at Temple already broken.,Public Works Department
Online complaint portal not working for several days.,CM Office (Miscellaneous)
"Theft occurred at Highway, no police arrived yet.",Police
Unauthorized shops set up near School. pls do something asap!,Development Authority
Auto drivers overcharging passengers near Temple.,Transport
"Streetlight not working in Temple, unsafe at night.",Municipal
Online complaint portal not working for several days. pls do something asap!,CM Office (Miscellaneous)
Public nuisance by drunk people at Temple.,Police
Building being constructed without permission near Colony.,Development Authority
repe@ed complaints ignored by department.,CM Office (Miscellaneous)
heavy vehicles blocking main road n market.,Transport
Overhead bridge construction delayed near Market.,Public Works Department
no acknowledgment received fr complaint submitted last week.,CM Office (Miscellaneous)
Frequent traffic jams near Hospital. pls do something asap!,Transport
dumping of debris on open land n school.,Development Authority
Unauthorized shops set up near Hospital.,Development Authority
Illegal construction at Temple blocking road access.,Development Authority
Broken road divider at Bus Stand creating risk for vehicles.,Public Works Department
Dumping of debris on open land near Market. pls do something asap!,Development Authority
Broken road divider at School creating risk for vehicles.,Public Works Department
Footpath tiles uneven and dangerous near Colony.,Public Works Department
"Drainage overflow at Highway, foul smell everywhere.",Municipal
Online complaint portal not working for several days.,CM Office (Miscellaneous)
Auto drivers overcharging passengers near Market.,Transport
"Streetlight not working in Highway, unsafe at night.",Municipal
illegal construction @ bus stand blocking road access.,Development Authority
Traffic signal malfunctioning near Metro Station. pls do something asap!,Transport
Buses not stopping at School despite schedule.,Transport
Newly constructed footpath at Market already broken.,Public Works Department
Illegal construction at Temple blocking road access.,Development Authority
Frequent traffic jams near Main Road. pls do something asap!,Transport
Assault reported outside Metro Station.,Police
Assault reported outside Bus Stand.,Police
Group of men harassing women near School.,Police
Heavy vehicles blocking main road near Hospital.,Transport
Filed complaint weeks ago but no response received.,CM Office (Miscellaneous)
Newly constructed footpath at Market already broken.,Public Works Department
Repeated complaints ignored by department. pls do something asap!,CM Office (Miscellaneous)
Grievance No. CM3371 pending without update.,CM Office (Miscellaneous)
Heavy vehicles blocking main road near School.,Transport
Grievance No. CM7401 pending without update.,CM Office (Miscellaneous)
footp@h tiles uneven and dangerous n highway.,Public Works Department
Overhead bridge construction delayed near Hospital.,Public Works Department
Filed complaint weeks ago but no response received.,CM Office (Miscellaneous)
Street repair left incomplete at Temple.,Public Works Department
Illegal construction at Temple blocking road access.,Development Authority
Cement road at Metro Station cracked within a week of repair.,Public Works Department
bus stop shelter @ school damaged and unsafe.,Transport
w@er supply disrupted since 9 days in highway. pls do something asap!,Municipal
No acknowledgment received for complaint submitted last week.,CM Office (Miscellaneous)
"Theft occurred at Temple, no police arrived yet.",Police
Frequent delays in public buses at Highway.,Transport
Garbage not collected for 10 days near Park.,Municipal
Building being constructed without permission near School. pls do something asap!,Development Authority
Drainage blocked near Highway causing flooding.,Public Works Department
"Theft occurred at Hospital, no police arrived yet.",Police
Bus stop shelter at Colony damaged and unsafe.,Transport
traffic signal malfunctioning n market.,Transport
Street repair left incomplete at Colony.,Public Works Department
Frequent delays in public buses at Metro Station.,Transport
No sanitation workers seen for a week at Market.,Municipal
Building being constructed without permission near Hospital.,Development Authority
Garbage not collected for 12 days near Bus Stand.,Municipal
Repeated complaints ignored by department. pls do something asap!,CM Office (Miscellaneous)
Stray dogs attacking people near Highway.,Municipal
still waiting fr action on request raised 9 days ago.,CM Office (Miscellaneous)
Public nuisance by drunk people at Colony.,Police
"Streetlight not working in Highway, unsafe at night.",Municipal
Newly constructed footpath at Main Road already broken.,Public Works Department
Garbage not collected for 9 days near Main Road.,Municipal
Broken road divider at Main Road creating risk for vehicles.,Public Works Department
Footpath tiles uneven and dangerous near Bus Stand.,Public Works Department
Illegal hoardings at Hospital causing obstruction.,Development Authority
Department staff being rude and unhelpful.,CM Office (Miscellaneous)
Frequent traffic jams near Hospital.,Transport
Dumping of debris on open land near Highway.,Development Authority
Open manhole causing danger near Bus Stand.,Municipal
Illegal hoardings at Colony causing obstruction.,Development Authority
Footpath tiles uneven and dangerous near Park.,Public Works Department
"Loud music playing late night at Main Road, no action taken.",Police
illegal hoardings @ main road causing obstruction. pls do something asap!,Development Authority
"Loud music playing late night at Main Road, no action taken.",Police
Footpath tiles uneven and dangerous near Park. pls do something asap!,Public Works Department
Newly constructed footpath at Main Road already broken.,Public Works Department
Buses not stopping at Bus Stand despite schedule.,Transport
"Loud music playing late night at Main Road, no action taken.",Police
"Road divider missing near Market, causing accidents.",Transport
Assault reported outside Hospital.,Police
Building being constructed without permission near Bus Stand.,Development Authority
"Streetlight not working in Highway, unsafe at night.",Municipal
Suspicious activities happening around Market every night.,Police
Land dispute reported at Temple.,Development Authority
Stray dogs attacking people near Hospital. pls do something asap!,Municipal
Newly constructed footpath at Metro Station already broken.,Public Works Department
frequent delays in public buses @ highway.,Transport
Water supply disrupted since 7 days in Colony.,Municipal
Traffic signal malfunctioning near Metro Station.,Transport
No acknowledgment received for complaint submitted last week.,CM Office (Miscellaneous)
Assault reported outside Park.,Police
land dispute reported @ highway.,Development Authority
Frequent traffic jams near School.,Transport
Officials not responding to grievance at Hospital.,CM Office (Miscellaneous)
Suspicious activities happening around Bus Stand every night.,Police
Footpath tiles uneven and dangerous near Market.,Public Works Department
Bus stop shelter at Highway damaged and unsafe.,Transport
Footpath tiles uneven and dangerous near Highway.,Public Works Department
Street repair left incomplete at Park.,Public Works Department
Building being constructed without permission near Metro Station.,Development Authority
Garbage not collected for 9 days near Main Road.,Municipal
Buses not stopping at Park despite schedule.,Transport
Overhead bridge construction delayed near Colony.,Public Works Department
"road divider missing n school, causing accidents.",Transport
Traffic signal malfunctioning near Highway.,Transport
w@er supply disrupted since 6 days in bus stand.,Municipal
"Burglary reported at Main Road, no investigation done.",Police
Suspicious activities happening around Market every night. pls do something asap!,Police
plot boundaries changed illegally n colony.,Development Authority
Traffic signal malfunctioning near Park.,Transport
Footpath tiles uneven and dangerous near Main Road.,Public Works Department
cement road @ school cracked within a week of repair.,Public Works Department
Overhead bridge construction delayed near Bus Stand.,Public Works Department
"Drainage overflow at Bus Stand, foul smell everywhere.",Municipal
No sanitation workers seen for a week at Metro Station.,Municipal
Auto drivers overcharging passengers near Park.,Transport
Still waiting for action on request raised 10 days ago.,CM Office (Miscellaneous)
"Theft occurred at Main Road, no police arrived yet.",Police
No acknowledgment received for complaint submitted last week.,CM Office (Miscellaneous)
Bus stop shelter at Colony damaged and unsafe.,Transport
cement road @ park cracked within a week of repair.,Public Works Department
Chain snatching reported yesterday near Bus Stand.,Police
heavy vehicles blocking main road n hospital.,Transport
Public toilet at Park is dirty and broken.,Municipal
Auto drivers overcharging passengers near Main Road.,Transport
Building being constructed without permission near Hospital.,Development Authority
No sanitation workers seen for a week at Park.,Municipal
Overhead bridge construction delayed near Bus Stand.,Public Works Department
Drainage blocked near Highway causing flooding.,Public Works Department
Footpath tiles uneven and dangerous near Colony.,Public Works Department
Assault reported outside Temple.,Police
"Loud music playing late night at Temple, no action taken.",Police
Footpath tiles uneven and dangerous near Bus Stand.,Public Works Department
Road at Market has deep potholes causing accidents.,Public Works Department
Cement road at Main Road cracked within a week of repair.,Public Works Department
Water supply disrupted since 4 days in School. pls do something asap!,Municipal
Online complaint portal not working for several days.,CM Office (Miscellaneous)
street repair left incomplete @ bus stand.,Public Works Department
Filed complaint weeks ago but no response received.,CM Office (Miscellaneous)
"Drainage overflow at School, foul smell everywhere.",Municipal
assault reported outside hospital.,Police
stray dogs @tacking people n hospital.,Municipal
Cement road at Main Road cracked within a week of repair.,Public Works Department
Garbage not collected for 14 days near Market.,Municipal
Building being constructed without permission near Market.,Development Authority
Land dispute reported at Park.,Development Authority
Footpath tiles uneven and dangerous near Main Road.,Public Works Department
"Streetlight not working in Market, unsafe at night.",Municipal
stray dogs @tacking people n market.,Municipal
Group of men harassing women near Metro Station. pls do something asap!,Police
Suspicious activities happening around Bus Stand every night.,Police
Bus stop shelter at Park damaged and unsafe.,Transport
Assault reported outside Park.,Police
Dumping of debris on open land near Park.,Development Authority
Heavy vehicles blocking main road near Hospital.,Transport
No sanitation workers seen for a week at Metro Station.,Municipal
No sanitation workers seen for a week at Colony.,Municipal
department staff being rude and unhelpful.,CM Office (Miscellaneous)
Frequent delays in public buses at Main Road.,Transport
"Streetlight not working in School, unsafe at night.",Municipal
Suspicious activities happening around Colony every night.,Police
illegal hoardings @ park causing obstruction. pls do something asap!,Development Authority
Broken road divider at Metro Station creating risk for vehicles.,Public Works Department
department staff being rude and unhelpful.,CM Office (Miscellaneous)
Filed complaint weeks ago but no response received.,CM Office (Miscellaneous)
Stray dogs attacking people near Market.,Municipal
No acknowledgment received for complaint submitted last week. pls do something asap!,CM Office (Miscellaneous)
No acknowledgment received for complaint submitted last week.,CM Office (Miscellaneous)
Cement road at Colony cracked within a week of repair.,Public Works Department
drainage blocked n metro st@ion causing flooding.,Public Works Department
Suspicious activities happening around Main Road every night.,Police
illegal construction @ hospital blocking road access.,Development Authority
"Burglary reported at Main Road, no investigation done. pls do something asap!",Police
"Loud music playing late night at School, no action taken.",Police
Public nuisance by drunk people at Hospital. pls do something asap!,Police
No acknowledgment received for complaint submitted last week.,CM Office (Miscellaneous)
newly constructed footp@h @ school already broken.,Public Works Department
Drainage blocked near Colony causing flooding.,Public Works Department
Garbage not collected for 3 days near Main Road.,Municipal
Footpath tiles uneven and dangerous near Colony.,Public Works Department
still waiting fr action on request raised 10 days ago.,CM Office (Miscellaneous)
No acknowledgment received for complaint submitted last week.,CM Office (Miscellaneous)
Group of men harassing women near Highway. pls do something asap!,Police
Water supply disrupted since 6 days in Highway.,Municipal
"Road divider missing near Metro Station, causing accidents.",Transport
"drainage overflow @ highway, foul smell everywhere.",Municipal
Bus stop shelter at Colony damaged and unsafe.,Transport
Auto drivers overcharging passengers near Hospital.,Transport
Illegal construction at Park blocking road access.,Development Authority
"Burglary reported at Colony, no investigation done.",Police
Stray dogs attacking people near Park.,Municipal
Plot boundaries changed illegally near Park.,Development Authority
Open manhole causing danger near Bus Stand.,Municipal
"Drainage overflow at Hospital, foul smell everywhere.",Municipal
street repair left incomplete @ park.,Public Works Department
Open manhole causing danger near Park.,Municipal
No sanitation workers seen for a week at Colony.,Municipal
Traffic signal malfunctioning near Hospital.,Transport
Open manhole causing danger near Main Road.,Municipal
Traffic signal malfunctioning near Bus Stand. pls do something asap!,Transport
Still waiting for action on request raised 9 days ago.,CM Office (Miscellaneous)
repe@ed complaints ignored by department.,CM Office (Miscellaneous)
w@er supply disrupted since 12 days in hospital.,Municipal
Frequent delays in public buses at Temple. pls do something asap!,Transport
Open manhole causing danger near Market. pls do something asap!,Municipal
Buses not stopping at Highway despite schedule.,Transport
Road at Colony has deep potholes causing accidents.,Public Works Department
No sanitation workers seen for a week at Metro Station.,Municipal
"Theft occurred at Hospital, no police arrived yet.",Police
Repeated complaints ignored by department. pls do something asap!,CM Office (Miscellaneous)
Illegal hoardings at Highway causing obstruction.,Development Authority
Repeated complaints ignored by department.,CM Office (Miscellaneous)
Public nuisance by drunk people at Colony.,Police
No sanitation workers seen for a week at Metro Station.,Municipal
Road at Highway has deep potholes causing accidents. pls do something asap!,Public Works Department
Open manhole causing danger near Temple.,Municipal
stray dogs @tacking people n market.,Municipal
Officials not responding to grievance at Market.,CM Office (Miscellaneous)
No acknowledgment received for complaint submitted last week. pls do something asap!,CM Office (Miscellaneous)
Drainage blocked near Metro Station causing flooding. pls do something asap!,Public Works Department
Assault reported outside Highway.,Police
Footpath tiles uneven and dangerous near Highway.,Public Works Department
Grievance No. CM5721 pending without update. pls do something asap!,CM Office (Miscellaneous)
Open manhole causing danger near Park.,Municipal
Unauthorized shops set up near Hospital.,Development Authority
Still waiting for action on request raised 11 days ago.,CM Office (Miscellaneous)
Drainage blocked near School causing flooding. pls do something asap!,Public Works Department
filed complaint weeks ago but no response received.,CM Office (Miscellaneous)
Filed complaint weeks ago but no response received.,CM Office (Miscellaneous)
Filed complaint weeks ago but no response received.,CM Office (Miscellaneous)
footp@h tiles uneven and dangerous n school.,Public Works Department
Bus stop shelter at Highway damaged and unsafe.,Transport
Group of men harassing women near Main Road.,Police
Public toilet at Market is dirty and broken.,Municipal
Unauthorized shops set up near Temple.,Development Authority
Street repair left incomplete at Bus Stand.,Public Works Department
Repeated complaints ignored by department.,CM Office (Miscellaneous)
Traffic signal malfunctioning near Colony.,Transport
buses not stopping @ temple despite schedule.,Transport
Illegal construction at Park blocking road access.,Development Authority
Heavy vehicles blocking main road near Metro Station.,Transport
Water supply disrupted since 13 days in Metro Station.,Municipal
Drainage blocked near Temple causing flooding.,Public Works Department
Stray dogs attacking people near Market.,Municipal
Street repair left incomplete at Highway.,Public Works Department
"Road divider missing near Temple, causing accidents. pls do something asap!",Transport
Suspicious activities happening around Bus Stand every night. pls do something asap!,Police
Plot boundaries changed illegally near Highway.,Development Authority
public nuisance by drunk people @ school.,Police
Footpath tiles uneven and dangerous near Hospital.,Public Works Department
Department staff being rude and unhelpful.,CM Office (Miscellaneous)
Repeated complaints ignored by department.,CM Office (Miscellaneous)
Illegal hoardings at Hospital causing obstruction.,Development Authority
Bus stop shelter at Metro Station damaged and unsafe.,Transport
Unauthorized shops set up near Park.,Development Authority
Heavy vehicles blocking main road near Bus Stand.,Transport
Chain snatching reported yesterday near Market.,Police
"Loud music playing late night at Temple, no action taken.",Police
Overhead bridge construction delayed near Highway.,Public Works Department
Suspicious activities happening around Metro Station every night.,Police
Broken road divider at Market creating risk for vehicles.,Public Works Department
"Drainage overflow at Bus Stand, foul smell everywhere.",Municipal
Officials not responding to grievance at Colony.,CM Office (Miscellaneous)
Grievance No. CM4855 pending without update.,CM Office (Miscellaneous)
No sanitation workers seen for a week at Park.,Municipal
still waiting fr action on request raised 2 days ago.,CM Office (Miscellaneous)
Still waiting for action on request raised 3 days ago.,CM Office (Miscellaneous)
Group of men harassing women near Bus Stand.,Police
Still waiting for action on request raised 10 days ago.,CM Office (Miscellaneous)
Road at Highway has deep potholes causing accidents.,Public Works Department
Heavy vehicles blocking main road near Market.,Transport
Illegal hoardings at Hospital causing obstruction.,Development Authority
Land dispute reported at Hospital.,Development Authority
Unauthorized shops set up near School.,Development Authority
"Theft occurred at Temple, no police arrived yet.",Police
Garbage not collected for 14 days near Colony.,Municipal
Chain snatching reported yesterday near Highway.,Police
Road at Highway has deep potholes causing accidents.,Public Works Department
Filed complaint weeks ago but no response received.,CM Office (Miscellaneous)
"Burglary reported at Market, no investigation done.",Police
department staff being rude and unhelpful.,CM Office (Miscellaneous)
Drainage blocked near Bus Stand causing flooding.,Public Works Department
Illegal hoardings at Hospital causing obstruction.,Development Authority
Buses not stopping at School despite schedule.,Transport
"drainage overflow @ metro st@ion, foul smell everywhere.",Municipal
"Streetlight not working in Temple, unsafe at night.",Municipal
Grievance No. CM9386 pending without update. pls do something asap!,CM Office (Miscellaneous)
Group of men harassing women near Colony.,Police
newly constructed footp@h @ highway already broken.,Public Works Department
no acknowledgment received fr complaint submitted last week.,CM Office (Miscellaneous)
Cement road at School cracked within a week of repair.,Public Works Department
Water supply disrupted since 6 days in Temple.,Municipal
Department staff being rude and unhelpful.,CM Office (Miscellaneous)
Group of men harassing women near Highway.,Police
Land dispute reported at Main Road. pls do something asap!,Development Authority
Department staff being rude and unhelpful.,CM Office (Miscellaneous)
Assault reported outside Bus Stand.,Police
Group of men harassing women near Metro Station. pls do something asap!,Police
Officials not responding to grievance at Colony.,CM Office (Miscellaneous)
Frequent delays in public buses at Highway.,Transport
stray dogs @tacking people n temple.,Municipal
Chain snatching reported yesterday near Hospital.,Police
"Theft occurred at Market, no police arrived yet.",Police
Frequent delays in public buses at Metro Station.,Transport
auto drivers overcharging passengers n bus stand.,Transport
Illegal construction at Colony blocking road access.,Development Authority
Cement road at Main Road cracked within a week of repair.,Public Works Department
"Theft occurred at Market, no police arrived yet.",Police
group of men harassing women n hospital.,Police
Dumping of debris on open land near Market. pls do something asap!,Development Authority
Garbage not collected for 7 days near Main Road.,Municipal
Water supply disrupted since 4 days in Temple.,Municipal
Dumping of debris on open land near Hospital.,Development Authority
Buses not stopping at Hospital despite schedule. pls do something asap!,Transport
Footpath tiles uneven and dangerous near Market.,Public Works Department
Broken road divider at Bus Stand creating risk for vehicles.,Public Works Department
Heavy vehicles blocking main road near Colony.,Transport
Drainage blocked near Hospital causing flooding.,Public Works Department
Department staff being rude and unhelpful.,CM Office (Miscellaneous)
Officials not responding to grievance at Metro Station.,CM Office (Miscellaneous)
Cement road at Colony cracked within a week of repair.,Public Works Department
Stray dogs attacking people near Market.,Municipal
Building being constructed without permission near Metro Station.,Development Authority
Garbage not collected for 12 days near Bus Stand.,Municipal
"loud music playing l@e night @ colony, no action taken.",Police
Online complaint portal not working for several days.,CM Office (Miscellaneous)
Overhead bridge construction delayed near Bus Stand.,Public Works Department
Grievance No. CM1655 pending without update.,CM Office (Miscellaneous)
Heavy vehicles blocking main road near Hospital.,Transport
"Road divider missing near Market, causing accidents.",Transport
"Streetlight not working in Main Road, unsafe at night.",Municipal
Cement road at Highway cracked within a week of repair.,Public Works Department
Filed complaint weeks ago but no response received.,CM Office (Miscellaneous)
"Drainage overflow at Temple, foul smell everywhere.",Municipal
Assault reported outside Temple.,Police
Frequent traffic jams near Temple.,Transport
Encroachment on government land near Bus Stand. pls do something asap!,Development Authority
Dumping of debris on open land near Bus Stand.,Development Authority
Building being constructed without permission near Colony.,Development Authority
Repeated complaints ignored by department.,CM Office (Miscellaneous)
Group of men harassing women near Market.,Police
Illegal construction at Hospital blocking road access.,Development Authority
Broken road divider at Highway creating risk for vehicles.,Public Works Department
Frequent traffic jams near Market.,Transport
Stray dogs attacking people near Park.,Municipal
Chain snatching reported yesterday near Bus Stand.,Police
repe@ed complaints ignored by department.,CM Office (Miscellaneous)
overhead bridge construction delayed n bus stand.,Public Works Department
Repeated complaints ignored by department.,CM Office (Miscellaneous)
"theft occurred @ park, no police arrived yet.",Police
Heavy vehicles blocking main road near Hospital. pls do something asap!,Transport
Road at Market has deep potholes causing accidents.,Public Works Department
Heavy vehicles blocking main road near Hospital.,Transport
Assault reported outside Metro Station.,Police
Cement road at Park cracked within a week of repair.,Public Works Department
bus stop shelter @ bus stand damaged and unsafe.,Transport
Public toilet at Highway is dirty and broken.,Municipal
Open manhole causing danger near Bus Stand.,Municipal
Land dispute reported at Highway.,Development Authority
Water supply disrupted since 11 days in Park.,Municipal
Online complaint portal not working for several days.,CM Office (Miscellaneous)
Assault reported outside Colony.,Police
Newly constructed footpath at Bus Stand already broken.,Public Works Department
officials not responding to grievance @ bus stand.,CM Office (Miscellaneous)
Frequent traffic jams near Main Road.,Transport
Officials not responding to grievance at Hospital.,CM Office (Miscellaneous)
Frequent traffic jams near Metro Station.,Transport
Plot boundaries changed illegally near Colony.,Development Authority
Drainage blocked near School causing flooding.,Public Works Department
Chain snatching reported yesterday near Hospital.,Police
Stray dogs attacking people near Hospital. pls do something asap!,Municipal
Frequent delays in public buses at Colony.,Transport
Land dispute reported at Market.,Development Authority
Water supply disrupted since 11 days in Colony. pls do something asap!,Municipal
Buses not stopping at Park despite schedule.,Transport
Newly constructed footpath at Bus Stand already broken.,Public Works Department
Buses not stopping at Highway despite schedule.,Transport
overhead bridge construction delayed n metro st@ion.,Public Works Department
no sanit@ion workers seen fr a week @ metro st@ion.,Municipal
Road at Market has deep potholes causing accidents.,Public Works Department
Encroachment on government land near School.,Development Authority
Grievance No. CM1760 pending without update.,CM Office (Miscellaneous)
Broken road divider at School creating risk for vehicles.,Public Works Department
Newly constructed footpath at Main Road already broken.,Public Works Department
Land dispute reported at Hospital.,Development Authority
Dumping of debris on open land near Temple.,Development Authority
Online complaint portal not working for several days.,CM Office (Miscellaneous)
Officials not responding to grievance at Temple.,CM Office (Miscellaneous)
"Drainage overflow at Park, foul smell everywhere.",Municipal
Online complaint portal not working for several days.,CM Office (Miscellaneous)
Footpath tiles uneven and dangerous near Metro Station.,Public Works Department
Public toilet at Market is dirty and broken.,Municipal
department staff being rude and unhelpful.,CM Office (Miscellaneous)
"Road divider missing near Bus Stand, causing accidents.",Transport
Auto drivers overcharging passengers near Colony.,Transport
Drainage blocked near Park causing flooding.,Public Works Department
Officials not responding to grievance at Hospital.,CM Office (Miscellaneous)
Encroachment on government land near Hospital.,Development Authority
Illegal construction at Temple blocking road access.,Development Authority
public toilet @ park is dirty and broken. pls do something asap!,Municipal
Public toilet at Temple is dirty and broken.,Municipal
"Theft occurred at Colony, no police arrived yet.",Police
Online complaint portal not working for several days.,CM Office (Miscellaneous)
Broken road divider at Hospital creating risk for vehicles.,Public Works Department
Frequent delays in public buses at Metro Station.,Transport
overhead bridge construction delayed n hospital.,Public Works Department
"Streetlight not working in Hospital, unsafe at night.",Municipal
Traffic signal malfunctioning near Hospital.,Transport
"Drainage overflow at Colony, foul smell everywhere.",Municipal
Building being constructed without permission near Market.,Development Authority
Public nuisance by drunk people at Market. pls do something asap!,Police
Auto drivers overcharging passengers near Metro Station.,Transport
Open manhole causing danger near Bus Stand.,Municipal
Dumping of debris on open land near Main Road.,Development Authority
Filed complaint weeks ago but no response received. pls do something asap!,CM Office (Miscellaneous)
"Road divider missing near Metro Station, causing accidents.",Transport
Overhead bridge construction delayed near Hospital.,Public Works Department
Assault reported outside Park.,Police
Grievance No. CM3661 pending without update.,CM Office (Miscellaneous)
overhead bridge construction delayed n colony.,Public Works Department
Group of men harassing women near Colony.,Police
Plot boundaries changed illegally near Colony.,Development Authority
Illegal hoardings at Bus Stand causing obstruction.,Development Authority
Broken road divider at Colony creating risk for vehicles.,Public Works Department
Assault reported outside Park.,Police
No sanitation workers seen for a week at Highway.,Municipal
Chain snatching reported yesterday near Park.,Police
Cement road at Market cracked within a week of repair.,Public Works Department
Road at Bus Stand has deep potholes causing accidents.,Public Works Department
Traffic signal malfunctioning near Temple.,Transport
Encroachment on government land near Temple.,Development Authority
Officials not responding to grievance at Temple.,CM Office (Miscellaneous)
Frequent delays in public buses at School.,Transport
Unauthorized shops set up near Bus Stand.,Development Authority
Street repair left incomplete at Colony.,Public Works Department
Broken road divider at Colony creating risk for vehicles.,Public Works Department
Road at Metro Station has deep potholes causing accidents.,Public Works Department
drainage blocked n metro st@ion causing flooding.,Public Works Department
Frequent delays in public buses at Colony.,Transport
Officials not responding to grievance at Park.,CM Office (Miscellaneous)
Garbage not collected for 4 days near Metro Station.,Municipal
Online complaint portal not working for several days.,CM Office (Miscellaneous)
"Streetlight not working in Hospital, unsafe at night.",Municipal
open manhole causing danger n colony.,Municipal
Overhead bridge construction delayed near Colony.,Public Works Department
Garbage not collected for 6 days near Park.,Municipal
Encroachment on government land near Park.,Development Authority
Assault reported outside Park.,Police
"streetlight not working in park, unsafe @ night.",Municipal
No acknowledgment received for complaint submitted last week.,CM Office (Miscellaneous)
broken road divider @ bus stand cre@ing risk fr vehicles.,Public Works Department
Broken road divider at Hospital creating risk for vehicles.,Public Works Department
Traffic signal malfunctioning near Metro Station.,Transport
Land dispute reported at Hospital.,Development Authority
"Drainage overflow at Colony, foul smell everywhere.",Municipal
Encroachment on government land near Metro Station.,Development Authority
Unauthorized shops set up near Temple.,Development Authority
Dumping of debris on open land near Bus Stand.,Development Authority
Illegal construction at Metro Station blocking road access. pls do something asap!,Development Authority
Online complaint portal not working for several days.,CM Office (Miscellaneous)
"Streetlight not working in Park, unsafe at night.",Municipal
Land dispute reported at Colony.,Development Authority
Public toilet at Market is dirty and broken.,Municipal
Footpath tiles uneven and dangerous near Main Road.,Public Works Department
No sanitation workers seen for a week at Park.,Municipal
"road divider missing n hospital, causing accidents.",Transport
Officials not responding to grievance at Market.,CM Office (Miscellaneous)
Filed complaint weeks ago but no response received.,CM Office (Miscellaneous)
Repeated complaints ignored by department.,CM Office (Miscellaneous)
buses not stopping @ bus stand despite schedule.,Transport
Online complaint portal not working for several days.,CM Office (Miscellaneous)
"drainage overflow @ highway, foul smell everywhere.",Municipal
Newly constructed footpath at Market already broken. pls do something asap!,Public Works Department
Bus stop shelter at Metro Station damaged and unsafe.,Transport
illegal construction @ park blocking road access.,Development Authority
Frequent traffic jams near Temple.,Transport
Suspicious activities happening around Highway every night.,Police
land dispute reported @ metro st@ion.,Development Authority
"Loud music playing late night at Colony, no action taken.",Police
Drainage blocked near Bus Stand causing flooding.,Public Works Department
Suspicious activities happening around Temple every night.,Police
Road at School has deep potholes causing accidents. pls do something asap!,Public Works Department
garbage not collected fr 10 days n metro st@ion.,Municipal
Footpath tiles uneven and dangerous near School.,Public Works Department
Broken road divider at Highway creating risk for vehicles.,Public Works Department
"Streetlight not working in Hospital, unsafe at night.",Municipal
"Loud music playing late night at Temple, no action taken.",Police
Grievance No. CM3442 pending without update.,CM Office (Miscellaneous)
Bus stop shelter at Temple damaged and unsafe. pls do something asap!,Transport
Traffic signal malfunctioning near Temple.,Transport
Officials not responding to grievance at Bus Stand.,CM Office (Miscellaneous)
Public nuisance by drunk people at Colony.,Police
Dumping of debris on open land near Market.,Development Authority
Frequent traffic jams near Bus Stand. pls do something asap!,Transport
Plot boundaries changed illegally near Metro Station.,Development Authority
Bus stop shelter at Bus Stand damaged and unsafe.,Transport
Encroachment on government land near School.,Development Authority
"Loud music playing late night at Colony, no action taken. pls do something asap!",Police
Grievance No. CM4142 pending without update.,CM Office (Miscellaneous)
No sanitation workers seen for a week at Metro Station.,Municipal
Traffic signal malfunctioning near Main Road.,Transport
Water supply disrupted since 10 days in Temple.,Municipal
stray dogs @tacking people n colony.,Municipal
Bus stop shelter at Market damaged and unsafe.,Transport
Department staff being rude and unhelpful.,CM Office (Miscellaneous)
"Streetlight not working in Park, unsafe at night.",Municipal
Road at School has deep potholes causing accidents.,Public Works Department
"Theft occurred at Market, no police arrived yet.",Police
Auto drivers overcharging passengers near School.,Transport
Illegal hoardings at School causing obstruction.,Development Authority
repe@ed complaints ignored by department.,CM Office (Miscellaneous)
Frequent traffic jams near Highway.,Transport
Suspicious activities happening around Park every night. pls do something asap!,Police
"Drainage overflow at School, foul smell everywhere.",Municipal
Building being constructed without permission near Colony.,Development Authority
Buses not stopping at Metro Station despite schedule.,Transport
Buses not stopping at School despite schedule. pls do something asap!,Transport
newly constructed footp@h @ park already broken.,Public Works Department
Open manhole causing danger near Colony.,Municipal
Dumping of debris on open land near Market.,Development Authority
Stray dogs attacking people near Colony.,Municipal
Encroachment on government land near Highway.,Development Authority
overhead bridge construction delayed n bus stand.,Public Works Department
Street repair left incomplete at School.,Public Works Department
Group of men harassing women near Bus Stand.,Police
Broken road divider at Main Road creating risk for vehicles.,Public Works Department
Chain snatching reported yesterday near Temple.,Police
Suspicious activities happening around Market every night.,Police
Online complaint portal not working for several days. pls do something asap!,CM Office (Miscellaneous)
Garbage not collected for 2 days near Hospital.,Municipal
"Theft occurred at Main Road, no police arrived yet.",Police
Open manhole causing danger near Temple.,Municipal
Building being constructed without permission near School.,Development Authority
Bus stop shelter at School damaged and unsafe. pls do something asap!,Transport
Open manhole causing danger near School.,Municipal
Garbage not collected for 7 days near Highway.,Municipal
Cement road at Bus Stand cracked within a week of repair.,Public Works Department
plot boundaries changed illegally n market.,Development Authority
No acknowledgment received for complaint submitted last week.,CM Office (Miscellaneous)
Newly constructed footpath at School already broken.,Public Works Department
No sanitation workers seen for a week at Temple.,Municipal
Department staff being rude and unhelpful.,CM Office (Miscellaneous)
Plot boundaries changed illegally near Main Road.,Development Authority
department staff being rude and unhelpful.,CM Office (Miscellaneous)
"streetlight not working in school, unsafe @ night.",Municipal
Frequent traffic jams near School.,Transport
Officials not responding to grievance at Highway.,CM Office (Miscellaneous)
Street repair left incomplete at Hospital.,Public Works Department
Public nuisance by drunk people at Main Road.,Police
road @ metro st@ion has deep potholes causing accidents.,Public Works Department
Bus stop shelter at Highway damaged and unsafe.,Transport
"road divider missing n colony, causing accidents.",Transport
No sanitation workers seen for a week at Market.,Municipal
Heavy vehicles blocking main road near Hospital.,Transport
Traffic signal malfunctioning near Hospital.,Transport
Suspicious activities happening around Highway every night.,Police
"Road divider missing near School, causing accidents.",Transport
Water supply disrupted since 13 days in Highway.,Municipal
Traffic signal malfunctioning near Highway. pls do something asap!,Transport
Plot boundaries changed illegally near Temple.,Development Authority
Heavy vehicles blocking main road near Temple.,Transport
buses not stopping @ highway despite schedule.,Transport
Broken road divider at Park creating risk for vehicles.,Public Works Department
Chain snatching reported yesterday near Market.,Police
Still waiting for action on request raised 9 days ago.,CM Office (Miscellaneous)
Online complaint portal not working for several days.,CM Office (Miscellaneous)
Frequent delays in public buses at Market.,Transport
suspicious activities happening around hospital every night.,Police
Public toilet at Temple is dirty and broken.,Municipal
Frequent traffic jams near School.,Transport
Officials not responding to grievance at Bus Stand.,CM Office (Miscellaneous)
Chain snatching reported yesterday near School.,Police
Unauthorized shops set up near Colony.,Development Authority
Footpath tiles uneven and dangerous near Highway.,Public Works Department
Road at Temple has deep potholes causing accidents.,Public Works Department
Stray dogs attacking people near School.,Municipal
"Theft occurred at Temple, no police arrived yet.",Police
Public toilet at Main Road is dirty and broken.,Municipal
"Drainage overflow at Park, foul smell everywhere.",Municipal
No acknowledgment received for complaint submitted last week.,CM Office (Miscellaneous)
Suspicious activities happening around Park every night.,Police
"Loud music playing late night at Colony, no action taken.",Police
Garbage not collected for 10 days near Highway.,Municipal
land dispute reported @ metro st@ion.,Development Authority
"Road divider missing near Temple, causing accidents.",Transport
Online complaint portal not working for several days.,CM Office (Miscellaneous)
Road at Temple has deep potholes causing accidents.,Public Works Department
Road at Bus Stand has deep potholes causing accidents.,Public Works Department
Buses not stopping at Main Road despite schedule.,Transport
Grievance No. CM8291 pending without update.,CM Office (Miscellaneous)
Buses not stopping at School despite schedule.,Transport
Buses not stopping at School despite schedule.,Transport
Filed complaint weeks ago but no response received.,CM Office (Miscellaneous)
"Loud music playing late night at Highway, no action taken.",Police
Stray dogs attacking people near Main Road.,Municipal
Building being constructed without permission near Temple.,Development Authority
Online complaint portal not working for several days.,CM Office (Miscellaneous)
Newly constructed footpath at Highway already broken.,Public Works Department
Footpath tiles uneven and dangerous near Main Road. pls do something asap!,Public Works Department
Stray dogs attacking people near Colony.,Municipal
Cement road at Main Road cracked within a week of repair.,Public Works Department
"Loud music playing late night at Highway, no action taken.",Police
Open manhole causing danger near Metro Station.,Municipal
Buses not stopping at Hospital despite schedule.,Transport
Building being constructed without permission near Bus Stand.,Development Authority
Bus stop shelter at Temple damaged and unsafe.,Transport
Stray dogs attacking people near Colony.,Municipal
open manhole causing danger n hospital.,Municipal
Plot boundaries changed illegally near School.,Development Authority
Illegal hoardings at Bus Stand causing obstruction.,Development Authority
Plot boundaries changed illegally near Park.,Development Authority
No acknowledgment received for complaint submitted last week.,CM Office (Miscellaneous)
Heavy vehicles blocking main road near Temple.,Transport
Repeated complaints ignored by department.,CM Office (Miscellaneous)
Public toilet at Market is dirty and broken.,Municipal
Grievance No. CM2232 pending without update.,CM Office (Miscellaneous)
"Drainage overflow at Hospital, foul smell everywhere.",Municipal
"road divider missing n main road, causing accidents.",Transport
Newly constructed footpath at Temple already broken.,Public Works Department
"Drainage overflow at Colony, foul smell everywhere.",Municipal
officials not responding to grievance @ bus stand.,CM Office (Miscellaneous)
"Streetlight not working in Main Road, unsafe at night. pls do something asap!",Municipal
Land dispute reported at Bus Stand.,Development Authority
"Loud music playing late night at Hospital, no action taken.",Police
No sanitation workers seen for a week at School.,Municipal
online complaint portal not working fr several days.,CM Office (Miscellaneous)
"Loud music playing late night at Hospital, no action taken. pls do something asap!",Police
Road at School has deep potholes causing accidents. pls do something asap!,Public Works Department
bus stop shelter @ colony damaged and unsafe.,Transport
Suspicious activities happening around Temple every night.,Police
Cement road at Bus Stand cracked within a week of repair.,Public Works Department
Still waiting for action on request raised 14 days ago.,CM Office (Miscellaneous)
Chain snatching reported yesterday near Park.,Police
Suspicious activities happening around Highway every night.,Police
"Theft occurred at Park, no police arrived yet.",Police
plot boundaries changed illegally n market.,Development Authority
Officials not responding to grievance at Colony.,CM Office (Miscellaneous)
Heavy vehicles blocking main road near Highway.,Transport
Department staff being rude and unhelpful. pls do something asap!,CM Office (Miscellaneous)
Auto drivers overcharging passengers near School.,Transport
Street repair left incomplete at Colony.,Public Works Department
Repeated complaints ignored by department.,CM Office (Miscellaneous)
Department staff being rude and unhelpful.,CM Office (Miscellaneous)
No acknowledgment received for complaint submitted last week. pls do something asap!,CM Office (Miscellaneous)
Frequent delays in public buses at Bus Stand.,Transport
Auto drivers overcharging passengers near Main Road.,Transport
"Streetlight not working in Main Road, unsafe at night.",Municipal
Still waiting for action on request raised 7 days ago.,CM Office (Miscellaneous)
No acknowledgment received for complaint submitted last week.,CM Office (Miscellaneous)
Chain snatching reported yesterday near Colony.,Police
drainage blocked n temple causing flooding.,Public Works Department
Garbage not collected for 12 days near Temple.,Municipal
Frequent traffic jams near School. pls do something asap!,Transport
open manhole causing danger n main road.,Municipal
Plot boundaries changed illegally near Hospital. pls do something asap!,Development Authority
buses not stopping @ park despite schedule.,Transport
Road at School has deep potholes causing accidents. pls do something asap!,Public Works Department
Land dispute reported at Highway.,Development Authority
No acknowledgment received for complaint submitted last week.,CM Office (Miscellaneous)
chain sn@ching reported yesterday n school.,Police
Building being constructed without permission near Hospital.,Development Authority
Bus stop shelter at Bus Stand damaged and unsafe.,Transport
land dispute reported @ highway.,Development Authority
Open manhole causing danger near Hospital.,Municipal
Frequent traffic jams near Highway.,Transport
Grievance No. CM9967 pending without update.,CM Office (Miscellaneous)
"road divider missing n temple, causing accidents.",Transport
Traffic signal malfunctioning near School.,Transport
Public toilet at Metro Station is dirty and broken.,Municipal
"Drainage overflow at Temple, foul smell everywhere.",Municipal
Chain snatching reported yesterday near Highway.,Police
public toilet @ highway is dirty and broken.,Municipal
Unauthorized shops set up near Park.,Development Authority
"road divider missing n market, causing accidents.",Transport
Illegal construction at Main Road blocking road access.,Development Authority
newly constructed footp@h @ metro st@ion already broken.,Public Works Department
group of men harassing women n metro st@ion.,Police
frequent traffic jams n temple.,Transport
"Burglary reported at Bus Stand, no investigation done.",Police
Suspicious activities happening around Colony every night.,Police
Heavy vehicles blocking main road near Hospital.,Transport
Land dispute reported at Hospital.,Development Authority
Plot boundaries changed illegally near Main Road.,Development Authority
Officials not responding to grievance at Hospital.,CM Office (Miscellaneous)
Dumping of debris on open land near Market.,Development Authority
newly constructed footp@h @ market already broken. pls do something asap!,Public Works Department
Unauthorized shops set up near Metro Station.,Development Authority
Illegal construction at Highway blocking road access.,Development Authority
Public nuisance by drunk people at Bus Stand.,Police
"Streetlight not working in Park, unsafe at night.",Municipal
Heavy vehicles blocking main road near Bus Stand.,Transport
Broken road divider at School creating risk for vehicles. pls do something asap!,Public Works Department
Online complaint portal not working for several days.,CM Office (Miscellaneous)
Public nuisance by drunk people at Metro Station.,Police
No sanitation workers seen for a week at Temple.,Municipal
stray dogs @tacking people n colony.,Municipal
Dumping of debris on open land near School.,Development Authority
Online complaint portal not working for several days.,CM Office (Miscellaneous)
Still waiting for action on request raised 2 days ago.,CM Office (Miscellaneous)
grievance no. cm9705 pending without upd@e.,CM Office (Miscellaneous)
Unauthorized shops set up near Bus Stand.,Development Authority
Open manhole causing danger near Bus Stand.,Municipal
"Loud music playing late night at Colony, no action taken.",Police
Unauthorized shops set up near Main Road.,Development Authority
"Road divider missing near Main Road, causing accidents.",Transport
Footpath tiles uneven and dangerous near School.,Public Works Department
"Loud music playing late night at Highway, no action taken.",Police
No sanitation workers seen for a week at Park. pls do something asap!,Municipal
Garbage not collected for 4 days near Park.,Municipal
Building being constructed without permission near Market.,Development Authority
Open manhole causing danger near Colony.,Municipal
Assault reported outside Temple.,Police
Suspicious activities happening around Park every night. pls do something asap!,Police
Newly constructed footpath at Bus Stand already broken.,Public Works Department
Building being constructed without permission near Metro Station.,Development Authority
Chain snatching reported yesterday near Main Road.,Police
Garbage not collected for 7 days near Colony.,Municipal
building being constructed without permission n main road.,Development Authority
Building being constructed without permission near School.,Development Authority
Traffic signal malfunctioning near Park.,Transport
"Road divider missing near Colony, causing accidents.",Transport
Group of men harassing women near School.,Police
"Loud music playing late night at Bus Stand, no action taken.",Police
Overhead bridge construction delayed near Park.,Public Works Department
Assault reported outside Colony.,Police
"Burglary reported at Metro Station, no investigation done.",Police
"Road divider missing near Metro Station, causing accidents.",Transport
Officials not responding to grievance at Colony.,CM Office (Miscellaneous)
Illegal hoardings at Highway causing obstruction.,Development Authority
Heavy vehicles blocking main road near Hospital.,Transport
Garbage not collected for 10 days near Colony.,Municipal
"Burglary reported at Metro Station, no investigation done.",Police
Dumping of debris on open land near Temple.,Development Authority
Footpath tiles uneven and dangerous near Highway.,Public Works Department
No sanitation workers seen for a week at Bus Stand.,Municipal
group of men harassing women n highway. pls do something asap!,Police
group of men harassing women n park.,Police
"loud music playing l@e night @ school, no action taken.",Police
Public toilet at Main Road is dirty and broken.,Municipal
Auto drivers overcharging passengers near Market.,Transport
"Drainage overflow at School, foul smell everywhere.",Municipal
encroachment on government land n market.,Development Authority
Grievance No. CM4426 pending without update.,CM Office (Miscellaneous)
Filed complaint weeks ago but no response received.,CM Office (Miscellaneous)
online complaint portal not working fr several days.,CM Office (Miscellaneous)
"Drainage overflow at Main Road, foul smell everywhere. pls do something asap!",Municipal
Department staff being rude and unhelpful. pls do something asap!,CM Office (Miscellaneous)
Street repair left incomplete at Main Road.,Public Works Department
"Road divider missing near Park, causing accidents.",Transport
Heavy vehicles blocking main road near Highway.,Transport
Footpath tiles uneven and dangerous near Main Road. pls do something asap!,Public Works Department
Buses not stopping at Metro Station despite schedule.,Transport
"Drainage overflow at School, foul smell everywhere.",Municipal
Garbage not collected for 14 days near Metro Station.,Municipal
Online complaint portal not working for several days.,CM Office (Miscellaneous)
Frequent traffic jams near Colony.,Transport
Grievance No. CM6187 pending without update.,CM Office (Miscellaneous)
Frequent delays in public buses at School.,Transport
"Burglary reported at Metro Station, no investigation done.",Police
"Road divider missing near Main Road, causing accidents.",Transport
Assault reported outside School. pls do something asap!,Police
Building being constructed without permission near Metro Station. pls do something asap!,Development Authority
"Streetlight not working in Bus Stand, unsafe at night.",Municipal
"Drainage overflow at Temple, foul smell everywhere.",Municipal
Dumping of debris on open land near Bus Stand.,Development Authority
Assault reported outside Metro Station.,Police
Chain snatching reported yesterday near Metro Station.,Police
Still waiting for action on request raised 11 days ago.,CM Office (Miscellaneous)
Garbage not collected for 11 days near Hospital.,Municipal
Road at Temple has deep potholes causing accidents.,Public Works Department
"Road divider missing near School, causing accidents.",Transport
Land dispute reported at Market.,Development Authority
Bus stop shelter at School damaged and unsafe.,Transport
Heavy vehicles blocking main road near Bus Stand.,Transport
Auto drivers overcharging passengers near School.,Transport
"Burglary reported at School, no investigation done.",Police
"Road divider missing near Park, causing accidents.",Transport
Illegal hoardings at Bus Stand causing obstruction.,Development Authority
Suspicious activities happening around Main Road every night.,Police
Encroachment on government land near Market.,Development Authority
Broken road divider at Market creating risk for vehicles.,Public Works Department
Stray dogs attacking people near Temple.,Municipal
Public nuisance by drunk people at School.,Police
Water supply disrupted since 2 days in Hospital.,Municipal
Newly constructed footpath at Park already broken.,Public Works Department
Stray dogs attacking people near Colony.,Municipal
chain sn@ching reported yesterday n highway.,Police
Encroachment on government land near Colony.,Development Authority
Street repair left incomplete at Market.,Public Works Department
Department staff being rude and unhelpful.,CM Office (Miscellaneous)
Auto drivers overcharging passengers near Bus Stand.,Transport
"Streetlight not working in Main Road, unsafe at night.",Municipal
Broken road divider at Market creating risk for vehicles.,Public Works Department
Filed complaint weeks ago but no response received.,CM Office (Miscellaneous)
Frequent traffic jams near Park.,Transport
Unauthorized shops set up near Temple.,Development Authority
frequent traffic jams n school.,Transport
Land dispute reported at Main Road.,Development Authority
"Burglary reported at Market, no investigation done.",Police
Filed complaint weeks ago but no response received.,CM Office (Miscellaneous)
Grievance No. CM4293 pending without update.,CM Office (Miscellaneous)
Auto drivers overcharging passengers near Metro Station.,Transport
Newly constructed footpath at Highway already broken.,Public Works Department
heavy vehicles blocking main road n temple.,Transport
Chain snatching reported yesterday near School.,Police
Building being constructed without permission near Market.,Development Authority
Encroachment on government land near Park.,Development Authority
"Road divider missing near Hospital, causing accidents.",Transport
Illegal hoardings at Metro Station causing obstruction.,Development Authority
Broken road divider at Temple creating risk for vehicles.,Public Works Department
Stray dogs attacking people near Highway.,Municipal
Frequent delays in public buses at Main Road.,Transport
Frequent delays in public buses at Main Road.,Transport
Online complaint portal not working for several days.,CM Office (Miscellaneous)
Plot boundaries changed illegally near Market.,Development Authority
"theft occurred @ school, no police arrived yet.",Police
"streetlight not working in hospital, unsafe @ night. pls do something asap!",Municipal
Cement road at Park cracked within a week of repair.,Public Works Department
Encroachment on government land near Colony.,Development Authority
Drainage blocked near School causing flooding.,Public Works Department
Overhead bridge construction delayed near School.,Public Works Department
Grievance No. CM7052 pending without update.,CM Office (Miscellaneous)
Public toilet at Market is dirty and broken.,Municipal
"streetlight not working in main road, unsafe @ night.",Municipal
Illegal hoardings at Market causing obstruction.,Development Authority
"Road divider missing near Temple, causing accidents.",Transport
Filed complaint weeks ago but no response received.,CM Office (Miscellaneous)
Public nuisance by drunk people at Park.,Police
Road at Market has deep potholes causing accidents.,Public Works Department
Unauthorized shops set up near Metro Station.,Development Authority
traffic signal malfunctioning n highway.,Transport
Newly constructed footpath at Main Road already broken.,Public Works Department
"burglary reported @ park, no investig@ion done.",Police
Online complaint portal not working for several days.,CM Office (Miscellaneous)
"Loud music playing late night at Metro Station, no action taken.",Police
Illegal construction at School blocking road access.,Development Authority
Auto drivers overcharging passengers near Market.,Transport
Illegal hoardings at Park causing obstruction.,Development Authority
Frequent delays in public buses at Temple.,Transport
"Burglary reported at Colony, no investigation done.",Police
Group of men harassing women near Temple.,Police
w@er supply disrupted since 2 days in main road.,Municipal
Illegal hoardings at School causing obstruction.,Development Authority
"theft occurred @ main road, no police arrived yet.",Police
Public nuisance by drunk people at Hospital.,Police
Grievance No. CM6787 pending without update. pls do something asap!,CM Office (Miscellaneous)
"Road divider missing near Colony, causing accidents. pls do something asap!",Transport
Unauthorized shops set up near Main Road.,Development Authority
Department staff being rude and unhelpful.,CM Office (Miscellaneous)
Suspicious activities happening around Park every night.,Police
Footpath tiles uneven and dangerous near Temple.,Public Works Department
Department staff being rude and unhelpful.,CM Office (Miscellaneous)
Broken road divider at Highway creating risk for vehicles.,Public Works Department
Traffic signal malfunctioning near Main Road.,Transport
Frequent traffic jams near Temple.,Transport
newly constructed footp@h @ temple already broken.,Public Works Department
Stray dogs attacking people near Market.,Municipal
Assault reported outside Metro Station.,Police
No sanitation workers seen for a week at Main Road.,Municipal
Officials not responding to grievance at Metro Station.,CM Office (Miscellaneous)
Newly constructed footpath at Highway already broken.,Public Works Department
Water supply disrupted since 9 days in Hospital.,Municipal
"Drainage overflow at Park, foul smell everywhere.",Municipal
"Loud music playing late night at Colony, no action taken.",Police
"Road divider missing near School, causing accidents. pls do something asap!",Transport
Public nuisance by drunk people at Temple. pls do something asap!,Police
Newly constructed footpath at Highway already broken.,Public Works Department
Unauthorized shops set up near Metro Station.,Development Authority
Assault reported outside Market.,Police
Repeated complaints ignored by department.,CM Office (Miscellaneous)
Street repair left incomplete at Hospital.,Public Works Department
Building being constructed without permission near Metro Station.,Development Authority
Land dispute reported at Metro Station.,Development Authority
Public toilet at Temple is dirty and broken.,Municipal
Assault reported outside Colony.,Police
stray dogs @tacking people n school.,Municipal
Newly constructed footpath at Main Road already broken.,Public Works Department
Stray dogs attacking people near Park.,Municipal
Open manhole causing danger near Main Road.,Municipal
No sanitation workers seen for a week at Hospital.,Municipal
Overhead bridge construction delayed near Temple.,Public Works Department
open manhole causing danger n school.,Municipal
Plot boundaries changed illegally near Metro Station.,Development Authority
Auto drivers overcharging passengers near Hospital.,Transport
Public nuisance by drunk people at Park.,Police
Buses not stopping at Hospital despite schedule.,Transport
Bus stop shelter at Temple damaged and unsafe.,Transport
unauthorized shops set up n highway.,Development Authority
"Streetlight not working in Metro Station, unsafe at night.",Municipal
department staff being rude and unhelpful.,CM Office (Miscellaneous)
Open manhole causing danger near Highway.,Municipal
Overhead bridge construction delayed near Temple.,Public Works Department
"streetlight not working in bus stand, unsafe @ night.",Municipal
Auto drivers overcharging passengers near Market.,Transport
chain sn@ching reported yesterday n school.,Police
"Theft occurred at Colony, no police arrived yet.",Police
Garbage not collected for 10 days near Main Road.,Municipal
Still waiting for action on request raised 6 days ago.,CM Office (Miscellaneous)
Assault reported outside Temple.,Police
filed complaint weeks ago but no response received.,CM Office (Miscellaneous)
"Loud music playing late night at Hospital, no action taken.",Police
"drainage overflow @ market, foul smell everywhere.",Municipal
Drainage blocked near School causing flooding.,Public Works Department
"drainage overflow @ school, foul smell everywhere.",Municipal
Repeated complaints ignored by department.,CM Office (Miscellaneous)
Dumping of debris on open land near Hospital.,Development Authority
public toilet @ metro st@ion is dirty and broken.,Municipal
encroachment on government land n school.,Development Authority
land dispute reported @ park.,Development Authority
"Theft occurred at Main Road, no police arrived yet.",Police
Road at Temple has deep potholes causing accidents.,Public Works Department
"Burglary reported at Hospital, no investigation done.",Police
Auto drivers overcharging passengers near Hospital.,Transport
Assault reported outside Market.,Police
Frequent delays in public buses at Park.,Transport
Frequent traffic jams near Colony.,Transport
no acknowledgment received fr complaint submitted last week.,CM Office (Miscellaneous)
Auto drivers overcharging passengers near Market.,Transport
Road at Park has deep potholes causing accidents.,Public Works Department
online complaint portal not working fr several days.,CM Office (Miscellaneous)
"Burglary reported at Colony, no investigation done.",Police
Chain snatching reported yesterday near Hospital.,Police
Filed complaint weeks ago but no response received.,CM Office (Miscellaneous)
Frequent delays in public buses at Metro Station.,Transport
"Drainage overflow at Bus Stand, foul smell everywhere. pls do something asap!",Municipal
Unauthorized shops set up near Main Road.,Development Authority
public toilet @ temple is dirty and broken.,Municipal
Assault reported outside Market.,Police
Heavy vehicles blocking main road near Park.,Transport
online complaint portal not working fr several days.,CM Office (Miscellaneous)
Group of men harassing women near Temple. pls do something asap!,Police
no acknowledgment received fr complaint submitted last week.,CM Office (Miscellaneous)
"Burglary reported at Park, no investigation done.",Police
Bus stop shelter at Main Road damaged and unsafe.,Transport
Drainage blocked near Metro Station causing flooding.,Public Works Department
Still waiting for action on request raised 2 days ago.,CM Office (Miscellaneous)
Drainage blocked near School causing flooding.,Public Works Department
Chain snatching reported yesterday near Market.,Police
Assault reported outside Temple.,Police
group of men harassing women n main road.,Police
Stray dogs attacking people near Temple.,Municipal
Street repair left incomplete at School.,Public Works Department
Encroachment on government land near Park.,Development Authority
Public nuisance by drunk people at Highway.,Police
Suspicious activities happening around School every night.,Police
Chain snatching reported yesterday near Highway.,Police
Road at Main Road has deep potholes causing accidents.,Public Works Department
No acknowledgment received for complaint submitted last week.,CM Office (Miscellaneous)
Stray dogs attacking people near Bus Stand.,Municipal
Land dispute reported at Hospital.,Development Authority
Department staff being rude and unhelpful.,CM Office (Miscellaneous)
Still waiting for action on request raised 8 days ago.,CM Office (Miscellaneous)
Overhead bridge construction delayed near Main Road.,Public Works Department
cement road @ temple cracked within a week of repair.,Public Works Department
Encroachment on government land near School.,Development Authority
Group of men harassing women near Bus Stand.,Police
Garbage not collected for 6 days near Temple.,Municipal
Filed complaint weeks ago but no response received.,CM Office (Miscellaneous)
Repeated complaints ignored by department.,CM Office (Miscellaneous)
Online complaint portal not working for several days.,CM Office (Miscellaneous)
Building being constructed without permission near Highway.,Development Authority
Unauthorized shops set up near Colony.,Development Authority
Heavy vehicles blocking main road near Metro Station.,Transport
Public toilet at Highway is dirty and broken. pls do something asap!,Municipal
Garbage not collected for 5 days near Main Road. pls do something asap!,Municipal
Unauthorized shops set up near Market.,Development Authority
Auto drivers overcharging passengers near Highway.,Transport
Street repair left incomplete at Park.,Public Works Department
Footpath tiles uneven and dangerous near Colony.,Public Works Department
Department staff being rude and unhelpful.,CM Office (Miscellaneous)
"Loud music playing late night at Park, no action taken.",Police
Illegal construction at Bus Stand blocking road access. pls do something asap!,Development Authority
Newly constructed footpath at Highway already broken.,Public Works Department
Water supply disrupted since 12 days in Market.,Municipal
Drainage blocked near Bus Stand causing flooding.,Public Works Department
Road at Hospital has deep potholes causing accidents.,Public Works Department
Public toilet at Park is dirty and broken.,Municipal
"Road divider missing near Colony, causing accidents.",Transport
Public toilet at Park is dirty and broken.,Municipal
group of men harassing women n hospital.,Police
footp@h tiles uneven and dangerous n colony. pls do something asap!,Public Works Department
Auto drivers overcharging passengers near Temple.,Transport
Open manhole causing danger near Highway.,Municipal
Auto drivers overcharging passengers near Hospital.,Transport
Group of men harassing women near School.,Police
Frequent traffic jams near Main Road.,Transport
Footpath tiles uneven and dangerous near Highway. pls do something asap!,Public Works Department
Department staff being rude and unhelpful.,CM Office (Miscellaneous)
Suspicious activities happening around Highway every night.,Police
"Loud music playing late night at Bus Stand, no action taken.",Police
Chain snatching reported yesterday near Temple.,Police
Online complaint portal not working for several days.,CM Office (Miscellaneous)
Grievance No. CM4019 pending without update.,CM Office (Miscellaneous)
Department staff being rude and unhelpful.,CM Office (Miscellaneous)
Broken road divider at Metro Station creating risk for vehicles.,Public Works Department
Road at Highway has deep potholes causing accidents.,Public Works Department
Encroachment on government land near School.,Development Authority
Drainage blocked near Metro Station causing flooding.,Public Works Department
Frequent traffic jams near Bus Stand.,Transport
"Streetlight not working in Metro Station, unsafe at night.",Municipal
Drainage blocked near School causing flooding.,Public Works Department
"Loud music playing late night at Main Road, no action taken.",Police
Road at School has deep potholes causing accidents.,Public Works Department
Frequent traffic jams near Metro Station. pls do something asap!,Transport
"Streetlight not working in Metro Station, unsafe at night.",Municipal
Group of men harassing women near Bus Stand.,Police
Heavy vehicles blocking main road near Metro Station.,Transport
Frequent delays in public buses at Hospital. pls do something asap!,Transport
Assault reported outside Market.,Police
still waiting fr action on request raised 7 days ago.,CM Office (Miscellaneous)
w@er supply disrupted since 7 days in colony.,Municipal
Building being constructed without permission near Temple.,Development Authority
suspicious activities happening around main road every night.,Police
Chain snatching reported yesterday near Market.,Police
garbage not collected fr 13 days n park.,Municipal
Chain snatching reported yesterday near Park.,Police
Water supply disrupted since 2 days in Highway.,Municipal
Open manhole causing danger near Hospital.,Municipal
Public toilet at Main Road is dirty and broken.,Municipal
traffic signal malfunctioning n hospital.,Transport
Group of men harassing women near Park. pls do something asap!,Police
illegal hoardings @ temple causing obstruction.,Development Authority
Assault reported outside Temple.,Police
Garbage not collected for 7 days near Metro Station.,Municipal
Newly constructed footpath at Main Road already broken.,Public Works Department
Plot boundaries changed illegally near Main Road.,Development Authority
grievance no. cm9004 pending without upd@e.,CM Office (Miscellaneous)
"Loud music playing late night at Temple, no action taken.",Police
"loud music playing l@e night @ temple, no action taken.",Police
Bus stop shelter at Park damaged and unsafe.,Transport
Building being constructed without permission near Metro Station. pls do something asap!,Development Authority
Frequent traffic jams near Colony.,Transport
Drainage blocked near Park causing flooding.,Public Works Department
Water supply disrupted since 5 days in Colony.,Municipal
Water supply disrupted since 8 days in Colony.,Municipal
Auto drivers overcharging passengers near Highway.,Transport
Encroachment on government land near Park. pls do something asap!,Development Authority
Illegal hoardings at Temple causing obstruction.,Development Authority
No acknowledgment received for complaint submitted last week.,CM Office (Miscellaneous)
No acknowledgment received for complaint submitted last week.,CM Office (Miscellaneous)
Filed complaint weeks ago but no response received.,CM Office (Miscellaneous)
unauthorized shops set up n bus stand.,Development Authority
Assault reported outside Hospital.,Police
Street repair left incomplete at Park.,Public Works Department
Frequent delays in public buses at Market.,Transport
"Loud music playing late night at Park, no action taken.",Police
"Drainage overflow at Park, foul smell everywhere.",Municipal
Assault reported outside Temple. pls do something asap!,Police
Road at Park has deep potholes causing accidents.,Public Works Department
Filed complaint weeks ago but no response received.,CM Office (Miscellaneous)
Bus stop shelter at Main Road damaged and unsafe. pls do something asap!,Transport
Illegal construction at Colony blocking road access.,Development Authority
Illegal construction at Highway blocking road access.,Development Authority
No acknowledgment received for complaint submitted last week.,CM Office (Miscellaneous)
Grievance No. CM2075 pending without update.,CM Office (Miscellaneous)
grievance no. cm2330 pending without upd@e.,CM Office (Miscellaneous)
chain sn@ching reported yesterday n bus stand.,Police
Group of men harassing women near Bus Stand. pls do something asap!,Police
Public nuisance by drunk people at School.,Police
Suspicious activities happening around Market every night.,Police
Online complaint portal not working for several days. pls do something asap!,CM Office (Miscellaneous)
cement road @ hospital cracked within a week of repair.,Public Works Department
Frequent delays in public buses at Market.,Transport
Online complaint portal not working for several days.,CM Office (Miscellaneous)
No acknowledgment received for complaint submitted last week. pls do something asap!,CM Office (Miscellaneous)
Land dispute reported at Highway.,Development Authority
Frequent delays in public buses at Park.,Transport
"Burglary reported at School, no investigation done.",Police
Frequent delays in public buses at School.,Transport
Suspicious activities happening around Colony every night.,Police
Auto drivers overcharging passengers near Bus Stand.,Transport
"Streetlight not working in Highway, unsafe at night.",Municipal
Assault reported outside Hospital.,Police
"Streetlight not working in Main Road, unsafe at night.",Municipal
Illegal construction at Highway blocking road access.,Development Authority
Officials not responding to grievance at School.,CM Office (Miscellaneous)
No sanitation workers seen for a week at Bus Stand.,Municipal
Open manhole causing danger near Temple.,Municipal
Assault reported outside Main Road.,Police
Open manhole causing danger near Market.,Municipal
Land dispute reported at School.,Development Authority
Suspicious activities happening around Bus Stand every night.,Police
"drainage overflow @ colony, foul smell everywhere.",Municipal
Building being constructed without permission near Market.,Development Authority
Building being constructed without permission near Market.,Development Authority
Grievance No. CM7769 pending without update. pls do something asap!,CM Office (Miscellaneous)
"Loud music playing late night at Metro Station, no action taken.",Police
Unauthorized shops set up near Temple.,Development Authority
Filed complaint weeks ago but no response received.,CM Office (Miscellaneous)
"Streetlight not working in Park, unsafe at night.",Municipal
no sanit@ion workers seen fr a week @ park.,Municipal
Encroachment on government land near Temple.,Development Authority
Officials not responding to grievance at Highway.,CM Office (Miscellaneous)
Department staff being rude and unhelpful. pls do something asap!,CM Office (Miscellaneous)
Chain snatching reported yesterday near School.,Police
unauthorized shops set up n main road. pls do something asap!,Development Authority
Assault reported outside Colony.,Police
suspicious activities happening around colony every night.,Police
Illegal hoardings at Bus Stand causing obstruction.,Development Authority
Unauthorized shops set up near Main Road.,Development Authority
drainage blocked n colony causing flooding. pls do something asap!,Public Works Department
Overhead bridge construction delayed near Bus Stand.,Public Works Department
Buses not stopping at Park despite schedule. pls do something asap!,Transport
Heavy vehicles blocking main road near Hospital.,Transport
"Streetlight not working in Bus Stand, unsafe at night.",Municipal
Chain snatching reported yesterday near Highway.,Police
Dumping of debris on open land near Bus Stand.,Development Authority
public toilet @ highway is dirty and broken.,Municipal
Dumping of debris on open land near Main Road. pls do something asap!,Development Authority
heavy vehicles blocking main road n park.,Transport
"road divider missing n metro st@ion, causing accidents.",Transport
Water supply disrupted since 8 days in Park.,Municipal
overhead bridge construction delayed n market. pls do something asap!,Public Works Department
Road at Highway has deep potholes causing accidents. pls do something asap!,Public Works Department
Suspicious activities happening around Main Road every night. pls do something asap!,Police
Public toilet at Bus Stand is dirty and broken.,Municipal
Auto drivers overcharging passengers near Main Road.,Transport
Auto drivers overcharging passengers near Main Road. pls do something asap!,Transport
Group of men harassing women near Park.,Police
Garbage not collected for 12 days near School.,Municipal
buses not stopping @ park despite schedule.,Transport
"Streetlight not working in Park, unsafe at night.",Municipal
Filed complaint weeks ago but no response received.,CM Office (Miscellaneous)
Broken road divider at Bus Stand creating risk for vehicles.,Public Works Department
Street repair left incomplete at Highway.,Public Works Department
Frequent traffic jams near Main Road. pls do something asap!,Transport
Plot boundaries changed illegally near Metro Station.,Development Authority
Overhead bridge construction delayed near School.,Public Works Department
Plot boundaries changed illegally near Colony.,Development Authority
Buses not stopping at Bus Stand despite schedule.,Transport
"Drainage overflow at Highway, foul smell everywhere.",Municipal
Frequent delays in public buses at Temple.,Transport
Chain snatching reported yesterday near School. pls do something asap!,Police
Buses not stopping at Metro Station despite schedule.,Transport
Newly constructed footpath at Park already broken.,Public Works Department
public nuisance by drunk people @ school.,Police
Department staff being rude and unhelpful.,CM Office (Miscellaneous)
Bus stop shelter at Hospital damaged and unsafe.,Transport
Overhead bridge construction delayed near Highway.,Public Works Department
Newly constructed footpath at Temple already broken.,Public Works Department
cement road @ park cracked within a week of repair.,Public Works Department
Garbage not collected for 12 days near Market.,Municipal
Frequent traffic jams near Highway. pls do something asap!,Transport
No sanitation workers seen for a week at Highway.,Municipal
Frequent delays in public buses at Bus Stand.,Transport
Buses not stopping at Hospital despite schedule.,Transport
Grievance No. CM1546 pending without update.,CM Office (Miscellaneous)
Suspicious activities happening around School every night. pls do something asap!,Police
Public toilet at Metro Station is dirty and broken. pls do something asap!,Municipal
"Theft occurred at Metro Station, no police arrived yet.",Police
Grievance No. CM5226 pending without update. pls do something asap!,CM Office (Miscellaneous)
group of men harassing women n temple.,Police
plot boundaries changed illegally n hospital. pls do something asap!,Development Authority
public nuisance by drunk people @ market.,Police
Buses not stopping at Colony despite schedule.,Transport
Officials not responding to grievance at Park.,CM Office (Miscellaneous)
Plot boundaries changed illegally near Metro Station. pls do something asap!,Development Authority
No acknowledgment received for complaint submitted last week.,CM Office (Miscellaneous)
Public toilet at Metro Station is dirty and broken. pls do something asap!,Municipal
Suspicious activities happening around Market every night.,Police
Dumping of debris on open land near Market.,Development Authority
department staff being rude and unhelpful.,CM Office (Miscellaneous)
Traffic signal malfunctioning near Hospital.,Transport
Online complaint portal not working for several days.,CM Office (Miscellaneous)
broken road divider @ market cre@ing risk fr vehicles.,Public Works Department
Garbage not collected for 9 days near Hospital.,Municipal
Cement road at Park cracked within a week of repair.,Public Works Department
Department staff being rude and unhelpful.,CM Office (Miscellaneous)
"burglary reported @ bus stand, no investig@ion done.",Police
Still waiting for action on request raised 12 days ago.,CM Office (Miscellaneous)
Broken road divider at Bus Stand creating risk for vehicles.,Public Works Department
"Drainage overflow at Market, foul smell everywhere.",Municipal
frequent traffic jams n highway.,Transport
Street repair left incomplete at Bus Stand.,Public Works Department
Water supply disrupted since 5 days in Park.,Municipal
Frequent delays in public buses at Highway.,Transport
Public toilet at Market is dirty and broken.,Municipal
"Loud music playing late night at Hospital, no action taken.",Police
Garbage not collected for 2 days near Park. pls do something asap!,Municipal
Frequent traffic jams near Colony.,Transport
Grievance No. CM5135 pending without update.,CM Office (Miscellaneous)
Grievance No. CM9424 pending without update. pls do something asap!,CM Office (Miscellaneous)
Illegal hoardings at Highway causing obstruction.,Development Authority
Open manhole causing danger near Bus Stand.,Municipal
Garbage not collected for 9 days near Market.,Municipal
Drainage blocked near Metro Station causing flooding. pls do something asap!,Public Works Department
Public nuisance by drunk people at Market.,Police
Dumping of debris on open land near Temple.,Development Authority
Assault reported outside Hospital. pls do something asap!,Police
Assault reported outside Temple.,Police
Traffic signal malfunctioning near Metro Station.,Transport
Building being constructed without permission near Park.,Development Authority
Drainage blocked near Colony causing flooding. pls do something asap!,Public Works Department
Dumping of debris on open land near Highway.,Development Authority
Filed complaint weeks ago but no response received.,CM Office (Miscellaneous)
Officials not responding to grievance at Metro Station. pls do something asap!,CM Office (Miscellaneous)
Grievance No. CM1843 pending without update.,CM Office (Miscellaneous)
Illegal hoardings at Metro Station causing obstruction.,Development Authority
Assault reported outside Market.,Police
Illegal construction at Colony blocking road access.,Development Authority
w@er supply disrupted since 14 days in market.,Municipal
Traffic signal malfunctioning near School.,Transport
Grievance No. CM8337 pending without update.,CM Office (Miscellaneous)
Auto drivers overcharging passengers near Market.,Transport
Group of men harassing women near Hospital.,Police
drainage blocked n hospital causing flooding.,Public Works Department
Department staff being rude and unhelpful.,CM Office (Miscellaneous)
Overhead bridge construction delayed near Market. pls do something asap!,Public Works Department
Online complaint portal not working for several days.,CM Office (Miscellaneous)
Chain snatching reported yesterday near Main Road.,Police
Encroachment on government land near Bus Stand.,Development Authority
Assault reported outside Colony.,Police
"Road divider missing near Hospital, causing accidents.",Transport
Heavy vehicles blocking main road near Main Road.,Transport
Repeated complaints ignored by department.,CM Office (Miscellaneous)
Public nuisance by drunk people at Park.,Police
Drainage blocked near Bus Stand causing flooding.,Public Works Department
frequent delays in public buses @ park.,Transport
Illegal hoardings at Colony causing obstruction.,Development Authority
Auto drivers overcharging passengers near Hospital.,Transport
Repeated complaints ignored by department.,CM Office (Miscellaneous)
Grievance No. CM4596 pending without update.,CM Office (Miscellaneous)
Stray dogs attacking people near Bus Stand.,Municipal
Public nuisance by drunk people at Hospital.,Police
Public toilet at Metro Station is dirty and broken.,Municipal
Filed complaint weeks ago but no response received. pls do something asap!,CM Office (Miscellaneous)
"Road divider missing near Colony, causing accidents.",Transport
Unauthorized shops set up near Hospital. pls do something asap!,Development Authority
Auto drivers overcharging passengers near Highway.,Transport
No sanitation workers seen for a week at Park.,Municipal
Overhead bridge construction delayed near Market.,Public Works Department
Overhead bridge construction delayed near Market. pls do something asap!,Public Works Department
Buses not stopping at Colony despite schedule.,Transport
Unauthorized shops set up near Metro Station.,Development Authority
"Drainage overflow at School, foul smell everywhere.",Municipal
Footpath tiles uneven and dangerous near Main Road.,Public Works Department
Building being constructed without permission near Park. pls do something asap!,Development Authority
"Loud music playing late night at Bus Stand, no action taken.",Police
Stray dogs attacking people near Bus Stand.,Municipal
Group of men harassing women near Temple.,Police
Filed complaint weeks ago but no response received.,CM Office (Miscellaneous)
Heavy vehicles blocking main road near Hospital.,Transport
suspicious activities happening around park every night.,Police
bus stop shelter @ park damaged and unsafe.,Transport
Garbage not collected for 5 days near Temple.,Municipal
frequent delays in public buses @ market.,Transport
No acknowledgment received for complaint submitted last week.,CM Office (Miscellaneous)
Officials not responding to grievance at Metro Station. pls do something asap!,CM Office (Miscellaneous)
Filed complaint weeks ago but no response received.,CM Office (Miscellaneous)
"Drainage overflow at Bus Stand, foul smell everywhere.",Municipal
Traffic signal malfunctioning near Bus Stand.,Transport
Broken road divider at Park creating risk for vehicles.,Public Works Department
suspicious activities happening around park every night.,Police
Frequent delays in public buses at Main Road.,Transport
Overhead bridge construction delayed near Hospital.,Public Works Department
Repeated complaints ignored by department.,CM Office (Miscellaneous)
"Road divider missing near Main Road, causing accidents.",Transport
Building being constructed without permission near Metro Station.,Development Authority
Illegal construction at Main Road blocking road access.,Development Authority
Public nuisance by drunk people at Park.,Police
"Loud music playing late night at Main Road, no action taken. pls do something asap!",Police
"Theft occurred at School, no police arrived yet.",Police
"Loud music playing late night at Temple, no action taken.",Police
Plot boundaries changed illegally near Market.,Development Authority
Filed complaint weeks ago but no response received.,CM Office (Miscellaneous)
Grievance No. CM6125 pending without update. pls do something asap!,CM Office (Miscellaneous)
Chain snatching reported yesterday near School.,Police
department staff being rude and unhelpful.,CM Office (Miscellaneous)
Illegal hoardings at Metro Station causing obstruction.,Development Authority
Broken road divider at Park creating risk for vehicles.,Public Works Department
"Streetlight not working in Market, unsafe at night.",Municipal
Illegal hoardings at Market causing obstruction.,Development Authority
Drainage blocked near Hospital causing flooding.,Public Works Department
"Drainage overflow at Main Road, foul smell everywhere.",Municipal
Buses not stopping at Colony despite schedule.,Transport
road @ market has deep potholes causing accidents.,Public Works Department
"Loud music playing late night at Highway, no action taken.",Police
Illegal construction at School blocking road access.,Development Authority
"Loud music playing late night at Park, no action taken.",Police
Encroachment on government land near Colony.,Development Authority
Land dispute reported at Highway.,Development Authority
No sanitation workers seen for a week at Colony.,Municipal
Overhead bridge construction delayed near Highway.,Public Works Department
"Streetlight not working in Hospital, unsafe at night.",Municipal
Open manhole causing danger near Colony.,Municipal
Drainage blocked near Metro Station causing flooding.,Public Works Department
Unauthorized shops set up near School.,Development Authority
Repeated complaints ignored by department.,CM Office (Miscellaneous)
street repair left incomplete @ metro st@ion.,Public Works Department
Garbage not collected for 5 days near Metro Station.,Municipal
Overhead bridge construction delayed near Main Road.,Public Works Department
Online complaint portal not working for several days.,CM Office (Miscellaneous)
land dispute reported @ school.,Development Authority
Still waiting for action on request raised 7 days ago.,CM Office (Miscellaneous)
Assault reported outside Main Road.,Police
Auto drivers overcharging passengers near Main Road.,Transport
Department staff being rude and unhelpful.,CM Office (Miscellaneous)
Cement road at Bus Stand cracked within a week of repair. pls do something asap!,Public Works Department
buses not stopping @ park despite schedule.,Transport
"Road divider missing near School, causing accidents.",Transport
Bus stop shelter at Main Road damaged and unsafe.,Transport
Cement road at School cracked within a week of repair.,Public Works Department
Frequent delays in public buses at Main Road.,Transport
Group of men harassing women near School.,Police
"Burglary reported at Park, no investigation done.",Police
Newly constructed footpath at Market already broken. pls do something asap!,Public Works Department
Road at Market has deep potholes causing accidents.,Public Works Department
Broken road divider at Metro Station creating risk for vehicles.,Public Works Department
Stray dogs attacking people near Market.,Municipal
frequent delays in public buses @ bus stand.,Transport
Stray dogs attacking people near School.,Municipal
No acknowledgment received for complaint submitted last week.,CM Office (Miscellaneous)
Suspicious activities happening around Market every night.,Police
Land dispute reported at Market.,Development Authority
"Theft occurred at Metro Station, no police arrived yet.",Police
Illegal construction at Main Road blocking road access.,Development Authority
Stray dogs attacking people near Bus Stand.,Municipal
frequent delays in public buses @ market.,Transport
Illegal hoardings at Bus Stand causing obstruction.,Development Authority
Bus stop shelter at Bus Stand damaged and unsafe. pls do something asap!,Transport
Chain snatching reported yesterday near Colony.,Police
stray dogs @tacking people n park.,Municipal
Public nuisance by drunk people at Hospital.,Police
Encroachment on government land near School.,Development Authority
Chain snatching reported yesterday near School.,Police
Public toilet at Metro Station is dirty and broken.,Municipal
Buses not stopping at Temple despite schedule.,Transport
drainage blocked n market causing flooding.,Public Works Department
Building being constructed without permission near Hospital.,Development Authority
Group of men harassing women near Metro Station.,Police
Traffic signal malfunctioning near Bus Stand.,Transport
Newly constructed footpath at Market already broken.,Public Works Department
"Burglary reported at Bus Stand, no investigation done.",Police
Illegal construction at Bus Stand blocking road access.,Development Authority
assault reported outside bus stand. pls do something asap!,Police
frequent traffic jams n park.,Transport
Filed complaint weeks ago but no response received.,CM Office (Miscellaneous)
Auto drivers overcharging passengers near School.,Transport
Open manhole causing danger near Park.,Municipal
"Road divider missing near Main Road, causing accidents.",Transport
"Theft occurred at Park, no police arrived yet.",Police
Grievance No. CM5401 pending without update.,CM Office (Miscellaneous)
Unauthorized shops set up near Highway. pls do something asap!,Development Authority
Stray dogs attacking people near Colony.,Municipal
Stray dogs attacking people near School.,Municipal
"Loud music playing late night at Main Road, no action taken. pls do something asap!",Police
Overhead bridge construction delayed near School.,Public Works Department
No acknowledgment received for complaint submitted last week. pls do something asap!,CM Office (Miscellaneous)
Buses not stopping at Temple despite schedule.,Transport
Bus stop shelter at Market damaged and unsafe.,Transport
Public toilet at Hospital is dirty and broken.,Municipal
Repeated complaints ignored by department.,CM Office (Miscellaneous)
Public nuisance by drunk people at Metro Station.,Police
broken road divider @ bus stand cre@ing risk fr vehicles.,Public Works Department
Drainage blocked near Highway causing flooding.,Public Works Department
"Burglary reported at Hospital, no investigation done.",Police
Department staff being rude and unhelpful.,CM Office (Miscellaneous)
Officials not responding to grievance at Main Road.,CM Office (Miscellaneous)
Assault reported outside Highway. pls do something asap!,Police
Land dispute reported at Colony.,Development Authority
Frequent traffic jams near Metro Station.,Transport
Still waiting for action on request raised 7 days ago.,CM Office (Miscellaneous)
Footpath tiles uneven and dangerous near Main Road.,Public Works Department
overhead bridge construction delayed n hospital.,Public Works Department
bus stop shelter @ colony damaged and unsafe. pls do something asap!,Transport
Open manhole causing danger near Highway.,Municipal
traffic signal malfunctioning n hospital.,Transport
Land dispute reported at Main Road.,Development Authority
Still waiting for action on request raised 9 days ago.,CM Office (Miscellaneous)
Open manhole causing danger near Temple. pls do something asap!,Municipal
Repeated complaints ignored by department.,CM Office (Miscellaneous)
Newly constructed footpath at Park already broken.,Public Works Department
Stray dogs attacking people near School.,Municipal
"Loud music playing late night at Bus Stand, no action taken.",Police
Public nuisance by drunk people at Temple.,Police
grievance no. cm3514 pending without upd@e.,CM Office (Miscellaneous)
Newly constructed footpath at Main Road already broken.,Public Works Department
Group of men harassing women near Metro Station.,Police
newly constructed footp@h @ hospital already broken.,Public Works Department
Filed complaint weeks ago but no response received.,CM Office (Miscellaneous)
Heavy vehicles blocking main road near Main Road.,Transport
Unauthorized shops set up near Hospital.,Development Authority
Public toilet at Main Road is dirty and broken.,Municipal
Stray dogs attacking people near Colony.,Municipal
Building being constructed without permission near Colony.,Development Authority
bus stop shelter @ school damaged and unsafe.,Transport
road @ highway has deep potholes causing accidents.,Public Works Department
Land dispute reported at Hospital.,Development Authority
"loud music playing l@e night @ main road, no action taken.",Police
Road at Hospital has deep potholes causing accidents.,Public Works Department
Building being constructed without permission near Market.,Development Authority
garbage not collected fr 9 days n hospital.,Municipal
Bus stop shelter at Colony damaged and unsafe.,Transport
street repair left incomplete @ highway.,Public Works Department
Newly constructed footpath at Bus Stand already broken.,Public Works Department
"Road divider missing near Main Road, causing accidents.",Transport
Auto drivers overcharging passengers near School.,Transport
Water supply disrupted since 8 days in School.,Municipal
Public nuisance by drunk people at Temple. pls do something asap!,Police
Road at Park has deep potholes causing accidents. pls do something asap!,Public Works Department
Group of men harassing women near Metro Station.,Police
Filed complaint weeks ago but no response received.,CM Office (Miscellaneous)
Illegal hoardings at Colony causing obstruction.,Development Authority
public nuisance by drunk people @ metro st@ion.,Police
Land dispute reported at Main Road.,Development Authority
Frequent traffic jams near Highway.,Transport
Plot boundaries changed illegally near Bus Stand.,Development Authority
Garbage not collected for 4 days near Colony.,Municipal
Online complaint portal not working for several days.,CM Office (Miscellaneous)
"Loud music playing late night at Market, no action taken.",Police
Land dispute reported at School.,Development Authority
public toilet @ park is dirty and broken.,Municipal
No sanitation workers seen for a week at Main Road.,Municipal
Building being constructed without permission near Bus Stand.,Development Authority
Water supply disrupted since 3 days in Market.,Municipal
Assault reported outside Park.,Police
Filed complaint weeks ago but no response received. pls do something asap!,CM Office (Miscellaneous)
Footpath tiles uneven and dangerous near Main Road.,Public Works Department
Street repair left incomplete at Metro Station.,Public Works Department
"Road divider missing near Market, causing accidents.",Transport
Officials not responding to grievance at Metro Station.,CM Office (Miscellaneous)
assault reported outside school.,Police
Road at School has deep potholes causing accidents.,Public Works Department
Chain snatching reported yesterday near School.,Police
Footpath tiles uneven and dangerous near Metro Station.,Public Works Department
Illegal construction at School blocking road access.,Development Authority
No sanitation workers seen for a week at School.,Municipal
Officials not responding to grievance at Colony.,CM Office (Miscellaneous)
Open manhole causing danger near Hospital.,Municipal
Newly constructed footpath at Market already broken.,Public Works Department
Unauthorized shops set up near School.,Development Authority
filed complaint weeks ago but no response received.,CM Office (Miscellaneous)
Still waiting for action on request raised 7 days ago.,CM Office (Miscellaneous)
Road at Metro Station has deep potholes causing accidents.,Public Works Department
Heavy vehicles blocking main road near Park.,Transport
"drainage overflow @ hospital, foul smell everywhere.",Municipal
Public toilet at Market is dirty and broken.,Municipal
Building being constructed without permission near Hospital.,Development Authority
Land dispute reported at Park.,Development Authority
land dispute reported @ school. pls do something asap!,Development Authority
Suspicious activities happening around School every night.,Police
Drainage blocked near Colony causing flooding.,Public Works Department
"Theft occurred at Bus Stand, no police arrived yet.",Police
Frequent traffic jams near Metro Station. pls do something asap!,Transport
online complaint portal not working fr several days.,CM Office (Miscellaneous)
assault reported outside temple.,Police
Building being constructed without permission near Temple.,Development Authority
building being constructed without permission n bus stand.,Development Authority
stray dogs @tacking people n main road.,Municipal
Bus stop shelter at Colony damaged and unsafe.,Transport
Buses not stopping at Highway despite schedule.,Transport
Cement road at Bus Stand cracked within a week of repair.,Public Works Department
"Drainage overflow at Market, foul smell everywhere.",Municipal
"Burglary reported at Colony, no investigation done.",Police
Auto drivers overcharging passengers near Highway.,Transport
Traffic signal malfunctioning near School.,Transport
suspicious activities happening around colony every night.,Police
Group of men harassing women near Market.,Police
traffic signal malfunctioning n school.,Transport
Footpath tiles uneven and dangerous near Colony.,Public Works Department
Online complaint portal not working for several days.,CM Office (Miscellaneous)
Grievance No. CM1939 pending without update.,CM Office (Miscellaneous)
Traffic signal malfunctioning near Temple.,Transport
"Loud music playing late night at Hospital, no action taken.",Police
Public toilet at Bus Stand is dirty and broken.,Municipal
"Streetlight not working in Metro Station, unsafe at night.",Municipal
Stray dogs attacking people near Bus Stand.,Municipal
Water supply disrupted since 4 days in Highway.,Municipal
filed complaint weeks ago but no response received.,CM Office (Miscellaneous)
Dumping of debris on open land near Bus Stand. pls do something asap!,Development Authority
Bus stop shelter at Highway damaged and unsafe.,Transport
online complaint portal not working fr several days.,CM Office (Miscellaneous)
No sanitation workers seen for a week at Main Road.,Municipal
"streetlight not working in park, unsafe @ night.",Municipal
Illegal construction at School blocking road access.,Development Authority
group of men harassing women n metro st@ion.,Police
Auto drivers overcharging passengers near Temple.,Transport
Chain snatching reported yesterday near Temple.,Police
Footpath tiles uneven and dangerous near Metro Station.,Public Works Department
Overhead bridge construction delayed near School.,Public Works Department
No acknowledgment received for complaint submitted last week.,CM Office (Miscellaneous)
Plot boundaries changed illegally near Bus Stand.,Development Authority
Frequent delays in public buses at School.,Transport
Filed complaint weeks ago but no response received.,CM Office (Miscellaneous)
dumping of debris on open land n hospital.,Development Authority
Footpath tiles uneven and dangerous near School.,Public Works Department
w@er supply disrupted since 9 days in park.,Municipal
footp@h tiles uneven and dangerous n school.,Public Works Department
Land dispute reported at Temple.,Development Authority
Road at Hospital has deep potholes causing accidents.,Public Works Department
Filed complaint weeks ago but no response received.,CM Office (Miscellaneous)
Bus stop shelter at School damaged and unsafe.,Transport
Footpath tiles uneven and dangerous near Hospital.,Public Works Department
Officials not responding to grievance at Colony.,CM Office (Miscellaneous)
Road at Hospital has deep potholes causing accidents.,Public Works Department
online complaint portal not working fr several days.,CM Office (Miscellaneous)
Unauthorized shops set up near Temple. pls do something asap!,Development Authority
Auto drivers overcharging passengers near Temple.,Transport
Auto drivers overcharging passengers near Main Road.,Transport
Group of men harassing women near Market.,Police
Repeated complaints ignored by department.,CM Office (Miscellaneous)
Drainage blocked near Colony causing flooding.,Public Works Department
assault reported outside market.,Police
Illegal hoardings at Bus Stand causing obstruction. pls do something asap!,Development Authority
Water supply disrupted since 5 days in Hospital.,Municipal
"Road divider missing near Bus Stand, causing accidents.",Transport
Chain snatching reported yesterday near Park.,Police
Water supply disrupted since 9 days in Bus Stand.,Municipal
Land dispute reported at Main Road.,Development Authority
Land dispute reported at Park.,Development Authority
Water supply disrupted since 6 days in Temple.,Municipal
Frequent traffic jams near Colony.,Transport
"Streetlight not working in Highway, unsafe at night.",Municipal
Land dispute reported at Colony.,Development Authority
Encroachment on government land near Park.,Development Authority
Plot boundaries changed illegally near Main Road.,Development Authority
land dispute reported @ temple.,Development Authority
suspicious activities happening around metro st@ion every night.,Police
Overhead bridge construction delayed near Market.,Public Works Department
Chain snatching reported yesterday near Park.,Police
auto drivers overcharging passengers n park.,Transport
"Road divider missing near Highway, causing accidents.",Transport
land dispute reported @ highway.,Development Authority
Department staff being rude and unhelpful.,CM Office (Miscellaneous)
Encroachment on government land near Temple.,Development Authority
Unauthorized shops set up near Colony.,Development Authority
Buses not stopping at Market despite schedule.,Transport
Footpath tiles uneven and dangerous near Bus Stand.,Public Works Department
"Loud music playing late night at Temple, no action taken.",Police
Traffic signal malfunctioning near Main Road.,Transport
"Theft occurred at School, no police arrived yet.",Police
Dumping of debris on open land near Hospital.,Development Authority
"Drainage overflow at Temple, foul smell everywhere.",Municipal
Road at Bus Stand has deep potholes causing accidents.,Public Works Department
Road at Market has deep potholes causing accidents.,Public Works Department
Suspicious activities happening around Main Road every night.,Police
Traffic signal malfunctioning near Park.,Transport
public nuisance by drunk people @ bus stand.,Police
Filed complaint weeks ago but no response received. pls do something asap!,CM Office (Miscellaneous)
Newly constructed footpath at Park already broken.,Public Works Department
"Loud music playing late night at Hospital, no action taken.",Police
"Road divider missing near School, causing accidents.",Transport
"Loud music playing late night at Bus Stand, no action taken. pls do something asap!",Police
Garbage not collected for 14 days near Colony.,Municipal
Street repair left incomplete at School.,Public Works Department
"Loud music playing late night at Park, no action taken.",Police
Chain snatching reported yesterday near Metro Station.,Police
Traffic signal malfunctioning near Metro Station. pls do something asap!,Transport
Repeated complaints ignored by department.,CM Office (Miscellaneous)
Road at School has deep potholes causing accidents.,Public Works Department
Frequent delays in public buses at Hospital.,Transport
Public nuisance by drunk people at Temple.,Police
department staff being rude and unhelpful.,CM Office (Miscellaneous)
Illegal construction at Metro Station blocking road access.,Development Authority
no acknowledgment received fr complaint submitted last week.,CM Office (Miscellaneous)
building being constructed without permission n metro st@ion.,Development Authority
Suspicious activities happening around Hospital every night.,Police
Garbage not collected for 3 days near School.,Municipal
Traffic signal malfunctioning near Highway.,Transport
Broken road divider at Highway creating risk for vehicles.,Public Works Department
frequent traffic jams n temple. pls do something asap!,Transport
Bus stop shelter at Park damaged and unsafe.,Transport
Group of men harassing women near Metro Station.,Police
Street repair left incomplete at Bus Stand.,Public Works Department
Heavy vehicles blocking main road near Hospital.,Transport
"Burglary reported at Main Road, no investigation done.",Police
Building being constructed without permission near Main Road.,Development Authority
Auto drivers overcharging passengers near Hospital.,Transport
Chain snatching reported yesterday near Colony.,Police
"Drainage overflow at Temple, foul smell everywhere.",Municipal
Road at Bus Stand has deep potholes causing accidents.,Public Works Department
Newly constructed footpath at Metro Station already broken.,Public Works Department
"Burglary reported at Main Road, no investigation done.",Police
Building being constructed without permission near Temple.,Development Authority
Department staff being rude and unhelpful.,CM Office (Miscellaneous)
Heavy vehicles blocking main road near Market. pls do something asap!,Transport
Still waiting for action on request raised 12 days ago.,CM Office (Miscellaneous)
Open manhole causing danger near Temple.,Municipal
Heavy vehicles blocking main road near Hospital.,Transport
Filed complaint weeks ago but no response received.,CM Office (Miscellaneous)
no sanit@ion workers seen fr a week @ park.,Municipal
online complaint portal not working fr several days.,CM Office (Miscellaneous)
Traffic signal malfunctioning near Park.,Transport
Overhead bridge construction delayed near Colony.,Public Works Department
Street repair left incomplete at Main Road.,Public Works Department
Buses not stopping at Market despite schedule.,Transport
"loud music playing l@e night @ park, no action taken.",Police
officials not responding to grievance @ main road.,CM Office (Miscellaneous)
"Road divider missing near Temple, causing accidents.",Transport
Newly constructed footpath at School already broken.,Public Works Department
chain sn@ching reported yesterday n metro st@ion.,Police
"Burglary reported at Bus Stand, no investigation done.",Police
Traffic signal malfunctioning near Colony.,Transport
Land dispute reported at Main Road.,Development Authority
Dumping of debris on open land near Hospital.,Development Authority
Encroachment on government land near School.,Development Authority
Filed complaint weeks ago but no response received.,CM Office (Miscellaneous)
Street repair left incomplete at Colony.,Public Works Department
"Streetlight not working in Park, unsafe at night.",Municipal
department staff being rude and unhelpful.,CM Office (Miscellaneous)
Officials not responding to grievance at Park.,CM Office (Miscellaneous)
Frequent traffic jams near Highway. pls do something asap!,Transport
Group of men harassing women near Bus Stand.,Police
Repeated complaints ignored by department.,CM Office (Miscellaneous)
Repeated complaints ignored by department.,CM Office (Miscellaneous)
No sanitation workers seen for a week at School.,Municipal
Suspicious activities happening around Colony every night.,Police
No sanitation workers seen for a week at School.,Municipal
Chain snatching reported yesterday near Bus Stand.,Police
"Loud music playing late night at Metro Station, no action taken. pls do something asap!",Police
cement road @ school cracked within a week of repair.,Public Works Department
Building being constructed without permission near Hospital. pls do something asap!,Development Authority
overhead bridge construction delayed n park.,Public Works Department
Public nuisance by drunk people at Bus Stand.,Police
Illegal hoardings at Main Road causing obstruction.,Development Authority
Assault reported outside Main Road.,Police
Stray dogs attacking people near Metro Station.,Municipal
Still waiting for action on request raised 13 days ago.,CM Office (Miscellaneous)
Traffic signal malfunctioning near Park. pls do something asap!,Transport
Broken road divider at Hospital creating risk for vehicles.,Public Works Department
Open manhole causing danger near Colony.,Municipal
"Burglary reported at Colony, no investigation done.",Police
Traffic signal malfunctioning near Metro Station.,Transport
Footpath tiles uneven and dangerous near Metro Station.,Public Works Department
"Drainage overflow at Temple, foul smell everywhere.",Municipal
Street repair left incomplete at Market.,Public Works Department
Dumping of debris on open land near Market.,Development Authority
Broken road divider at Market creating risk for vehicles.,Public Works Department
officials not responding to grievance @ main road. pls do something asap!,CM Office (Miscellaneous)
Filed complaint weeks ago but no response received.,CM Office (Miscellaneous)
"Theft occurred at Metro Station, no police arrived yet.",Police
"Theft occurred at School, no police arrived yet.",Police
No sanitation workers seen for a week at Market. pls do something asap!,Municipal
newly constructed footp@h @ hospital already broken.,Public Works Department
Traffic signal malfunctioning near Market.,Transport
Buses not stopping at Hospital despite schedule.,Transport
"Burglary reported at Colony, no investigation done.",Police
illegal construction @ school blocking road access.,Development Authority
"loud music playing l@e night @ highway, no action taken.",Police
Land dispute reported at Highway.,Development Authority
Bus stop shelter at Colony damaged and unsafe.,Transport
dumping of debris on open land n park. pls do something asap!,Development Authority
"Theft occurred at Bus Stand, no police arrived yet.",Police
Buses not stopping at Hospital despite schedule.,Transport
Public nuisance by drunk people at Colony.,Police
No acknowledgment received for complaint submitted last week. pls do something asap!,CM Office (Miscellaneous)
Public toilet at Hospital is dirty and broken.,Municipal
Dumping of debris on open land near Main Road.,Development Authority
"Loud music playing late night at Hospital, no action taken.",Police
"Road divider missing near Colony, causing accidents.",Transport
Building being constructed without permission near School.,Development Authority
Department staff being rude and unhelpful.,CM Office (Miscellaneous)
No sanitation workers seen for a week at Market.,Municipal
Chain snatching reported yesterday near Colony.,Police
"Theft occurred at Highway, no police arrived yet.",Police
Garbage not collected for 8 days near Temple.,Municipal
Land dispute reported at Highway.,Development Authority
Street repair left incomplete at Temple.,Public Works Department
Building being constructed without permission near School.,Development Authority
newly constructed footp@h @ school already broken.,Public Works Department
Water supply disrupted since 3 days in Highway.,Municipal
Land dispute reported at Park.,Development Authority
"Loud music playing late night at Bus Stand, no action taken.",Police
Officials not responding to grievance at Main Road.,CM Office (Miscellaneous)
Illegal construction at School blocking road access.,Development Authority
Cement road at Metro Station cracked within a week of repair.,Public Works Department
Cement road at Park cracked within a week of repair.,Public Works Department
No acknowledgment received for complaint submitted last week.,CM Office (Miscellaneous)
Road at Highway has deep potholes causing accidents.,Public Works Department
Buses not stopping at Colony despite schedule.,Transport
Garbage not collected for 8 days near School.,Municipal
Repeated complaints ignored by department.,CM Office (Miscellaneous)
Grievance No. CM7075 pending without update.,CM Office (Miscellaneous)
Unauthorized shops set up near Highway.,Development Authority
Group of men harassing women near Bus Stand.,Police
Water supply disrupted since 11 days in Temple.,Municipal
Filed complaint weeks ago but no response received.,CM Office (Miscellaneous)
Encroachment on government land near Bus Stand.,Development Authority
Public nuisance by drunk people at Main Road.,Police
Plot boundaries changed illegally near Highway. pls do something asap!,Development Authority
still waiting fr action on request raised 4 days ago.,CM Office (Miscellaneous)
broken road divider @ highway cre@ing risk fr vehicles.,Public Works Department
Public toilet at Metro Station is dirty and broken.,Municipal
Public nuisance by drunk people at Highway.,Police
Frequent delays in public buses at Park. pls do something asap!,Transport
Stray dogs attacking people near Market. pls do something asap!,Municipal
Officials not responding to grievance at Colony.,CM Office (Miscellaneous)
Traffic signal malfunctioning near Park.,Transport
Frequent delays in public buses at Park.,Transport
Overhead bridge construction delayed near Park.,Public Works Department
Assault reported outside Main Road.,Police
"Streetlight not working in Main Road, unsafe at night.",Municipal
Road at Colony has deep potholes causing accidents.,Public Works Department
auto drivers overcharging passengers n highway.,Transport
Illegal construction at Hospital blocking road access.,Development Authority
Street repair left incomplete at Highway.,Public Works Department
newly constructed footp@h @ metro st@ion already broken.,Public Works Department
Illegal hoardings at Colony causing obstruction.,Development Authority
Assault reported outside Hospital.,Police
"road divider missing n temple, causing accidents.",Transport
Plot boundaries changed illegally near Colony.,Development Authority
Public nuisance by drunk people at Market.,Police
buses not stopping @ colony despite schedule.,Transport
Buses not stopping at Hospital despite schedule.,Transport
Unauthorized shops set up near Metro Station.,Development Authority
Illegal construction at School blocking road access.,Development Authority
"loud music playing l@e night @ colony, no action taken.",Police
"drainage overflow @ main road, foul smell everywhere.",Municipal
traffic signal malfunctioning n colony.,Transport
Grievance No. CM9408 pending without update.,CM Office (Miscellaneous)
unauthorized shops set up n highway.,Development Authority
Public toilet at Temple is dirty and broken.,Municipal
Footpath tiles uneven and dangerous near Hospital.,Public Works Department
Road at Main Road has deep potholes causing accidents.,Public Works Department
"Road divider missing near School, causing accidents.",Transport
Open manhole causing danger near Highway. pls do something asap!,Municipal
"Burglary reported at Temple, no investigation done.",Police
Grievance No. CM1714 pending without update.,CM Office (Miscellaneous)
Bus stop shelter at Colony damaged and unsafe. pls do something asap!,Transport
Plot boundaries changed illegally near Market. pls do something asap!,Development Authority
Group of men harassing women near Temple.,Police
Chain snatching reported yesterday near Hospital.,Police
Encroachment on government land near Main Road.,Development Authority
repe@ed complaints ignored by department.,CM Office (Miscellaneous)
Cement road at Hospital cracked within a week of repair.,Public Works Department
Illegal construction at Park blocking road access. pls do something asap!,Development Authority
Street repair left incomplete at Hospital.,Public Works Department
Filed complaint weeks ago but no response received.,CM Office (Miscellaneous)
Bus stop shelter at School damaged and unsafe.,Transport
Frequent traffic jams near Main Road. pls do something asap!,Transport
Department staff being rude and unhelpful.,CM Office (Miscellaneous)
newly constructed footp@h @ main road already broken.,Public Works Department
No acknowledgment received for complaint submitted last week.,CM Office (Miscellaneous)
unauthorized shops set up n metro st@ion.,Development Authority
"Drainage overflow at School, foul smell everywhere.",Municipal
Drainage blocked near School causing flooding.,Public Works Department
Garbage not collected for 8 days near Bus Stand.,Municipal
filed complaint weeks ago but no response received.,CM Office (Miscellaneous)
Grievance No. CM2231 pending without update.,CM Office (Miscellaneous)
Dumping of debris on open land near Metro Station.,Development Authority
Frequent traffic jams near Highway.,Transport
Land dispute reported at School.,Development Authority
Overhead bridge construction delayed near Main Road.,Public Works Department
Footpath tiles uneven and dangerous near Highway.,Public Works Department
Building being constructed without permission near Highway.,Development Authority
Garbage not collected for 10 days near Temple.,Municipal
Illegal hoardings at Market causing obstruction.,Development Authority
Grievance No. CM1662 pending without update.,CM Office (Miscellaneous)
Overhead bridge construction delayed near School.,Public Works Department
Chain snatching reported yesterday near Bus Stand.,Police
Repeated complaints ignored by department.,CM Office (Miscellaneous)
Auto drivers overcharging passengers near Hospital.,Transport
Water supply disrupted since 11 days in Hospital.,Municipal
Group of men harassing women near Colony.,Police
No sanitation workers seen for a week at Main Road.,Municipal
Bus stop shelter at School damaged and unsafe. pls do something asap!,Transport
Buses not stopping at Market despite schedule.,Transport
"Streetlight not working in Market, unsafe at night. pls do something asap!",Municipal
"Streetlight not working in School, unsafe at night.",Municipal
Public nuisance by drunk people at Bus Stand.,Police
Online complaint portal not working for several days.,CM Office (Miscellaneous)
Illegal construction at Main Road blocking road access.,Development Authority
Grievance No. CM2131 pending without update.,CM Office (Miscellaneous)
Unauthorized shops set up near Bus Stand.,Development Authority
No sanitation workers seen for a week at Metro Station.,Municipal
"theft occurred @ colony, no police arrived yet.",Police
plot boundaries changed illegally n highway.,Development Authority
Suspicious activities happening around Hospital every night.,Police
Group of men harassing women near Metro Station.,Police
"Theft occurred at Colony, no police arrived yet.",Police
stray dogs @tacking people n school.,Municipal
Newly constructed footpath at School already broken.,Public Works Department
Broken road divider at Main Road creating risk for vehicles.,Public Works Department
Street repair left incomplete at Colony.,Public Works Department
still waiting fr action on request raised 14 days ago. pls do something asap!,CM Office (Miscellaneous)
Unauthorized shops set up near Market.,Development Authority
Repeated complaints ignored by department.,CM Office (Miscellaneous)
Street repair left incomplete at Bus Stand.,Public Works Department
Grievance No. CM7568 pending without update.,CM Office (Miscellaneous)
Dumping of debris on open land near Bus Stand.,Development Authority
encroachment on government land n bus stand.,Development Authority
Open manhole causing danger near Hospital.,Municipal
Grievance No. CM9171 pending without update.,CM Office (Miscellaneous)
Illegal construction at Hospital blocking road access. pls do something asap!,Development Authority
"Streetlight not working in School, unsafe at night.",Municipal
Land dispute reported at Temple.,Development Authority
Illegal hoardings at Highway causing obstruction.,Development Authority
Broken road divider at Colony creating risk for vehicles.,Public Works Department
"Theft occurred at Market, no police arrived yet. pls do something asap!",Police
heavy vehicles blocking main road n park.,Transport
"Drainage overflow at Hospital, foul smell everywhere.",Municipal
Drainage blocked near Metro Station causing flooding.,Public Works Department
Group of men harassing women near Main Road.,Police
Online complaint portal not working for several days.,CM Office (Miscellaneous)
Newly constructed footpath at School already broken.,Public Works Department
Frequent delays in public buses at Park.,Transport
Footpath tiles uneven and dangerous near Temple.,Public Works Department
Illegal hoardings at School causing obstruction. pls do something asap!,Development Authority
"Burglary reported at Hospital, no investigation done. pls do something asap!",Police
No acknowledgment received for complaint submitted last week.,CM Office (Miscellaneous)
Buses not stopping at Main Road despite schedule.,Transport
Group of men harassing women near School.,Police
Group of men harassing women near Highway.,Police
Illegal hoardings at Metro Station causing obstruction.,Development Authority
No acknowledgment received for complaint submitted last week.,CM Office (Miscellaneous)
dumping of debris on open land n market.,Development Authority
No sanitation workers seen for a week at Park.,Municipal
No sanitation workers seen for a week at Hospital.,Municipal
"Loud music playing late night at Metro Station, no action taken.",Police
No sanitation workers seen for a week at Metro Station.,Municipal
Open manhole causing danger near Hospital.,Municipal
No sanitation workers seen for a week at Hospital.,Municipal
Road at Market has deep potholes causing accidents.,Public Works Department
no acknowledgment received fr complaint submitted last week.,CM Office (Miscellaneous)
Group of men harassing women near Market.,Police
Broken road divider at School creating risk for vehicles. pls do something asap!,Public Works Department
"Theft occurred at Temple, no police arrived yet.",Police
Heavy vehicles blocking main road near Highway.,Transport
assault reported outside highway.,Police
Stray dogs attacking people near Colony.,Municipal
Cement road at Park cracked within a week of repair.,Public Works Department
Repeated complaints ignored by department.,CM Office (Miscellaneous)
"Theft occurred at Bus Stand, no police arrived yet.",Police
Department staff being rude and unhelpful. pls do something asap!,CM Office (Miscellaneous)
Still waiting for action on request raised 14 days ago.,CM Office (Miscellaneous)
w@er supply disrupted since 4 days in school. pls do something asap!,Municipal
Traffic signal malfunctioning near School.,Transport
Department staff being rude and unhelpful.,CM Office (Miscellaneous)
Grievance No. CM9553 pending without update.,CM Office (Miscellaneous)
Encroachment on government land near School.,Development Authority
Newly constructed footpath at School already broken. pls do something asap!,Public Works Department
drainage blocked n colony causing flooding.,Public Works Department
No sanitation workers seen for a week at Main Road.,Municipal
grievance no. cm3617 pending without upd@e.,CM Office (Miscellaneous)
Land dispute reported at Bus Stand.,Development Authority
Repeated complaints ignored by department.,CM Office (Miscellaneous)
Heavy vehicles blocking main road near Temple.,Transport
"Burglary reported at School, no investigation done.",Police
assault reported outside colony.,Police
Garbage not collected for 13 days near School.,Municipal
Open manhole causing danger near Park. pls do something asap!,Municipal
road @ hospital has deep potholes causing accidents.,Public Works Department
grievance no. cm4605 pending without upd@e.,CM Office (Miscellaneous)
Department staff being rude and unhelpful.,CM Office (Miscellaneous)
Traffic signal malfunctioning near Colony.,Transport
street repair left incomplete @ metro st@ion.,Public Works Department
Newly constructed footpath at Colony already broken.,Public Works Department
Stray dogs attacking people near Bus Stand.,Municipal
Illegal hoardings at Metro Station causing obstruction.,Development Authority
"Road divider missing near Highway, causing accidents.",Transport
Buses not stopping at Market despite schedule.,Transport
Bus stop shelter at Metro Station damaged and unsafe.,Transport
No acknowledgment received for complaint submitted last week.,CM Office (Miscellaneous)
No acknowledgment received for complaint submitted last week. pls do something asap!,CM Office (Miscellaneous)
Officials not responding to grievance at Hospital.,CM Office (Miscellaneous)
"Road divider missing near Bus Stand, causing accidents.",Transport
Buses not stopping at Bus Stand despite schedule.,Transport
Stray dogs attacking people near Main Road. pls do something asap!,Municipal
Broken road divider at Market creating risk for vehicles.,Public Works Department
Department staff being rude and unhelpful.,CM Office (Miscellaneous)
Filed complaint weeks ago but no response received.,CM Office (Miscellaneous)
Grievance No. CM6685 pending without update.,CM Office (Miscellaneous)
Chain snatching reported yesterday near Colony.,Police
Repeated complaints ignored by department.,CM Office (Miscellaneous)
Illegal hoardings at Bus Stand causing obstruction.,Development Authority
Broken road divider at Bus Stand creating risk for vehicles.,Public Works Department
department staff being rude and unhelpful. pls do something asap!,CM Office (Miscellaneous)
Overhead bridge construction delayed near Market.,Public Works Department
Cement road at Park cracked within a week of repair.,Public Works Department
Open manhole causing danger near Metro Station.,Municipal
"Road divider missing near Colony, causing accidents.",Transport
Still waiting for action on request raised 12 days ago.,CM Office (Miscellaneous)
Open manhole causing danger near Temple.,Municipal
Newly constructed footpath at Park already broken.,Public Works Department
Assault reported outside Market.,Police
Broken road divider at Highway creating risk for vehicles.,Public Works Department
Filed complaint weeks ago but no response received.,CM Office (Miscellaneous)
Public nuisance by drunk people at Market.,Police
Frequent traffic jams near Hospital.,Transport
Grievance No. CM3148 pending without update.,CM Office (Miscellaneous)
group of men harassing women n hospital. pls do something asap!,Police
Public nuisance by drunk people at Main Road.,Police
Chain snatching reported yesterday near Metro Station.,Police
Land dispute reported at Park.,Development Authority
Water supply disrupted since 9 days in Hospital.,Municipal
Unauthorized shops set up near Highway. pls do something asap!,Development Authority
assault reported outside hospital.,Police
Still waiting for action on request raised 7 days ago.,CM Office (Miscellaneous)
drainage blocked n highway causing flooding.,Public Works Department
Chain snatching reported yesterday near Highway.,Police
Still waiting for action on request raised 3 days ago.,CM Office (Miscellaneous)
Newly constructed footpath at Highway already broken.,Public Works Department
stray dogs @tacking people n hospital.,Municipal
assault reported outside market.,Police
Repeated complaints ignored by department. pls do something asap!,CM Office (Miscellaneous)
No sanitation workers seen for a week at Market.,Municipal
Footpath tiles uneven and dangerous near Highway.,Public Works Department
Buses not stopping at Colony despite schedule.,Transport
Encroachment on government land near School.,Development Authority
"Road divider missing near Highway, causing accidents.",Transport
"Road divider missing near Highway, causing accidents.",Transport
Garbage not collected for 3 days near School.,Municipal
Water supply disrupted since 9 days in Bus Stand.,Municipal
Frequent delays in public buses at Bus Stand.,Transport
Officials not responding to grievance at School.,CM Office (Miscellaneous)
Public nuisance by drunk people at Temple.,Police
Bus stop shelter at Park damaged and unsafe. pls do something asap!,Transport
Auto drivers overcharging passengers near Park. pls do something asap!,Transport
Plot boundaries changed illegally near School.,Development Authority
Repeated complaints ignored by department.,CM Office (Miscellaneous)
Still waiting for action on request raised 10 days ago.,CM Office (Miscellaneous)
"theft occurred @ market, no police arrived yet. pls do something asap!",Police
Bus stop shelter at Market damaged and unsafe. pls do something asap!,Transport
Illegal hoardings at Main Road causing obstruction.,Development Authority
Newly constructed footpath at School already broken.,Public Works Department
"Road divider missing near Highway, causing accidents. pls do something asap!",Transport
Building being constructed without permission near Colony.,Development Authority
"Loud music playing late night at Main Road, no action taken.",Police
Stray dogs attacking people near Colony. pls do something asap!,Municipal
Assault reported outside Park.,Police
Land dispute reported at Main Road.,Development Authority
Bus stop shelter at Highway damaged and unsafe.,Transport
Traffic signal malfunctioning near Bus Stand.,Transport
"Loud music playing late night at Main Road, no action taken.",Police
Buses not stopping at Hospital despite schedule.,Transport
Unauthorized shops set up near Bus Stand.,Development Authority
Open manhole causing danger near Bus Stand.,Municipal
Frequent delays in public buses at Metro Station.,Transport
Garbage not collected for 3 days near Bus Stand. pls do something asap!,Municipal
Illegal construction at Main Road blocking road access.,Development Authority
"Loud music playing late night at Bus Stand, no action taken.",Police
Bus stop shelter at School damaged and unsafe.,Transport
Frequent delays in public buses at Metro Station.,Transport
Illegal hoardings at Metro Station causing obstruction.,Development Authority
Buses not stopping at Colony despite schedule.,Transport
Overhead bridge construction delayed near Bus Stand.,Public Works Department
plot boundaries changed illegally n colony.,Development Authority
Unauthorized shops set up near Hospital.,Development Authority
Buses not stopping at Colony despite schedule.,Transport
Assault reported outside Colony.,Police
Group of men harassing women near Market. pls do something asap!,Police
Traffic signal malfunctioning near Bus Stand.,Transport
traffic signal malfunctioning n bus stand.,Transport
Drainage blocked near Bus Stand causing flooding.,Public Works Department
Officials not responding to grievance at School.,CM Office (Miscellaneous)
Filed complaint weeks ago but no response received.,CM Office (Miscellaneous)
Land dispute reported at Park. pls do something asap!,Development Authority
Auto drivers overcharging passengers near Temple. pls do something asap!,Transport
Buses not stopping at School despite schedule.,Transport
broken road divider @ highway cre@ing risk fr vehicles.,Public Works Department
"Theft occurred at Bus Stand, no police arrived yet.",Police
Repeated complaints ignored by department.,CM Office (Miscellaneous)
Illegal construction at Metro Station blocking road access.,Development Authority
Buses not stopping at Park despite schedule.,Transport
Building being constructed without permission near Market.,Development Authority
Street repair left incomplete at Colony.,Public Works Department
filed complaint weeks ago but no response received.,CM Office (Miscellaneous)
Illegal hoardings at Main Road causing obstruction.,Development Authority
Heavy vehicles blocking main road near Park.,Transport
Open manhole causing danger near Temple.,Municipal
Still waiting for action on request raised 14 days ago.,CM Office (Miscellaneous)
"Loud music playing late night at Bus Stand, no action taken. pls do something asap!",Police
Repeated complaints ignored by department.,CM Office (Miscellaneous)
"Streetlight not working in Bus Stand, unsafe at night.",Municipal
Building being constructed without permission near Bus Stand.,Development Authority
Public toilet at Metro Station is dirty and broken.,Municipal
Heavy vehicles blocking main road near Bus Stand. pls do something asap!,Transport
Grievance No. CM3727 pending without update.,CM Office (Miscellaneous)
Illegal construction at Park blocking road access.,Development Authority
Dumping of debris on open land near Colony.,Development Authority
Frequent delays in public buses at Bus Stand.,Transport
Broken road divider at Highway creating risk for vehicles.,Public Works Department
Illegal hoardings at Park causing obstruction.,Development Authority
Garbage not collected for 5 days near Highway.,Municipal
building being constructed without permission n highway.,Development Authority
department staff being rude and unhelpful.,CM Office (Miscellaneous)
open manhole causing danger n colony.,Municipal
"Road divider missing near Hospital, causing accidents.",Transport
bus stop shelter @ school damaged and unsafe.,Transport
Plot boundaries changed illegally near Market.,Development Authority
"Loud music playing late night at Highway, no action taken. pls do something asap!",Police
Assault reported outside School.,Police
Illegal construction at Temple blocking road access.,Development Authority
Garbage not collected for 8 days near Hospital.,Municipal
Footpath tiles uneven and dangerous near Bus Stand.,Public Works Department
footp@h tiles uneven and dangerous n bus stand.,Public Works Department
Cement road at Highway cracked within a week of repair.,Public Works Department
No acknowledgment received for complaint submitted last week.,CM Office (Miscellaneous)
Dumping of debris on open land near Metro Station.,Development Authority
Department staff being rude and unhelpful.,CM Office (Miscellaneous)
Traffic signal malfunctioning near Bus Stand.,Transport
Frequent delays in public buses at Colony.,Transport
Frequent traffic jams near Market.,Transport
Public toilet at Temple is dirty and broken.,Municipal
Encroachment on government land near Hospital.,Development Authority
"streetlight not working in highway, unsafe @ night.",Municipal
"Loud music playing late night at Park, no action taken. pls do something asap!",Police
Land dispute reported at Market. pls do something asap!,Development Authority
Unauthorized shops set up near School.,Development Authority
Frequent traffic jams near Hospital.,Transport
"Loud music playing late night at Colony, no action taken.",Police
Encroachment on government land near Temple. pls do something asap!,Development Authority
Street repair left incomplete at Market.,Public Works Department
Still waiting for action on request raised 2 days ago.,CM Office (Miscellaneous)
Heavy vehicles blocking main road near Market.,Transport
Cement road at Main Road cracked within a week of repair.,Public Works Department
Cement road at Main Road cracked within a week of repair.,Public Works Department
"Drainage overflow at Bus Stand, foul smell everywhere.",Municipal
Illegal hoardings at Market causing obstruction.,Development Authority
building being constructed without permission n temple.,Development Authority
"drainage overflow @ highway, foul smell everywhere.",Municipal
Bus stop shelter at Park damaged and unsafe.,Transport
public toilet @ temple is dirty and broken.,Municipal
Broken road divider at School creating risk for vehicles.,Public Works Department
Bus stop shelter at Temple damaged and unsafe.,Transport
Still waiting for action on request raised 4 days ago.,CM Office (Miscellaneous)
Garbage not collected for 10 days near Park.,Municipal
Road at Colony has deep potholes causing accidents.,Public Works Department
"Loud music playing late night at Market, no action taken. pls do something asap!",Police
Filed complaint weeks ago but no response received.,CM Office (Miscellaneous)
Illegal construction at Hospital blocking road access.,Development Authority
still waiting fr action on request raised 5 days ago. pls do something asap!,CM Office (Miscellaneous)
Chain snatching reported yesterday near School.,Police
Cement road at Bus Stand cracked within a week of repair.,Public Works Department
Traffic signal malfunctioning near Main Road.,Transport
Illegal construction at Bus Stand blocking road access.,Development Authority
Public toilet at School is dirty and broken.,Municipal
"Burglary reported at Metro Station, no investigation done.",Police
Group of men harassing women near Park.,Police
Land dispute reported at Park.,Development Authority
building being constructed without permission n temple.,Development Authority
Public nuisance by drunk people at Main Road.,Police
Water supply disrupted since 8 days in School. pls do something asap!,Municipal
Land dispute reported at Bus Stand.,Development Authority
Buses not stopping at Highway despite schedule.,Transport
Traffic signal malfunctioning near Main Road.,Transport
Public nuisance by drunk people at Temple.,Police
group of men harassing women n hospital.,Police
Unauthorized shops set up near Highway.,Development Authority
Bus stop shelter at Metro Station damaged and unsafe.,Transport
Street repair left incomplete at Metro Station.,Public Works Department
Auto drivers overcharging passengers near School.,Transport
dumping of debris on open land n main road.,Development Authority
Plot boundaries changed illegally near Market.,Development Authority
Chain snatching reported yesterday near Temple. pls do something asap!,Police
Traffic signal malfunctioning near Market.,Transport
Chain snatching reported yesterday near Colony.,Police
Unauthorized shops set up near Bus Stand.,Development Authority
Street repair left incomplete at School.,Public Works Department
Road at Bus Stand has deep potholes causing accidents.,Public Works Department
Buses not stopping at Bus Stand despite schedule.,Transport
"Drainage overflow at Metro Station, foul smell everywhere.",Municipal
Overhead bridge construction delayed near Metro Station.,Public Works Department
"Burglary reported at Colony, no investigation done.",Police
Heavy vehicles blocking main road near Main Road.,Transport
Bus stop shelter at Main Road damaged and unsafe.,Transport
Buses not stopping at Main Road despite schedule.,Transport
Public toilet at School is dirty and broken.,Municipal
Garbage not collected for 14 days near Park.,Municipal
Illegal construction at Main Road blocking road access.,Development Authority
suspicious activities happening around highway every night.,Police
"Road divider missing near Highway, causing accidents. pls do something asap!",Transport
Footpath tiles uneven and dangerous near Park.,Public Works Department
group of men harassing women n market.,Police
Water supply disrupted since 14 days in School.,Municipal
Footpath tiles uneven and dangerous near Highway.,Public Works Department
Overhead bridge construction delayed near Bus Stand. pls do something asap!,Public Works Department
Buses not stopping at Hospital despite schedule. pls do something asap!,Transport
Chain snatching reported yesterday near Bus Stand.,Police
newly constructed footp@h @ school already broken.,Public Works Department
"Burglary reported at Hospital, no investigation done.",Police
Broken road divider at Bus Stand creating risk for vehicles.,Public Works Department
Still waiting for action on request raised 8 days ago.,CM Office (Miscellaneous)
Assault reported outside School.,Police
Still waiting for action on request raised 13 days ago.,CM Office (Miscellaneous)
Plot boundaries changed illegally near Colony.,Development Authority
still waiting fr action on request raised 2 days ago. pls do something asap!,CM Office (Miscellaneous)
Group of men harassing women near Bus Stand.,Police
"road divider missing n hospital, causing accidents.",Transport
Group of men harassing women near Market.,Police
Stray dogs attacking people near Bus Stand.,Municipal
Group of men harassing women near Bus Stand.,Police
"Road divider missing near School, causing accidents.",Transport
Dumping of debris on open land near Market.,Development Authority
Online complaint portal not working for several days.,CM Office (Miscellaneous)
No acknowledgment received for complaint submitted last week.,CM Office (Miscellaneous)
newly constructed footp@h @ hospital already broken.,Public Works Department
Illegal construction at Temple blocking road access.,Development Authority
Repeated complaints ignored by department.,CM Office (Miscellaneous)
Group of men harassing women near Main Road.,Police
Unauthorized shops set up near Hospital. pls do something asap!,Development Authority
Dumping of debris on open land near Park.,Development Authority
Building being constructed without permission near Highway.,Development Authority
Frequent delays in public buses at Metro Station.,Transport
"Theft occurred at Main Road, no police arrived yet.",Police
Cement road at Highway cracked within a week of repair.,Public Works Department
Still waiting for action on request raised 8 days ago.,CM Office (Miscellaneous)
"Road divider missing near Main Road, causing accidents.",Transport
Department staff being rude and unhelpful.,CM Office (Miscellaneous)
Water supply disrupted since 8 days in Market.,Municipal
Plot boundaries changed illegally near Park.,Development Authority
"Theft occurred at Market, no police arrived yet. pls do something asap!",Police
Stray dogs attacking people near Bus Stand.,Municipal
street repair left incomplete @ colony.,Public Works Department
overhead bridge construction delayed n hospital.,Public Works Department
Filed complaint weeks ago but no response received.,CM Office (Miscellaneous)
Frequent traffic jams near Market.,Transport
Traffic signal malfunctioning near Bus Stand.,Transport
Water supply disrupted since 10 days in Metro Station.,Municipal
"Drainage overflow at Hospital, foul smell everywhere.",Municipal
still waiting fr action on request raised 6 days ago.,CM Office (Miscellaneous)
Repeated complaints ignored by department.,CM Office (Miscellaneous)
"loud music playing l@e night @ temple, no action taken. pls do something asap!",Police
land dispute reported @ bus stand.,Development Authority
Drainage blocked near Main Road causing flooding.,Public Works Department
No acknowledgment received for complaint submitted last week.,CM Office (Miscellaneous)
Frequent delays in public buses at Main Road. pls do something asap!,Transport
no acknowledgment received fr complaint submitted last week.,CM Office (Miscellaneous)
Grievance No. CM5054 pending without update.,CM Office (Miscellaneous)
Online complaint portal not working for several days.,CM Office (Miscellaneous)
Grievance No. CM4439 pending without update.,CM Office (Miscellaneous)
Frequent delays in public buses at Market.,Transport
stray dogs @tacking people n highway.,Municipal
Public toilet at Hospital is dirty and broken.,Municipal
Grievance No. CM9422 pending without update. pls do something asap!,CM Office (Miscellaneous)
Encroachment on government land near Colony.,Development Authority
Assault reported outside Park.,Police
Heavy vehicles blocking main road near School.,Transport
"Road divider missing near Metro Station, causing accidents.",Transport
Online complaint portal not working for several days.,CM Office (Miscellaneous)
Plot boundaries changed illegally near Bus Stand.,Development Authority
Road at Main Road has deep potholes causing accidents.,Public Works Department
Stray dogs attacking people near Park. pls do something asap!,Municipal
no sanit@ion workers seen fr a week @ hospital.,Municipal
"Loud music playing late night at School, no action taken.",Police
Repeated complaints ignored by department.,CM Office (Miscellaneous)
Grievance No. CM4377 pending without update.,CM Office (Miscellaneous)
Auto drivers overcharging passengers near Main Road.,Transport
Buses not stopping at Market despite schedule.,Transport
Cement road at Highway cracked within a week of repair.,Public Works Department
No sanitation workers seen for a week at Park.,Municipal
Road at School has deep potholes causing accidents.,Public Works Department
Filed complaint weeks ago but no response received.,CM Office (Miscellaneous)
Group of men harassing women near School.,Police
Encroachment on government land near Market.,Development Authority
Bus stop shelter at Metro Station damaged and unsafe.,Transport
public toilet @ highway is dirty and broken.,Municipal
Buses not stopping at Temple despite schedule.,Transport
online complaint portal not working fr several days.,CM Office (Miscellaneous)
Buses not stopping at Metro Station despite schedule.,Transport
Footpath tiles uneven and dangerous near Market.,Public Works Department
Officials not responding to grievance at Temple.,CM Office (Miscellaneous)
Overhead bridge construction delayed near Metro Station.,Public Works Department
Public toilet at Main Road is dirty and broken.,Municipal
Grievance No. CM1141 pending without update.,CM Office (Miscellaneous)
Officials not responding to grievance at Metro Station.,CM Office (Miscellaneous)
"Streetlight not working in Highway, unsafe at night.",Municipal
Footpath tiles uneven and dangerous near Colony. pls do something asap!,Public Works Department
Repeated complaints ignored by department.,CM Office (Miscellaneous)
Open manhole causing danger near Main Road.,Municipal
Cement road at School cracked within a week of repair.,Public Works Department
No sanitation workers seen for a week at Bus Stand.,Municipal
Street repair left incomplete at Metro Station.,Public Works Department
No sanitation workers seen for a week at Colony.,Municipal
Group of men harassing women near School. pls do something asap!,Police
Frequent traffic jams near Highway.,Transport
w@er supply disrupted since 5 days in park.,Municipal
Drainage blocked near Hospital causing flooding.,Public Works Department
Unauthorized shops set up near School.,Development Authority
illegal hoardings @ park causing obstruction.,Development Authority
No sanitation workers seen for a week at Hospital.,Municipal
"Drainage overflow at Hospital, foul smell everywhere.",Municipal
Dumping of debris on open land near Hospital.,Development Authority
online complaint portal not working fr several days.,CM Office (Miscellaneous)
Water supply disrupted since 7 days in Highway.,Municipal
Buses not stopping at School despite schedule. pls do something asap!,Transport
Frequent delays in public buses at Bus Stand.,Transport
Broken road divider at Temple creating risk for vehicles.,Public Works Department
cement road @ park cracked within a week of repair.,Public Works Department
plot boundaries changed illegally n highway.,Development Authority
Plot boundaries changed illegally near School.,Development Authority
"Loud music playing late night at Main Road, no action taken.",Police
Traffic signal malfunctioning near Bus Stand.,Transport
Officials not responding to grievance at Hospital.,CM Office (Miscellaneous)
Frequent delays in public buses at Market.,Transport
Garbage not collected for 5 days near School.,Municipal
Chain snatching reported yesterday near Main Road.,Police
"burglary reported @ school, no investig@ion done.",Police
Frequent traffic jams near Bus Stand.,Transport
encroachment on government land n park.,Development Authority
Still waiting for action on request raised 14 days ago.,CM Office (Miscellaneous)
Land dispute reported at Main Road.,Development Authority
Land dispute reported at Hospital.,Development Authority
newly constructed footp@h @ school already broken.,Public Works Department
"Burglary reported at Main Road, no investigation done.",Police
Suspicious activities happening around Metro Station every night.,Police
plot boundaries changed illegally n bus stand.,Development Authority
Land dispute reported at Highway.,Development Authority
"Streetlight not working in Hospital, unsafe at night.",Municipal
Dumping of debris on open land near Temple. pls do something asap!,Development Authority
Stray dogs attacking people near Highway.,Municipal
Buses not stopping at Hospital despite schedule. pls do something asap!,Transport
still waiting fr action on request raised 2 days ago.,CM Office (Miscellaneous)
auto drivers overcharging passengers n school.,Transport
Auto drivers overcharging passengers near Main Road.,Transport
Filed complaint weeks ago but no response received.,CM Office (Miscellaneous)
Illegal construction at Metro Station blocking road access.,Development Authority
Assault reported outside Metro Station.,Police
Land dispute reported at Market.,Development Authority
land dispute reported @ market.,Development Authority
Department staff being rude and unhelpful.,CM Office (Miscellaneous)
Assault reported outside Bus Stand.,Police
Illegal hoardings at Main Road causing obstruction.,Development Authority
Dumping of debris on open land near Hospital.,Development Authority
No sanitation workers seen for a week at Market.,Municipal
Auto drivers overcharging passengers near Temple.,Transport
Frequent traffic jams near School.,Transport
No acknowledgment received for complaint submitted last week.,CM Office (Miscellaneous)
Drainage blocked near Highway causing flooding.,Public Works Department
"Loud music playing late night at Hospital, no action taken.",Police
Department staff being rude and unhelpful.,CM Office (Miscellaneous)
"drainage overflow @ metro st@ion, foul smell everywhere.",Municipal
Frequent traffic jams near Temple.,Transport
"Drainage overflow at Metro Station, foul smell everywhere.",Municipal
No acknowledgment received for complaint submitted last week.,CM Office (Miscellaneous)
Filed complaint weeks ago but no response received.,CM Office (Miscellaneous)
No sanitation workers seen for a week at Market.,Municipal
Traffic signal malfunctioning near Market.,Transport
Online complaint portal not working for several days.,CM Office (Miscellaneous)
illegal hoardings @ market causing obstruction.,Development Authority
Suspicious activities happening around Hospital every night.,Police
Bus stop shelter at Main Road damaged and unsafe.,Transport
Road at Metro Station has deep potholes causing accidents.,Public Works Department
Buses not stopping at Temple despite schedule.,Transport
Filed complaint weeks ago but no response received.,CM Office (Miscellaneous)
Illegal hoardings at Main Road causing obstruction.,Development Authority
Frequent delays in public buses at Colony. pls do something asap!,Transport
No acknowledgment received for complaint submitted last week.,CM Office (Miscellaneous)
Frequent traffic jams near Hospital.,Transport
Dumping of debris on open land near Metro Station.,Development Authority
Dumping of debris on open land near Main Road.,Development Authority
Unauthorized shops set up near Metro Station.,Development Authority
Grievance No. CM7077 pending without update.,CM Office (Miscellaneous)
Repeated complaints ignored by department.,CM Office (Miscellaneous)
Department staff being rude and unhelpful.,CM Office (Miscellaneous)
Group of men harassing women near Colony.,Police
Repeated complaints ignored by department.,CM Office (Miscellaneous)
group of men harassing women n temple.,Police
Encroachment on government land near Main Road.,Development Authority
"Drainage overflow at School, foul smell everywhere. pls do something asap!",Municipal
Frequent delays in public buses at Bus Stand.,Transport
Newly constructed footpath at Temple already broken. pls do something asap!,Public Works Department
suspicious activities happening around hospital every night.,Police
Department staff being rude and unhelpful.,CM Office (Miscellaneous)
Encroachment on government land near School.,Development Authority
No sanitation workers seen for a week at Market.,Municipal
Stray dogs attacking people near Main Road.,Municipal
"Loud music playing late night at Highway, no action taken. pls do something asap!",Police
Online complaint portal not working for several days.,CM Office (Miscellaneous)
Open manhole causing danger near Highway.,Municipal
Illegal construction at Main Road blocking road access.,Development Authority
Road at Market has deep potholes causing accidents.,Public Works Department
"Loud music playing late night at Market, no action taken.",Police
Assault reported outside Highway.,Police
group of men harassing women n colony.,Police
Unauthorized shops set up near Market.,Development Authority
Filed complaint weeks ago but no response received.,CM Office (Miscellaneous)
Assault reported outside Main Road.,Police
Water supply disrupted since 4 days in Colony.,Municipal
Filed complaint weeks ago but no response received.,CM Office (Miscellaneous)
Broken road divider at Colony creating risk for vehicles.,Public Works Department
"Burglary reported at Main Road, no investigation done.",Police
Public toilet at School is dirty and broken. pls do something asap!,Municipal
No sanitation workers seen for a week at Bus Stand.,Municipal
Chain snatching reported yesterday near Main Road.,Police
"Road divider missing near Park, causing accidents.",Transport
Heavy vehicles blocking main road near Main Road.,Transport
Broken road divider at Market creating risk for vehicles.,Public Works Department
traffic signal malfunctioning n temple.,Transport
Public toilet at Highway is dirty and broken.,Municipal
Illegal construction at School blocking road access.,Development Authority
Public nuisance by drunk people at Market.,Police
Illegal construction at Hospital blocking road access.,Development Authority
Heavy vehicles blocking main road near Metro Station.,Transport
Plot boundaries changed illegally near Main Road.,Development Authority
Overhead bridge construction delayed near School.,Public Works Department
Land dispute reported at Park.,Development Authority
"Theft occurred at Highway, no police arrived yet.",Police
Bus stop shelter at Hospital damaged and unsafe.,Transport
Public nuisance by drunk people at Metro Station.,Police
Public toilet at School is dirty and broken.,Municipal
Grievance No. CM8966 pending without update.,CM Office (Miscellaneous)
Officials not responding to grievance at Highway.,CM Office (Miscellaneous)
Frequent delays in public buses at Main Road. pls do something asap!,Transport
Drainage blocked near Colony causing flooding.,Public Works Department
Encroachment on government land near Main Road.,Development Authority
Repeated complaints ignored by department.,CM Office (Miscellaneous)
auto drivers overcharging passengers n colony.,Transport
Street repair left incomplete at Highway.,Public Works Department
No acknowledgment received for complaint submitted last week.,CM Office (Miscellaneous)
Footpath tiles uneven and dangerous near Metro Station.,Public Works Department
Group of men harassing women near Park.,Police
"Burglary reported at Park, no investigation done. pls do something asap!",Police
Frequent delays in public buses at Highway.,Transport
"Streetlight not working in Hospital, unsafe at night. pls do something asap!",Municipal
Street repair left incomplete at Bus Stand.,Public Works Department
Illegal construction at Hospital blocking road access.,Development Authority
Online complaint portal not working for several days.,CM Office (Miscellaneous)
Drainage blocked near Bus Stand causing flooding.,Public Works Department
Suspicious activities happening around Hospital every night.,Police
Officials not responding to grievance at Highway.,CM Office (Miscellaneous)
Frequent delays in public buses at Park.,Transport
Road at Temple has deep potholes causing accidents.,Public Works Department
Traffic signal malfunctioning near Market.,Transport
Open manhole causing danger near Park.,Municipal
assault reported outside market.,Police
Grievance No. CM2881 pending without update.,CM Office (Miscellaneous)
Newly constructed footpath at School already broken.,Public Works Department
Traffic signal malfunctioning near Temple.,Transport
Water supply disrupted since 4 days in Main Road.,Municipal
Plot boundaries changed illegally near Main Road.,Development Authority
Street repair left incomplete at Metro Station.,Public Works Department
Newly constructed footpath at Main Road already broken. pls do something asap!,Public Works Department
Road at Hospital has deep potholes causing accidents.,Public Works Department
Grievance No. CM3061 pending without update.,CM Office (Miscellaneous)
Cement road at Highway cracked within a week of repair.,Public Works Department
Road at Bus Stand has deep potholes causing accidents.,Public Works Department
Traffic signal malfunctioning near Market.,Transport
Unauthorized shops set up near Metro Station.,Development Authority
Assault reported outside Temple.,Police
"loud music playing l@e night @ hospital, no action taken.",Police
Overhead bridge construction delayed near Park.,Public Works Department
"Streetlight not working in Park, unsafe at night. pls do something asap!",Municipal
Filed complaint weeks ago but no response received.,CM Office (Miscellaneous)
Filed complaint weeks ago but no response received.,CM Office (Miscellaneous)
Traffic signal malfunctioning near Highway.,Transport
Repeated complaints ignored by department.,CM Office (Miscellaneous)
Group of men harassing women near School.,Police
"Drainage overflow at Metro Station, foul smell everywhere.",Municipal
Footpath tiles uneven and dangerous near Highway.,Public Works Department
Still waiting for action on request raised 9 days ago.,CM Office (Miscellaneous)
Public nuisance by drunk people at Market.,Police
Footpath tiles uneven and dangerous near Bus Stand. pls do something asap!,Public Works Department
"drainage overflow @ colony, foul smell everywhere.",Municipal
Public nuisance by drunk people at School.,Police
illegal hoardings @ temple causing obstruction.,Development Authority
Dumping of debris on open land near Temple.,Development Authority
Plot boundaries changed illegally near Bus Stand.,Development Authority
Chain snatching reported yesterday near Highway.,Police
Filed complaint weeks ago but no response received.,CM Office (Miscellaneous)
garbage not collected fr 9 days n metro st@ion.,Municipal
Broken road divider at Market creating risk for vehicles.,Public Works Department
Traffic signal malfunctioning near Highway.,Transport
Unauthorized shops set up near Colony.,Development Authority
"Theft occurred at Colony, no police arrived yet.",Police
Frequent traffic jams near Main Road.,Transport
Illegal construction at Highway blocking road access. pls do something asap!,Development Authority
Footpath tiles uneven and dangerous near Temple.,Public Works Department
Traffic signal malfunctioning near Market.,Transport
Traffic signal malfunctioning near Hospital.,Transport
Cement road at Colony cracked within a week of repair.,Public Works Department
Public nuisance by drunk people at Bus Stand.,Police
No sanitation workers seen for a week at Hospital.,Municipal
Grievance No. CM1624 pending without update.,CM Office (Miscellaneous)
Illegal construction at Market blocking road access.,Development Authority
Department staff being rude and unhelpful.,CM Office (Miscellaneous)
Frequent delays in public buses at Hospital.,Transport
Garbage not collected for 13 days near Bus Stand.,Municipal
Drainage blocked near Bus Stand causing flooding.,Public Works Department
Bus stop shelter at Park damaged and unsafe.,Transport
Stray dogs attacking people near Hospital.,Municipal
"Streetlight not working in Park, unsafe at night.",Municipal
Building being constructed without permission near Metro Station.,Development Authority
No acknowledgment received for complaint submitted last week. pls do something asap!,CM Office (Miscellaneous)
Repeated complaints ignored by department.,CM Office (Miscellaneous)
Drainage blocked near Park causing flooding.,Public Works Department
Plot boundaries changed illegally near Bus Stand. pls do something asap!,Development Authority
Online complaint portal not working for several days.,CM Office (Miscellaneous)
Garbage not collected for 11 days near Hospital.,Municipal
Public toilet at Park is dirty and broken.,Municipal
Unauthorized shops set up near Metro Station.,Development Authority
Public toilet at Hospital is dirty and broken.,Municipal
Cement road at School cracked within a week of repair.,Public Works Department
Encroachment on government land near School.,Development Authority
Suspicious activities happening around Main Road every night.,Police
Broken road divider at Main Road creating risk for vehicles.,Public Works Department
Assault reported outside Temple.,Police
Footpath tiles uneven and dangerous near School.,Public Works Department
land dispute reported @ main road.,Development Authority
building being constructed without permission n park.,Development Authority
"Burglary reported at Highway, no investigation done.",Police
Dumping of debris on open land near Park.,Development Authority
Frequent traffic jams near Hospital.,Transport
Chain snatching reported yesterday near Park.,Police
Buses not stopping at Temple despite schedule.,Transport
grievance no. cm4787 pending without upd@e.,CM Office (Miscellaneous)
"road divider missing n park, causing accidents.",Transport
Plot boundaries changed illegally near Park.,Development Authority
"Theft occurred at Main Road, no police arrived yet.",Police
Frequent traffic jams near Metro Station.,Transport
Public nuisance by drunk people at Colony.,Police
Dumping of debris on open land near Market.,Development Authority
Unauthorized shops set up near Main Road.,Development Authority
Unauthorized shops set up near School.,Development Authority
Newly constructed footpath at Bus Stand already broken. pls do something asap!,Public Works Department
Traffic signal malfunctioning near Highway.,Transport
Land dispute reported at Park.,Development Authority
Building being constructed without permission near Main Road.,Development Authority
"Drainage overflow at Temple, foul smell everywhere.",Municipal
Land dispute reported at Highway.,Development Authority
Suspicious activities happening around Main Road every night.,Police
Online complaint portal not working for several days.,CM Office (Miscellaneous)
Chain snatching reported yesterday near Hospital.,Police
No acknowledgment received for complaint submitted last week.,CM Office (Miscellaneous)
Footpath tiles uneven and dangerous near School.,Public Works Department
road @ colony has deep potholes causing accidents.,Public Works Department
No acknowledgment received for complaint submitted last week.,CM Office (Miscellaneous)
"Burglary reported at Colony, no investigation done.",Police
Frequent traffic jams near Market.,Transport
Buses not stopping at Bus Stand despite schedule.,Transport
Buses not stopping at School despite schedule.,Transport
Water supply disrupted since 8 days in Temple.,Municipal
Newly constructed footpath at Main Road already broken.,Public Works Department
Street repair left incomplete at Temple.,Public Works Department
Illegal construction at Market blocking road access.,Development Authority
Road at Temple has deep potholes causing accidents.,Public Works Department
Frequent traffic jams near Temple.,Transport
Traffic signal malfunctioning near Hospital.,Transport
Plot boundaries changed illegally near Bus Stand.,Development Authority
Auto drivers overcharging passengers near Metro Station.,Transport
Bus stop shelter at Bus Stand damaged and unsafe.,Transport
Open manhole causing danger near School.,Municipal
Broken road divider at Main Road creating risk for vehicles.,Public Works Department
Heavy vehicles blocking main road near Metro Station.,Transport
Street repair left incomplete at Hospital.,Public Works Department
Department staff being rude and unhelpful.,CM Office (Miscellaneous)
Public toilet at Colony is dirty and broken.,Municipal
Repeated complaints ignored by department.,CM Office (Miscellaneous)
Newly constructed footpath at Hospital already broken.,Public Works Department
stray dogs @tacking people n bus stand.,Municipal
Chain snatching reported yesterday near Metro Station.,Police
Assault reported outside Temple.,Police
Illegal hoardings at Colony causing obstruction.,Development Authority
Buses not stopping at Metro Station despite schedule.,Transport
dumping of debris on open land n hospital.,Development Authority
Repeated complaints ignored by department.,CM Office (Miscellaneous)
Public toilet at Hospital is dirty and broken. pls do something asap!,Municipal
Stray dogs attacking people near Main Road.,Municipal
grievance no. cm8343 pending without upd@e. pls do something asap!,CM Office (Miscellaneous)
"Road divider missing near Temple, causing accidents.",Transport
buses not stopping @ highway despite schedule. pls do something asap!,Transport
Garbage not collected for 8 days near Market.,Municipal
illegal hoardings @ bus stand causing obstruction.,Development Authority
Department staff being rude and unhelpful. pls do something asap!,CM Office (Miscellaneous)
Water supply disrupted since 10 days in Temple. pls do something asap!,Municipal
Repeated complaints ignored by department. pls do something asap!,CM Office (Miscellaneous)
bus stop shelter @ main road damaged and unsafe.,Transport
No sanitation workers seen for a week at Colony.,Municipal
Filed complaint weeks ago but no response received.,CM Office (Miscellaneous)
Filed complaint weeks ago but no response received.,CM Office (Miscellaneous)
Chain snatching reported yesterday near School.,Police
"Streetlight not working in Temple, unsafe at night.",Municipal
Repeated complaints ignored by department.,CM Office (Miscellaneous)
Chain snatching reported yesterday near Metro Station.,Police
Open manhole causing danger near Main Road.,Municipal
Open manhole causing danger near Park.,Municipal
Cement road at Market cracked within a week of repair.,Public Works Department
No acknowledgment received for complaint submitted last week.,CM Office (Miscellaneous)
Illegal construction at School blocking road access.,Development Authority
footp@h tiles uneven and dangerous n hospital.,Public Works Department
Cement road at Main Road cracked within a week of repair.,Public Works Department
Suspicious activities happening around Hospital every night.,Police
Frequent delays in public buses at Bus Stand.,Transport
Chain snatching reported yesterday near Market.,Police
Road at Temple has deep potholes causing accidents.,Public Works Department
Frequent delays in public buses at Temple.,Transport
Cement road at Bus Stand cracked within a week of repair.,Public Works Department
Illegal hoardings at Colony causing obstruction.,Development Authority
Building being constructed without permission near School.,Development Authority
"Burglary reported at Highway, no investigation done.",Police
public toilet @ temple is dirty and broken.,Municipal
Filed complaint weeks ago but no response received.,CM Office (Miscellaneous)
Broken road divider at Market creating risk for vehicles.,Public Works Department
Dumping of debris on open land near Park. pls do something asap!,Development Authority
traffic signal malfunctioning n colony.,Transport
Traffic signal malfunctioning near Park.,Transport
Filed complaint weeks ago but no response received.,CM Office (Miscellaneous)
drainage blocked n school causing flooding.,Public Works Department
Repeated complaints ignored by department.,CM Office (Miscellaneous)
"burglary reported @ hospital, no investig@ion done.",Police
Frequent delays in public buses at School.,Transport
Stray dogs attacking people near Metro Station.,Municipal
broken road divider @ main road cre@ing risk fr vehicles.,Public Works Department
Water supply disrupted since 12 days in Colony.,Municipal
Officials not responding to grievance at Main Road.,CM Office (Miscellaneous)
"burglary reported @ market, no investig@ion done.",Police
Land dispute reported at Highway.,Development Authority
public toilet @ colony is dirty and broken.,Municipal
Buses not stopping at Market despite schedule.,Transport
Plot boundaries changed illegally near Highway. pls do something asap!,Development Authority
Heavy vehicles blocking main road near Highway.,Transport
group of men harassing women n main road.,Police
group of men harassing women n market.,Police
Drainage blocked near Bus Stand causing flooding.,Public Works Department
"Streetlight not working in Temple, unsafe at night.",Municipal
Traffic signal malfunctioning near Market. pls do something asap!,Transport
Water supply disrupted since 5 days in Bus Stand.,Municipal
Online complaint portal not working for several days.,CM Office (Miscellaneous)
Dumping of debris on open land near Main Road.,Development Authority
"Burglary reported at School, no investigation done.",Police
Dumping of debris on open land near Park.,Development Authority
open manhole causing danger n temple.,Municipal
Chain snatching reported yesterday near Main Road.,Police
"Streetlight not working in Colony, unsafe at night.",Municipal
Garbage not collected for 6 days near Bus Stand.,Municipal
Grievance No. CM5948 pending without update.,CM Office (Miscellaneous)
Building being constructed without permission near Highway.,Development Authority
Footpath tiles uneven and dangerous near Colony.,Public Works Department
"Streetlight not working in Park, unsafe at night.",Municipal
"Loud music playing late night at Temple, no action taken.",Police
"streetlight not working in highway, unsafe @ night.",Municipal
Drainage blocked near Hospital causing flooding.,Public Works Department
Auto drivers overcharging passengers near Highway.,Transport
Unauthorized shops set up near Temple.,Development Authority
Street repair left incomplete at Market.,Public Works Department
Illegal construction at Market blocking road access.,Development Authority
public toilet @ metro st@ion is dirty and broken.,Municipal
Auto drivers overcharging passengers near Metro Station.,Transport
Group of men harassing women near Park.,Police
Group of men harassing women near Metro Station.,Police
Water supply disrupted since 8 days in Main Road.,Municipal
Garbage not collected for 13 days near Temple.,Municipal
"Drainage overflow at School, foul smell everywhere.",Municipal
Garbage not collected for 6 days near Highway.,Municipal
Chain snatching reported yesterday near School.,Police
Road at Bus Stand has deep potholes causing accidents.,Public Works Department
Auto drivers overcharging passengers near Temple.,Transport
Grievance No. CM8291 pending without update.,CM Office (Miscellaneous)
Encroachment on government land near Market.,Development Authority
Repeated complaints ignored by department.,CM Office (Miscellaneous)
Repeated complaints ignored by department.,CM Office (Miscellaneous)
Assault reported outside Temple.,Police
Frequent delays in public buses at Park.,Transport
"Drainage overflow at Hospital, foul smell everywhere. pls do something asap!",Municipal
Heavy vehicles blocking main road near Bus Stand.,Transport
public toilet @ metro st@ion is dirty and broken.,Municipal
Auto drivers overcharging passengers near Park.,Transport
Frequent delays in public buses at Temple.,Transport
Building being constructed without permission near Park.,Development Authority
"Streetlight not working in Park, unsafe at night.",Municipal
Repeated complaints ignored by department.,CM Office (Miscellaneous)
"Theft occurred at Highway, no police arrived yet.",Police
Auto drivers overcharging passengers near Market.,Transport
Filed complaint weeks ago but no response received.,CM Office (Miscellaneous)
Frequent traffic jams near School. pls do something asap!,Transport
Illegal construction at Highway blocking road access.,Development Authority
Illegal hoardings at Hospital causing obstruction.,Development Authority
illegal hoardings @ metro st@ion causing obstruction.,Development Authority
Frequent traffic jams near Park.,Transport
Group of men harassing women near Metro Station.,Police
Plot boundaries changed illegally near Bus Stand.,Development Authority
Public nuisance by drunk people at Metro Station.,Police
Stray dogs attacking people near Park.,Municipal
Filed complaint weeks ago but no response received.,CM Office (Miscellaneous)
"Burglary reported at Colony, no investigation done.",Police
"Streetlight not working in Highway, unsafe at night.",Municipal
Open manhole causing danger near Bus Stand.,Municipal
department staff being rude and unhelpful.,CM Office (Miscellaneous)
Traffic signal malfunctioning near School.,Transport
Encroachment on government land near Hospital. pls do something asap!,Development Authority
Plot boundaries changed illegally near Highway. pls do something asap!,Development Authority
Dumping of debris on open land near Main Road. pls do something asap!,Development Authority
No sanitation workers seen for a week at Temple.,Municipal
Illegal construction at Colony blocking road access.,Development Authority
Encroachment on government land near Metro Station.,Development Authority
Dumping of debris on open land near Metro Station.,Development Authority
Newly constructed footpath at Highway already broken.,Public Works Department
Open manhole causing danger near Metro Station.,Municipal
Public nuisance by drunk people at Main Road.,Police
Officials not responding to grievance at Highway.,CM Office (Miscellaneous)
Assault reported outside Temple. pls do something asap!,Police
Illegal construction at Temple blocking road access.,Development Authority
"Drainage overflow at Colony, foul smell everywhere.",Municipal
online complaint portal not working fr several days. pls do something asap!,CM Office (Miscellaneous)
Newly constructed footpath at Hospital already broken.,Public Works Department
Grievance No. CM1351 pending without update.,CM Office (Miscellaneous)
building being constructed without permission n bus stand.,Development Authority
Online complaint portal not working for several days.,CM Office (Miscellaneous)
Online complaint portal not working for several days.,CM Office (Miscellaneous)
"theft occurred @ metro st@ion, no police arrived yet.",Police
Buses not stopping at Highway despite schedule.,Transport
Unauthorized shops set up near Metro Station.,Development Authority
Group of men harassing women near Bus Stand.,Police
"Drainage overflow at School, foul smell everywhere.",Municipal
Illegal hoardings at Highway causing obstruction. pls do something asap!,Development Authority
Public toilet at School is dirty and broken.,Municipal
Assault reported outside School.,Police
footp@h tiles uneven and dangerous n school.,Public Works Department
Online complaint portal not working for several days.,CM Office (Miscellaneous)
Plot boundaries changed illegally near Temple.,Development Authority
Department staff being rude and unhelpful.,CM Office (Miscellaneous)
Bus stop shelter at Main Road damaged and unsafe.,Transport
Cement road at School cracked within a week of repair.,Public Works Department
Footpath tiles uneven and dangerous near Hospital.,Public Works Department
Bus stop shelter at Metro Station damaged and unsafe.,Transport
Dumping of debris on open land near Highway.,Development Authority
Group of men harassing women near Bus Stand.,Police
"Drainage overflow at Hospital, foul smell everywhere. pls do something asap!",Municipal
Grievance No. CM1804 pending without update. pls do something asap!,CM Office (Miscellaneous)
Online complaint portal not working for several days.,CM Office (Miscellaneous)
Public nuisance by drunk people at Temple.,Police
Auto drivers overcharging passengers near Highway. pls do something asap!,Transport
Broken road divider at Main Road creating risk for vehicles.,Public Works Department
Suspicious activities happening around Highway every night.,Police
Street repair left incomplete at Metro Station.,Public Works Department
Water supply disrupted since 10 days in Bus Stand.,Municipal
"Streetlight not working in Main Road, unsafe at night.",Municipal
Filed complaint weeks ago but no response received.,CM Office (Miscellaneous)
"Burglary reported at Park, no investigation done.",Police
Cement road at Park cracked within a week of repair.,Public Works Department
No sanitation workers seen for a week at School.,Municipal
Plot boundaries changed illegally near School.,Development Authority
cement road @ metro st@ion cracked within a week of repair.,Public Works Department
Traffic signal malfunctioning near Colony.,Transport
auto drivers overcharging passengers n temple.,Transport
"Theft occurred at Park, no police arrived yet.",Police
Auto drivers overcharging passengers near Hospital.,Transport
Frequent traffic jams near Park.,Transport
Street repair left incomplete at School.,Public Works Department
Frequent traffic jams near Bus Stand.,Transport
"Drainage overflow at Market, foul smell everywhere.",Municipal
Open manhole causing danger near Temple.,Municipal
Grievance No. CM1046 pending without update.,CM Office (Miscellaneous)
Dumping of debris on open land near Main Road.,Development Authority
"Streetlight not working in School, unsafe at night.",Municipal
Building being constructed without permission near Main Road.,Development Authority
online complaint portal not working fr several days.,CM Office (Miscellaneous)
"Streetlight not working in Market, unsafe at night.",Municipal
Broken road divider at Market creating risk for vehicles.,Public Works Department
Cement road at Metro Station cracked within a week of repair.,Public Works Department
Dumping of debris on open land near Colony.,Development Authority
Cement road at Metro Station cracked within a week of repair.,Public Works Department
Bus stop shelter at Market damaged and unsafe.,Transport
Cement road at Bus Stand cracked within a week of repair.,Public Works Department
Online complaint portal not working for several days.,CM Office (Miscellaneous)
No sanitation workers seen for a week at Highway.,Municipal
Water supply disrupted since 8 days in Hospital.,Municipal
Public toilet at Highway is dirty and broken.,Municipal
Buses not stopping at Park despite schedule.,Transport
Chain snatching reported yesterday near Temple.,Police
public nuisance by drunk people @ hospital.,Police
Broken road divider at Hospital creating risk for vehicles.,Public Works Department
"Streetlight not working in Highway, unsafe at night.",Municipal
No acknowledgment received for complaint submitted last week.,CM Office (Miscellaneous)
Open manhole causing danger near Park.,Municipal
"Theft occurred at Hospital, no police arrived yet.",Police
"road divider missing n colony, causing accidents.",Transport
Department staff being rude and unhelpful.,CM Office (Miscellaneous)
Public toilet at Park is dirty and broken.,Municipal
Building being constructed without permission near Temple.,Development Authority
Online complaint portal not working for several days.,CM Office (Miscellaneous)
Drainage blocked near Metro Station causing flooding.,Public Works Department
Auto drivers overcharging passengers near School.,Transport
Group of men harassing women near Metro Station.,Police
heavy vehicles blocking main road n colony.,Transport
Unauthorized shops set up near Highway. pls do something asap!,Development Authority
No sanitation workers seen for a week at Park.,Municipal
Building being constructed without permission near Park.,Development Authority
Buses not stopping at Park despite schedule.,Transport
illegal construction @ temple blocking road access.,Development Authority
officials not responding to grievance @ metro st@ion.,CM Office (Miscellaneous)
chain sn@ching reported yesterday n market.,Police
Water supply disrupted since 8 days in Bus Stand.,Municipal
Frequent traffic jams near Park.,Transport
"Loud music playing late night at Temple, no action taken.",Police
Unauthorized shops set up near Colony.,Development Authority
"Road divider missing near Main Road, causing accidents.",Transport
Still waiting for action on request raised 11 days ago.,CM Office (Miscellaneous)
Stray dogs attacking people near Park.,Municipal
Traffic signal malfunctioning near Metro Station.,Transport
Land dispute reported at Hospital.,Development Authority
Open manhole causing danger near Bus Stand.,Municipal
Officials not responding to grievance at Hospital.,CM Office (Miscellaneous)
Public nuisance by drunk people at Market.,Police
No sanitation workers seen for a week at Hospital.,Municipal
"Streetlight not working in Highway, unsafe at night. pls do something asap!",Municipal
Drainage blocked near Colony causing flooding.,Public Works Department
Unauthorized shops set up near Park.,Development Authority
Unauthorized shops set up near School.,Development Authority
Bus stop shelter at Hospital damaged and unsafe.,Transport
No acknowledgment received for complaint submitted last week.,CM Office (Miscellaneous)
Chain snatching reported yesterday near Bus Stand.,Police
Garbage not collected for 2 days near Bus Stand.,Municipal
Road at Metro Station has deep potholes causing accidents.,Public Works Department
Grievance No. CM2479 pending without update.,CM Office (Miscellaneous)
Garbage not collected for 8 days near Park.,Municipal
Online complaint portal not working for several days.,CM Office (Miscellaneous)
Overhead bridge construction delayed near Main Road. pls do something asap!,Public Works Department
Bus stop shelter at Metro Station damaged and unsafe.,Transport
Dumping of debris on open land near Park.,Development Authority
Cement road at Highway cracked within a week of repair. pls do something asap!,Public Works Department
Bus stop shelter at Market damaged and unsafe. pls do something asap!,Transport
"Streetlight not working in Main Road, unsafe at night.",Municipal
"Road divider missing near Hospital, causing accidents.",Transport
Illegal hoardings at Colony causing obstruction.,Development Authority
Water supply disrupted since 7 days in Market.,Municipal
Drainage blocked near Main Road causing flooding.,Public Works Department
Overhead bridge construction delayed near Market.,Public Works Department
Dumping of debris on open land near Metro Station. pls do something asap!,Development Authority
online complaint portal not working fr several days.,CM Office (Miscellaneous)
Footpath tiles uneven and dangerous near Hospital.,Public Works Department
Department staff being rude and unhelpful.,CM Office (Miscellaneous)
Frequent delays in public buses at School.,Transport
"Streetlight not working in Bus Stand, unsafe at night.",Municipal
"Loud music playing late night at School, no action taken.",Police
Traffic signal malfunctioning near Park.,Transport
"Drainage overflow at Colony, foul smell everywhere.",Municipal
Illegal hoardings at Colony causing obstruction. pls do something asap!,Development Authority
Filed complaint weeks ago but no response received. pls do something asap!,CM Office (Miscellaneous)
Frequent delays in public buses at Highway.,Transport
Bus stop shelter at Hospital damaged and unsafe.,Transport
Garbage not collected for 5 days near Hospital.,Municipal
Plot boundaries changed illegally near Temple. pls do something asap!,Development Authority
Department staff being rude and unhelpful.,CM Office (Miscellaneous)
"Loud music playing late night at Hospital, no action taken.",Police
Dumping of debris on open land near Market.,Development Authority
Footpath tiles uneven and dangerous near Main Road.,Public Works Department
open manhole causing danger n colony.,Municipal
Public toilet at Highway is dirty and broken.,Municipal
Dumping of debris on open land near Park.,Development Authority
Broken road divider at Metro Station creating risk for vehicles.,Public Works Department
Bus stop shelter at Metro Station damaged and unsafe.,Transport
Online complaint portal not working for several days.,CM Office (Miscellaneous)
"Road divider missing near Main Road, causing accidents.",Transport
Buses not stopping at Colony despite schedule.,Transport
Water supply disrupted since 9 days in Bus Stand.,Municipal
"Road divider missing near Bus Stand, causing accidents.",Transport
Cement road at Highway cracked within a week of repair.,Public Works Department
Unauthorized shops set up near Main Road.,Development Authority
dumping of debris on open land n highway.,Development Authority
Stray dogs attacking people near Hospital.,Municipal
Filed complaint weeks ago but no response received.,CM Office (Miscellaneous)
Bus stop shelter at Temple damaged and unsafe.,Transport
Unauthorized shops set up near Park.,Development Authority
encroachment on government land n colony.,Development Authority
Traffic signal malfunctioning near Park.,Transport
Stray dogs attacking people near School.,Municipal
Frequent delays in public buses at Colony. pls do something asap!,Transport
Footpath tiles uneven and dangerous near School.,Public Works Department
Garbage not collected for 4 days near Park.,Municipal
garbage not collected fr 11 days n hospital.,Municipal
Stray dogs attacking people near School.,Municipal
Cement road at Main Road cracked within a week of repair.,Public Works Department
Drainage blocked near Hospital causing flooding.,Public Works Department
Drainage blocked near Metro Station causing flooding.,Public Works Department
Illegal hoardings at Main Road causing obstruction.,Development Authority
"Loud music playing late night at Hospital, no action taken.",Police
Drainage blocked near Colony causing flooding.,Public Works Department
Frequent delays in public buses at Highway.,Transport
Broken road divider at Colony creating risk for vehicles.,Public Works Department
department staff being rude and unhelpful. pls do something asap!,CM Office (Miscellaneous)
Grievance No. CM7472 pending without update.,CM Office (Miscellaneous)
Traffic signal malfunctioning near Bus Stand.,Transport
Group of men harassing women near Bus Stand.,Police
"Drainage overflow at Temple, foul smell everywhere.",Municipal
Still waiting for action on request raised 6 days ago.,CM Office (Miscellaneous)
Public toilet at Metro Station is dirty and broken.,Municipal
"Loud music playing late night at Park, no action taken.",Police
Department staff being rude and unhelpful. pls do something asap!,CM Office (Miscellaneous)
"Road divider missing near Highway, causing accidents.",Transport
Grievance No. CM7958 pending without update.,CM Office (Miscellaneous)
Frequent delays in public buses at Colony. pls do something asap!,Transport
Online complaint portal not working for several days.,CM Office (Miscellaneous)
Grievance No. CM2349 pending without update.,CM Office (Miscellaneous)
Frequent traffic jams near Hospital.,Transport
Illegal construction at Metro Station blocking road access.,Development Authority
Road at Colony has deep potholes causing accidents.,Public Works Department
Road at Highway has deep potholes causing accidents.,Public Works Department
illegal construction @ colony blocking road access.,Development Authority
Assault reported outside Market.,Police
Department staff being rude and unhelpful.,CM Office (Miscellaneous)
Stray dogs attacking people near Highway. pls do something asap!,Municipal
"Road divider missing near Park, causing accidents.",Transport
Officials not responding to grievance at Hospital.,CM Office (Miscellaneous)
Drainage blocked near Park causing flooding.,Public Works Department
Buses not stopping at Park despite schedule.,Transport
Overhead bridge construction delayed near Hospital.,Public Works Department
Filed complaint weeks ago but no response received.,CM Office (Miscellaneous)
buses not stopping @ school despite schedule.,Transport
Newly constructed footpath at Market already broken. pls do something asap!,Public Works Department
Public nuisance by drunk people at Park.,Police
"Burglary reported at Metro Station, no investigation done.",Police
Open manhole causing danger near Hospital.,Municipal
Newly constructed footpath at Colony already broken.,Public Works Department
Illegal construction at Main Road blocking road access.,Development Authority
Public nuisance by drunk people at Bus Stand.,Police
Water supply disrupted since 5 days in Hospital.,Municipal
Building being constructed without permission near Temple.,Development Authority
No acknowledgment received for complaint submitted last week.,CM Office (Miscellaneous)
Road at Main Road has deep potholes causing accidents.,Public Works Department
No sanitation workers seen for a week at Bus Stand.,Municipal
Water supply disrupted since 5 days in Market.,Municipal
group of men harassing women n school.,Police
Group of men harassing women near Colony.,Police
Plot boundaries changed illegally near Hospital.,Development Authority
Water supply disrupted since 7 days in Metro Station.,Municipal
Dumping of debris on open land near Highway.,Development Authority
Encroachment on government land near Bus Stand. pls do something asap!,Development Authority
Chain snatching reported yesterday near School.,Police
Suspicious activities happening around Main Road every night.,Police
Auto drivers overcharging passengers near Metro Station.,Transport
Unauthorized shops set up near Metro Station.,Development Authority
Frequent delays in public buses at School.,Transport
"Burglary reported at Temple, no investigation done.",Police
Illegal construction at Highway blocking road access.,Development Authority
"Burglary reported at School, no investigation done.",Police
Illegal hoardings at School causing obstruction.,Development Authority
Group of men harassing women near Bus Stand.,Police
"Loud music playing late night at Hospital, no action taken.",Police
Encroachment on government land near Park.,Development Authority
No sanitation workers seen for a week at Hospital.,Municipal
Plot boundaries changed illegally near Park.,Development Authority
Cement road at Park cracked within a week of repair.,Public Works Department
Group of men harassing women near Colony.,Police
No acknowledgment received for complaint submitted last week. pls do something asap!,CM Office (Miscellaneous)
"Theft occurred at Main Road, no police arrived yet.",Police
"Road divider missing near Colony, causing accidents.",Transport
"theft occurred @ temple, no police arrived yet.",Police
frequent delays in public buses @ main road.,Transport
Still waiting for action on request raised 5 days ago.,CM Office (Miscellaneous)
No sanitation workers seen for a week at Market.,Municipal
Unauthorized shops set up near Temple.,Development Authority
Stray dogs attacking people near Metro Station.,Municipal
Buses not stopping at Bus Stand despite schedule.,Transport
online complaint portal not working fr several days. pls do something asap!,CM Office (Miscellaneous)
Broken road divider at Bus Stand creating risk for vehicles.,Public Works Department
Building being constructed without permission near Bus Stand.,Development Authority
Overhead bridge construction delayed near Park.,Public Works Department
Road at Colony has deep potholes causing accidents.,Public Works Department
Buses not stopping at Temple despite schedule.,Transport
"Streetlight not working in Park, unsafe at night.",Municipal
Grievance No. CM4348 pending without update.,CM Office (Miscellaneous)
garbage not collected fr 12 days n school.,Municipal
"Burglary reported at Hospital, no investigation done.",Police
Stray dogs attacking people near School.,Municipal
Traffic signal malfunctioning near Main Road.,Transport
Auto drivers overcharging passengers near Highway.,Transport
Department staff being rude and unhelpful.,CM Office (Miscellaneous)
Suspicious activities happening around Colony every night.,Police
Buses not stopping at Park despite schedule.,Transport
Illegal hoardings at Main Road causing obstruction.,Development Authority
Chain snatching reported yesterday near Colony.,Police
Dumping of debris on open land near Metro Station.,Development Authority
Buses not stopping at Colony despite schedule.,Transport
Road at Colony has deep potholes causing accidents.,Public Works Department
Water supply disrupted since 11 days in Highway.,Municipal
Assault reported outside Colony.,Police
Unauthorized shops set up near Market. pls do something asap!,Development Authority
plot boundaries changed illegally n colony.,Development Authority
"drainage overflow @ school, foul smell everywhere.",Municipal
Newly constructed footpath at Metro Station already broken.,Public Works Department
Garbage not collected for 5 days near Bus Stand.,Municipal
Group of men harassing women near Highway.,Police
Building being constructed without permission near School.,Development Authority
Online complaint portal not working for several days.,CM Office (Miscellaneous)
overhead bridge construction delayed n hospital.,Public Works Department
Road at Bus Stand has deep potholes causing accidents.,Public Works Department
No acknowledgment received for complaint submitted last week.,CM Office (Miscellaneous)
Illegal hoardings at Bus Stand causing obstruction.,Development Authority
Bus stop shelter at Colony damaged and unsafe.,Transport
Garbage not collected for 6 days near Metro Station.,Municipal
Chain snatching reported yesterday near Metro Station.,Police
Road at Temple has deep potholes causing accidents.,Public Works Department
Grievance No. CM7720 pending without update.,CM Office (Miscellaneous)
Illegal hoardings at School causing obstruction.,Development Authority
Building being constructed without permission near Bus Stand.,Development Authority
"Burglary reported at School, no investigation done.",Police
"Burglary reported at Park, no investigation done.",Police
Unauthorized shops set up near Park. pls do something asap!,Development Authority
"Loud music playing late night at Main Road, no action taken.",Police
Broken road divider at Market creating risk for vehicles.,Public Works Department
No sanitation workers seen for a week at Highway.,Municipal
Group of men harassing women near Market. pls do something asap!,Police
Garbage not collected for 12 days near Metro Station.,Municipal
Street repair left incomplete at Colony.,Public Works Department
broken road divider @ park cre@ing risk fr vehicles.,Public Works Department
Newly constructed footpath at Temple already broken.,Public Works Department
Assault reported outside Main Road.,Police
"Drainage overflow at Temple, foul smell everywhere.",Municipal
Land dispute reported at Park.,Development Authority
Frequent delays in public buses at Metro Station.,Transport
Land dispute reported at Hospital.,Development Authority
buses not stopping @ park despite schedule.,Transport
Plot boundaries changed illegally near Highway. pls do something asap!,Development Authority
No sanitation workers seen for a week at School.,Municipal
Open manhole causing danger near Bus Stand.,Municipal
Unauthorized shops set up near Bus Stand.,Development Authority
Garbage not collected for 6 days near Hospital.,Municipal
Illegal construction at Main Road blocking road access.,Development Authority
No acknowledgment received for complaint submitted last week. pls do something asap!,CM Office (Miscellaneous)
Road at Metro Station has deep potholes causing accidents. pls do something asap!,Public Works Department
Drainage blocked near Main Road causing flooding.,Public Works Department
Building being constructed without permission near Park.,Development Authority
Auto drivers overcharging passengers near Market.,Transport
Unauthorized shops set up near Highway.,Development Authority
Online complaint portal not working for several days.,CM Office (Miscellaneous)
No sanitation workers seen for a week at Colony.,Municipal
Water supply disrupted since 2 days in Metro Station.,Municipal
No acknowledgment received for complaint submitted last week.,CM Office (Miscellaneous)
auto drivers overcharging passengers n highway.,Transport
Buses not stopping at Colony despite schedule.,Transport
Dumping of debris on open land near Hospital.,Development Authority
No sanitation workers seen for a week at Bus Stand.,Municipal
Suspicious activities happening around School every night.,Police
Group of men harassing women near Main Road.,Police
Repeated complaints ignored by department.,CM Office (Miscellaneous)
Overhead bridge construction delayed near Main Road.,Public Works Department
Road at Hospital has deep potholes causing accidents. pls do something asap!,Public Works Department
Encroachment on government land near Market.,Development Authority
Cement road at Market cracked within a week of repair. pls do something asap!,Public Works Department
Repeated complaints ignored by department.,CM Office (Miscellaneous)
Public toilet at School is dirty and broken.,Municipal
Plot boundaries changed illegally near Colony.,Development Authority
Open manhole causing danger near Temple.,Municipal
Water supply disrupted since 8 days in Temple.,Municipal
Suspicious activities happening around Park every night.,Police
Plot boundaries changed illegally near Bus Stand.,Development Authority
Filed complaint weeks ago but no response received.,CM Office (Miscellaneous)
Plot boundaries changed illegally near Colony.,Development Authority
still waiting fr action on request raised 10 days ago.,CM Office (Miscellaneous)
Overhead bridge construction delayed near School.,Public Works Department
Frequent delays in public buses at Park.,Transport
No acknowledgment received for complaint submitted last week.,CM Office (Miscellaneous)
frequent delays in public buses @ market.,Transport
"road divider missing n highway, causing accidents.",Transport
Land dispute reported at Hospital. pls do something asap!,Development Authority
suspicious activities happening around main road every night.,Police
Open manhole causing danger near Market.,Municipal
Public nuisance by drunk people at Highway.,Police
public toilet @ colony is dirty and broken.,Municipal
Cement road at Hospital cracked within a week of repair.,Public Works Department
Public nuisance by drunk people at Bus Stand.,Police
Cement road at Hospital cracked within a week of repair.,Public Works Department
Illegal construction at Bus Stand blocking road access. pls do something asap!,Development Authority
Water supply disrupted since 12 days in Park.,Municipal
Land dispute reported at School.,Development Authority
Heavy vehicles blocking main road near Colony.,Transport
Assault reported outside Highway.,Police
chain sn@ching reported yesterday n bus stand.,Police
Still waiting for action on request raised 10 days ago.,CM Office (Miscellaneous)
"loud music playing l@e night @ temple, no action taken.",Police
Land dispute reported at Colony.,Development Authority
"Road divider missing near Market, causing accidents.",Transport
Grievance No. CM6361 pending without update.,CM Office (Miscellaneous)
Overhead bridge construction delayed near Metro Station.,Public Works Department
"Road divider missing near School, causing accidents.",Transport
"Streetlight not working in Main Road, unsafe at night.",Municipal
"Loud music playing late night at Market, no action taken.",Police
Suspicious activities happening around Temple every night.,Police
Public toilet at Temple is dirty and broken.,Municipal
land dispute reported @ park.,Development Authority
Auto drivers overcharging passengers near Highway.,Transport
Public nuisance by drunk people at Park.,Police
Officials not responding to grievance at Bus Stand. pls do something asap!,CM Office (Miscellaneous)
Public toilet at Metro Station is dirty and broken.,Municipal
Still waiting for action on request raised 13 days ago.,CM Office (Miscellaneous)
Repeated complaints ignored by department.,CM Office (Miscellaneous)
Frequent traffic jams near Park.,Transport
Heavy vehicles blocking main road near Metro Station. pls do something asap!,Transport
Illegal hoardings at Park causing obstruction.,Development Authority
Dumping of debris on open land near Bus Stand.,Development Authority
Illegal hoardings at Hospital causing obstruction.,Development Authority
Illegal construction at Colony blocking road access.,Development Authority
Encroachment on government land near Market.,Development Authority
No acknowledgment received for complaint submitted last week.,CM Office (Miscellaneous)
Unauthorized shops set up near Market.,Development Authority
Broken road divider at Colony creating risk for vehicles.,Public Works Department
Filed complaint weeks ago but no response received. pls do something asap!,CM Office (Miscellaneous)
No sanitation workers seen for a week at Highway.,Municipal
Building being constructed without permission near Park.,Development Authority
"road divider missing n metro st@ion, causing accidents.",Transport
Department staff being rude and unhelpful.,CM Office (Miscellaneous)
Newly constructed footpath at Main Road already broken. pls do something asap!,Public Works Department
Garbage not collected for 2 days near Park.,Municipal
Chain snatching reported yesterday near Colony.,Police
"drainage overflow @ highway, foul smell everywhere.",Municipal
"Drainage overflow at Hospital, foul smell everywhere.",Municipal
illegal construction @ school blocking road access. pls do something asap!,Development Authority
Frequent delays in public buses at Highway.,Transport
Frequent traffic jams near Park.,Transport
Water supply disrupted since 4 days in Market.,Municipal
Heavy vehicles blocking main road near Colony.,Transport
Broken road divider at School creating risk for vehicles.,Public Works Department
frequent delays in public buses @ temple.,Transport
Cement road at Highway cracked within a week of repair.,Public Works Department
Unauthorized shops set up near School.,Development Authority
Online complaint portal not working for several days.,CM Office (Miscellaneous)
Online complaint portal not working for several days.,CM Office (Miscellaneous)
Broken road divider at Colony creating risk for vehicles.,Public Works Department
"Drainage overflow at Bus Stand, foul smell everywhere.",Municipal
no acknowledgment received fr complaint submitted last week.,CM Office (Miscellaneous)
Broken road divider at Bus Stand creating risk for vehicles.,Public Works Department
Building being constructed without permission near Park.,Development Authority
Illegal hoardings at Highway causing obstruction.,Development Authority
"streetlight not working in market, unsafe @ night.",Municipal
Chain snatching reported yesterday near Hospital.,Police
No sanitation workers seen for a week at Colony.,Municipal
Officials not responding to grievance at Market.,CM Office (Miscellaneous)
Heavy vehicles blocking main road near Main Road.,Transport
Water supply disrupted since 14 days in Colony.,Municipal
Officials not responding to grievance at Hospital.,CM Office (Miscellaneous)
"Burglary reported at Temple, no investigation done.",Police
Repeated complaints ignored by department.,CM Office (Miscellaneous)
no sanit@ion workers seen fr a week @ main road.,Municipal
Repeated complaints ignored by department.,CM Office (Miscellaneous)
Chain snatching reported yesterday near Hospital. pls do something asap!,Police
Cement road at Highway cracked within a week of repair.,Public Works Department
"Road divider missing near Colony, causing accidents.",Transport
Unauthorized shops set up near Park.,Development Authority
Overhead bridge construction delayed near Main Road.,Public Works Department
No sanitation workers seen for a week at Highway.,Municipal
Unauthorized shops set up near Main Road.,Development Authority
Dumping of debris on open land near Metro Station.,Development Authority
Footpath tiles uneven and dangerous near Highway.,Public Works Department
Street repair left incomplete at Market.,Public Works Department
Plot boundaries changed illegally near Main Road.,Development Authority
Dumping of debris on open land near Park.,Development Authority
Plot boundaries changed illegally near School.,Development Authority
Plot boundaries changed illegally near Hospital.,Development Authority
Dumping of debris on open land near Temple.,Development Authority
Department staff being rude and unhelpful.,CM Office (Miscellaneous)
Suspicious activities happening around Temple every night. pls do something asap!,Police
Repeated complaints ignored by department.,CM Office (Miscellaneous)
Land dispute reported at Park.,Development Authority
Water supply disrupted since 7 days in School.,Municipal
no acknowledgment received fr complaint submitted last week.,CM Office (Miscellaneous)
Encroachment on government land near Main Road.,Development Authority
Cement road at Temple cracked within a week of repair.,Public Works Department
Land dispute reported at Main Road.,Development Authority
No sanitation workers seen for a week at Colony.,Municipal
"burglary reported @ market, no investig@ion done.",Police
Land dispute reported at Main Road.,Development Authority
Garbage not collected for 11 days near Hospital.,Municipal
plot boundaries changed illegally n main road.,Development Authority
Frequent delays in public buses at Metro Station.,Transport
Newly constructed footpath at Market already broken.,Public Works Department
Department staff being rude and unhelpful.,CM Office (Miscellaneous)
Unauthorized shops set up near Colony.,Development Authority
Overhead bridge construction delayed near Temple.,Public Works Department
Heavy vehicles blocking main road near Highway.,Transport
Plot boundaries changed illegally near Colony.,Development Authority
auto drivers overcharging passengers n park.,Transport
Bus stop shelter at Bus Stand damaged and unsafe. pls do something asap!,Transport
Chain snatching reported yesterday near School.,Police
Garbage not collected for 12 days near Colony.,Municipal
Frequent delays in public buses at Park.,Transport
Chain snatching reported yesterday near Main Road. pls do something asap!,Police
w@er supply disrupted since 2 days in temple.,Municipal
Online complaint portal not working for several days.,CM Office (Miscellaneous)
"Theft occurred at School, no police arrived yet.",Police
Open manhole causing danger near Market.,Municipal
Unauthorized shops set up near Highway. pls do something asap!,Development Authority
"Loud music playing late night at School, no action taken.",Police
"Drainage overflow at Main Road, foul smell everywhere.",Municipal
"burglary reported @ colony, no investig@ion done.",Police
"Drainage overflow at Main Road, foul smell everywhere.",Municipal
Stray dogs attacking people near Colony.,Municipal
Stray dogs attacking people near Highway.,Municipal
w@er supply disrupted since 12 days in temple. pls do something asap!,Municipal
public toilet @ main road is dirty and broken.,Municipal
still waiting fr action on request raised 11 days ago.,CM Office (Miscellaneous)
Assault reported outside Park.,Police
Open manhole causing danger near Main Road. pls do something asap!,Municipal
road @ main road has deep potholes causing accidents. pls do something asap!,Public Works Department
"Drainage overflow at Main Road, foul smell everywhere.",Municipal
Land dispute reported at Colony.,Development Authority
Road at Highway has deep potholes causing accidents.,Public Works Department
Officials not responding to grievance at Bus Stand.,CM Office (Miscellaneous)
Cement road at School cracked within a week of repair.,Public Works Department
Road at Highway has deep potholes causing accidents.,Public Works Department
Group of men harassing women near Colony.,Police
Still waiting for action on request raised 6 days ago.,CM Office (Miscellaneous)
footp@h tiles uneven and dangerous n colony.,Public Works Department
Illegal construction at Hospital blocking road access.,Development Authority
Frequent traffic jams near Metro Station.,Transport
Plot boundaries changed illegally near Highway.,Development Authority
Newly constructed footpath at Bus Stand already broken.,Public Works Department
"Road divider missing near Market, causing accidents. pls do something asap!",Transport
Auto drivers overcharging passengers near Market.,Transport
"Loud music playing late night at Temple, no action taken.",Police
Public nuisance by drunk people at Bus Stand.,Police
"Streetlight not working in School, unsafe at night.",Municipal
land dispute reported @ school.,Development Authority
Footpath tiles uneven and dangerous near Market.,Public Works Department
Illegal construction at Bus Stand blocking road access.,Development Authority
bus stop shelter @ market damaged and unsafe.,Transport
Street repair left incomplete at Main Road.,Public Works Department
Online complaint portal not working for several days.,CM Office (Miscellaneous)
"Loud music playing late night at Colony, no action taken.",Police
No sanitation workers seen for a week at Market.,Municipal
"Theft occurred at Highway, no police arrived yet.",Police
Dumping of debris on open land near School.,Development Authority
No acknowledgment received for complaint submitted last week. pls do something asap!,CM Office (Miscellaneous)
"Streetlight not working in Metro Station, unsafe at night.",Municipal
No acknowledgment received for complaint submitted last week.,CM Office (Miscellaneous)
Grievance No. CM6275 pending without update.,CM Office (Miscellaneous)
Public nuisance by drunk people at Hospital.,Police
Assault reported outside Bus Stand.,Police
Drainage blocked near Park causing flooding.,Public Works Department
Still waiting for action on request raised 7 days ago.,CM Office (Miscellaneous)
no sanit@ion workers seen fr a week @ school.,Municipal
"Theft occurred at School, no police arrived yet.",Police
Grievance No. CM6116 pending without update.,CM Office (Miscellaneous)
Broken road divider at Highway creating risk for vehicles.,Public Works Department
"Theft occurred at Market, no police arrived yet.",Police
"Loud music playing late night at Highway, no action taken.",Police
Officials not responding to grievance at Colony.,CM Office (Miscellaneous)
Garbage not collected for 4 days near Park.,Municipal
Department staff being rude and unhelpful.,CM Office (Miscellaneous)
Department staff being rude and unhelpful.,CM Office (Miscellaneous)
No sanitation workers seen for a week at Main Road.,Municipal
Online complaint portal not working for several days.,CM Office (Miscellaneous)
Frequent traffic jams near Temple.,Transport
Department staff being rude and unhelpful.,CM Office (Miscellaneous)
Online complaint portal not working for several days.,CM Office (Miscellaneous)
"theft occurred @ market, no police arrived yet.",Police
"Streetlight not working in Hospital, unsafe at night.",Municipal
"road divider missing n colony, causing accidents.",Transport
Stray dogs attacking people near Park.,Municipal
"Streetlight not working in Hospital, unsafe at night.",Municipal
still waiting fr action on request raised 14 days ago.,CM Office (Miscellaneous)
Encroachment on government land near Highway.,Development Authority
Broken road divider at Bus Stand creating risk for vehicles.,Public Works Department
"Streetlight not working in School, unsafe at night.",Municipal
Broken road divider at School creating risk for vehicles.,Public Works Department
Road at Colony has deep potholes causing accidents.,Public Works Department
suspicious activities happening around park every night.,Police
Auto drivers overcharging passengers near Temple.,Transport
Officials not responding to grievance at Main Road.,CM Office (Miscellaneous)
"theft occurred @ metro st@ion, no police arrived yet.",Police
Footpath tiles uneven and dangerous near Temple.,Public Works Department
Land dispute reported at Park.,Development Authority
Water supply disrupted since 6 days in Bus Stand.,Municipal
Road at Main Road has deep potholes causing accidents.,Public Works Department
buses not stopping @ school despite schedule.,Transport
Illegal hoardings at Temple causing obstruction.,Development Authority
Road at Colony has deep potholes causing accidents.,Public Works Department
Suspicious activities happening around Main Road every night.,Police
Street repair left incomplete at Hospital. pls do something asap!,Public Works Department
Filed complaint weeks ago but no response received.,CM Office (Miscellaneous)
Heavy vehicles blocking main road near Colony. pls do something asap!,Transport
Land dispute reported at Park.,Development Authority
Building being constructed without permission near Park.,Development Authority
No acknowledgment received for complaint submitted last week.,CM Office (Miscellaneous)
Group of men harassing women near Temple.,Police
Encroachment on government land near Bus Stand.,Development Authority
Assault reported outside Hospital. pls do something asap!,Police
No acknowledgment received for complaint submitted last week.,CM Office (Miscellaneous)
Footpath tiles uneven and dangerous near Temple.,Public Works Department
"Streetlight not working in Metro Station, unsafe at night.",Municipal
Repeated complaints ignored by department.,CM Office (Miscellaneous)
Garbage not collected for 12 days near Park.,Municipal
"Road divider missing near Temple, causing accidents.",Transport
Still waiting for action on request raised 12 days ago.,CM Office (Miscellaneous)
"Burglary reported at Highway, no investigation done.",Police
No sanitation workers seen for a week at Hospital.,Municipal
overhead bridge construction delayed n colony.,Public Works Department
assault reported outside park.,Police
Department staff being rude and unhelpful.,CM Office (Miscellaneous)
No sanitation workers seen for a week at School.,Municipal
"Road divider missing near Temple, causing accidents.",Transport
Assault reported outside Hospital.,Police
Frequent traffic jams near Highway.,Transport
Assault reported outside Temple.,Police
Illegal hoardings at School causing obstruction.,Development Authority
Department staff being rude and unhelpful.,CM Office (Miscellaneous)
Group of men harassing women near Colony.,Police
Filed complaint weeks ago but no response received.,CM Office (Miscellaneous)
Public toilet at Highway is dirty and broken.,Municipal
Department staff being rude and unhelpful.,CM Office (Miscellaneous)
"Drainage overflow at Colony, foul smell everywhere.",Municipal
Plot boundaries changed illegally near Market.,Development Authority
Chain snatching reported yesterday near Park.,Police
frequent delays in public buses @ hospital.,Transport
Drainage blocked near School causing flooding.,Public Works Department
Cement road at Bus Stand cracked within a week of repair.,Public Works Department
"Burglary reported at Hospital, no investigation done.",Police
Illegal hoardings at Temple causing obstruction.,Development Authority
suspicious activities happening around school every night.,Police
illegal construction @ hospital blocking road access.,Development Authority
Filed complaint weeks ago but no response received.,CM Office (Miscellaneous)
Stray dogs attacking people near Park.,Municipal
Auto drivers overcharging passengers near Bus Stand. pls do something asap!,Transport
Department staff being rude and unhelpful.,CM Office (Miscellaneous)
Overhead bridge construction delayed near Metro Station.,Public Works Department
Water supply disrupted since 13 days in Temple.,Municipal
No acknowledgment received for complaint submitted last week.,CM Office (Miscellaneous)
Stray dogs attacking people near Highway.,Municipal
Newly constructed footpath at Bus Stand already broken.,Public Works Department
Public toilet at Colony is dirty and broken.,Municipal
Illegal construction at Bus Stand blocking road access.,Development Authority
"Theft occurred at Temple, no police arrived yet.",Police
Group of men harassing women near Bus Stand.,Police
Dumping of debris on open land near Bus Stand.,Development Authority
Water supply disrupted since 10 days in Park. pls do something asap!,Municipal
Stray dogs attacking people near Highway.,Municipal
"Burglary reported at School, no investigation done.",Police
Water supply disrupted since 4 days in Metro Station.,Municipal
Still waiting for action on request raised 13 days ago.,CM Office (Miscellaneous)
No acknowledgment received for complaint submitted last week.,CM Office (Miscellaneous)
Illegal construction at Temple blocking road access.,Development Authority
"Loud music playing late night at Bus Stand, no action taken.",Police
frequent traffic jams n market.,Transport
Officials not responding to grievance at Hospital.,CM Office (Miscellaneous)
Garbage not collected for 12 days near Highway.,Municipal
Illegal construction at Highway blocking road access.,Development Authority
Bus stop shelter at School damaged and unsafe.,Transport
Building being constructed without permission near Temple.,Development Authority
Department staff being rude and unhelpful.,CM Office (Miscellaneous)
Garbage not collected for 13 days near Bus Stand.,Municipal
Officials not responding to grievance at Park.,CM Office (Miscellaneous)
Encroachment on government land near Colony.,Development Authority
Suspicious activities happening around Market every night.,Police
Cement road at School cracked within a week of repair.,Public Works Department
Overhead bridge construction delayed near Highway.,Public Works Department
"Drainage overflow at Temple, foul smell everywhere.",Municipal
No sanitation workers seen for a week at School.,Municipal
illegal hoardings @ market causing obstruction.,Development Authority
frequent delays in public buses @ highway.,Transport
Heavy vehicles blocking main road near Main Road.,Transport
Broken road divider at Bus Stand creating risk for vehicles.,Public Works Department
No acknowledgment received for complaint submitted last week.,CM Office (Miscellaneous)
traffic signal malfunctioning n main road.,Transport
Water supply disrupted since 6 days in Market.,Municipal
"streetlight not working in colony, unsafe @ night.",Municipal
Illegal construction at Temple blocking road access.,Development Authority
Auto drivers overcharging passengers near Metro Station.,Transport
repe@ed complaints ignored by department.,CM Office (Miscellaneous)
newly constructed footp@h @ hospital already broken. pls do something asap!,Public Works Department
Plot boundaries changed illegally near Park. pls do something asap!,Development Authority
Plot boundaries changed illegally near Park.,Development Authority
Illegal construction at Temple blocking road access.,Development Authority
Overhead bridge construction delayed near Highway.,Public Works Department
Illegal construction at Hospital blocking road access.,Development Authority
Overhead bridge construction delayed near Metro Station.,Public Works Department
Frequent traffic jams near School. pls do something asap!,Transport
"Theft occurred at Temple, no police arrived yet.",Police
Buses not stopping at Metro Station despite schedule.,Transport
Frequent delays in public buses at Temple.,Transport
"Burglary reported at Market, no investigation done.",Police
public toilet @ temple is dirty and broken.,Municipal
Footpath tiles uneven and dangerous near School.,Public Works Department
Public nuisance by drunk people at Highway.,Police
Suspicious activities happening around Park every night.,Police
Assault reported outside Colony. pls do something asap!,Police
"Streetlight not working in School, unsafe at night.",Municipal
Encroachment on government land near Market.,Development Authority
Plot boundaries changed illegally near Highway.,Development Authority
No acknowledgment received for complaint submitted last week.,CM Office (Miscellaneous)
Newly constructed footpath at Colony already broken.,Public Works Department
Frequent delays in public buses at Park.,Transport
filed complaint weeks ago but no response received.,CM Office (Miscellaneous)
Traffic signal malfunctioning near Bus Stand.,Transport
Road at Highway has deep potholes causing accidents.,Public Works Department
Newly constructed footpath at Temple already broken.,Public Works Department
Plot boundaries changed illegally near Market.,Development Authority
suspicious activities happening around main road every night.,Police
drainage blocked n main road causing flooding.,Public Works Department
Bus stop shelter at Market damaged and unsafe.,Transport
Buses not stopping at Highway despite schedule.,Transport
Public toilet at Park is dirty and broken.,Municipal
Footpath tiles uneven and dangerous near Bus Stand.,Public Works Department
Building being constructed without permission near Main Road.,Development Authority
Illegal construction at Colony blocking road access.,Development Authority
Assault reported outside Market.,Police
Department staff being rude and unhelpful.,CM Office (Miscellaneous)
No sanitation workers seen for a week at Market.,Municipal
Drainage blocked near Colony causing flooding.,Public Works Department
No acknowledgment received for complaint submitted last week.,CM Office (Miscellaneous)
Filed complaint weeks ago but no response received.,CM Office (Miscellaneous)
Filed complaint weeks ago but no response received.,CM Office (Miscellaneous)
"Drainage overflow at Main Road, foul smell everywhere. pls do something asap!",Municipal
Auto drivers overcharging passengers near Metro Station.,Transport
Still waiting for action on request raised 4 days ago.,CM Office (Miscellaneous)
"Theft occurred at Temple, no police arrived yet.",Police
"Burglary reported at Park, no investigation done.",Police
Overhead bridge construction delayed near Main Road.,Public Works Department
Drainage blocked near Temple causing flooding. pls do something asap!,Public Works Department
No sanitation workers seen for a week at Main Road. pls do something asap!,Municipal
Street repair left incomplete at Market.,Public Works Department
Plot boundaries changed illegally near Highway.,Development Authority
Garbage not collected for 11 days near School.,Municipal
Bus stop shelter at School damaged and unsafe.,Transport
Street repair left incomplete at Highway.,Public Works Department
Grievance No. CM1576 pending without update.,CM Office (Miscellaneous)
footp@h tiles uneven and dangerous n bus stand.,Public Works Department
Street repair left incomplete at School. pls do something asap!,Public Works Department
grievance no. cm6135 pending without upd@e.,CM Office (Miscellaneous)
Open manhole causing danger near School.,Municipal
Newly constructed footpath at Park already broken.,Public Works Department
Frequent delays in public buses at Metro Station.,Transport
Garbage not collected for 13 days near Metro Station.,Municipal
Public toilet at Hospital is dirty and broken.,Municipal
Assault reported outside Colony. pls do something asap!,Police
Group of men harassing women near Colony.,Police
Dumping of debris on open land near Park.,Development Authority
Illegal hoardings at School causing obstruction.,Development Authority
"streetlight not working in park, unsafe @ night.",Municipal
No acknowledgment received for complaint submitted last week. pls do something asap!,CM Office (Miscellaneous)
Repeated complaints ignored by department.,CM Office (Miscellaneous)
Public toilet at Park is dirty and broken.,Municipal
Chain snatching reported yesterday near Metro Station.,Police
road @ school has deep potholes causing accidents.,Public Works Department
Overhead bridge construction delayed near Bus Stand.,Public Works Department
Repeated complaints ignored by department.,CM Office (Miscellaneous)
Stray dogs attacking people near Market.,Municipal
Street repair left incomplete at Hospital.,Public Works Department
Auto drivers overcharging passengers near School.,Transport
"Drainage overflow at Temple, foul smell everywhere.",Municipal
"loud music playing l@e night @ highway, no action taken.",Police
Illegal construction at Park blocking road access.,Development Authority
Road at Bus Stand has deep potholes causing accidents.,Public Works Department
Encroachment on government land near Park. pls do something asap!,Development Authority
"Drainage overflow at Park, foul smell everywhere.",Municipal
broken road divider @ highway cre@ing risk fr vehicles.,Public Works Department
Traffic signal malfunctioning near Main Road.,Transport
Garbage not collected for 4 days near Hospital.,Municipal
Dumping of debris on open land near Bus Stand. pls do something asap!,Development Authority
Bus stop shelter at Highway damaged and unsafe.,Transport
Road at Main Road has deep potholes causing accidents.,Public Works Department
Bus stop shelter at Bus Stand damaged and unsafe.,Transport
Heavy vehicles blocking main road near Park.,Transport
Unauthorized shops set up near Market.,Development Authority
Auto drivers overcharging passengers near Park.,Transport
"road divider missing n highway, causing accidents.",Transport
w@er supply disrupted since 9 days in metro st@ion.,Municipal
Suspicious activities happening around Highway every night.,Police
land dispute reported @ school.,Development Authority
"Theft occurred at Bus Stand, no police arrived yet.",Police
Unauthorized shops set up near Metro Station.,Development Authority
overhead bridge construction delayed n park.,Public Works Department
Open manhole causing danger near Market.,Municipal
Frequent delays in public buses at Bus Stand.,Transport
Officials not responding to grievance at Main Road.,CM Office (Miscellaneous)
Cement road at Temple cracked within a week of repair.,Public Works Department
Dumping of debris on open land near Market.,Development Authority
Public toilet at Metro Station is dirty and broken.,Municipal
Grievance No. CM9446 pending without update.,CM Office (Miscellaneous)
Frequent delays in public buses at Hospital.,Transport
Illegal hoardings at Metro Station causing obstruction.,Development Authority
Broken road divider at Metro Station creating risk for vehicles.,Public Works Department
plot boundaries changed illegally n colony.,Development Authority
Frequent delays in public buses at Metro Station.,Transport
Plot boundaries changed illegally near Market.,Development Authority
Broken road divider at Metro Station creating risk for vehicles.,Public Works Department
chain sn@ching reported yesterday n metro st@ion.,Police
Frequent delays in public buses at Market.,Transport
Illegal hoardings at Park causing obstruction.,Development Authority
Suspicious activities happening around Metro Station every night.,Police
Unauthorized shops set up near Colony.,Development Authority
Assault reported outside Main Road.,Police
Drainage blocked near Temple causing flooding.,Public Works Department
no acknowledgment received fr complaint submitted last week.,CM Office (Miscellaneous)
newly constructed footp@h @ main road already broken.,Public Works Department
Plot boundaries changed illegally near Hospital.,Development Authority
Garbage not collected for 4 days near Metro Station.,Municipal
"Loud music playing late night at Bus Stand, no action taken. pls do something asap!",Police
Cement road at School cracked within a week of repair.,Public Works Department
Road at Temple has deep potholes causing accidents.,Public Works Department
Online complaint portal not working for several days.,CM Office (Miscellaneous)
"Road divider missing near Market, causing accidents.",Transport
"Streetlight not working in Main Road, unsafe at night.",Municipal
Still waiting for action on request raised 14 days ago.,CM Office (Miscellaneous)
Road at Metro Station has deep potholes causing accidents.,Public Works Department
Frequent delays in public buses at Bus Stand.,Transport
Open manhole causing danger near Temple.,Municipal
Unauthorized shops set up near Hospital.,Development Authority
Stray dogs attacking people near Metro Station. pls do something asap!,Municipal
illegal construction @ park blocking road access.,Development Authority
Auto drivers overcharging passengers near Hospital.,Transport
Street repair left incomplete at Temple.,Public Works Department
buses not stopping @ bus stand despite schedule.,Transport
Stray dogs attacking people near Main Road.,Municipal
No acknowledgment received for complaint submitted last week. pls do something asap!,CM Office (Miscellaneous)
"Loud music playing late night at School, no action taken.",Police
Chain snatching reported yesterday near School.,Police
No acknowledgment received for complaint submitted last week.,CM Office (Miscellaneous)
Broken road divider at Highway creating risk for vehicles.,Public Works Department
Frequent delays in public buses at Bus Stand.,Transport
"Loud music playing late night at School, no action taken.",Police
Public toilet at Bus Stand is dirty and broken.,Municipal
Traffic signal malfunctioning near Market.,Transport
Public toilet at Colony is dirty and broken.,Municipal
Encroachment on government land near Highway.,Development Authority
Traffic signal malfunctioning near Colony.,Transport
No sanitation workers seen for a week at Colony.,Municipal
open manhole causing danger n school.,Municipal
Overhead bridge construction delayed near Main Road.,Public Works Department
"Drainage overflow at Market, foul smell everywhere.",Municipal
"Streetlight not working in Bus Stand, unsafe at night.",Municipal
Filed complaint weeks ago but no response received.,CM Office (Miscellaneous)
No sanitation workers seen for a week at School.,Municipal
bus stop shelter @ highway damaged and unsafe.,Transport
Bus stop shelter at Market damaged and unsafe.,Transport
Public toilet at School is dirty and broken.,Municipal
Chain snatching reported yesterday near Highway.,Police
Stray dogs attacking people near Colony.,Municipal
Filed complaint weeks ago but no response received.,CM Office (Miscellaneous)
Stray dogs attacking people near Main Road.,Municipal
Assault reported outside Main Road.,Police
Suspicious activities happening around Temple every night.,Police
"Burglary reported at Temple, no investigation done.",Police
illegal hoardings @ metro st@ion causing obstruction.,Development Authority
frequent delays in public buses @ hospital.,Transport
Buses not stopping at Metro Station despite schedule.,Transport
Garbage not collected for 13 days near Park. pls do something asap!,Municipal
Assault reported outside Park.,Police
Plot boundaries changed illegally near Colony.,Development Authority
Encroachment on government land near Temple.,Development Authority
Dumping of debris on open land near Highway.,Development Authority
Group of men harassing women near Park.,Police
Stray dogs attacking people near Colony.,Municipal
Open manhole causing danger near Temple.,Municipal
Suspicious activities happening around Main Road every night. pls do something asap!,Police
Cement road at Park cracked within a week of repair.,Public Works Department
Frequent delays in public buses at Highway.,Transport
Department staff being rude and unhelpful.,CM Office (Miscellaneous)
Water supply disrupted since 7 days in Market. pls do something asap!,Municipal
"streetlight not working in metro st@ion, unsafe @ night.",Municipal
Still waiting for action on request raised 6 days ago.,CM Office (Miscellaneous)
Building being constructed without permission near School.,Development Authority
Chain snatching reported yesterday near Temple.,Police
Illegal construction at Metro Station blocking road access.,Development Authority
department staff being rude and unhelpful.,CM Office (Miscellaneous)
Footpath tiles uneven and dangerous near Hospital.,Public Works Department
encroachment on government land n bus stand.,Development Authority
Frequent delays in public buses at Metro Station.,Transport
Auto drivers overcharging passengers near School.,Transport
land dispute reported @ main road.,Development Authority
Footpath tiles uneven and dangerous near Temple.,Public Works Department
Broken road divider at Market creating risk for vehicles.,Public Works Department
"Theft occurred at Bus Stand, no police arrived yet.",Police
Illegal construction at Metro Station blocking road access.,Development Authority
Traffic signal malfunctioning near Temple.,Transport
Open manhole causing danger near Colony.,Municipal
Heavy vehicles blocking main road near Metro Station.,Transport
Still waiting for action on request raised 11 days ago.,CM Office (Miscellaneous)
Repeated complaints ignored by department. pls do something asap!,CM Office (Miscellaneous)
Dumping of debris on open land near Main Road.,Development Authority
Assault reported outside Main Road.,Police
broken road divider @ main road cre@ing risk fr vehicles.,Public Works Department
Still waiting for action on request raised 12 days ago.,CM Office (Miscellaneous)
Filed complaint weeks ago but no response received.,CM Office (Miscellaneous)
Broken road divider at Bus Stand creating risk for vehicles.,Public Works Department
Road at Highway has deep potholes causing accidents.,Public Works Department
overhead bridge construction delayed n colony.,Public Works Department
public nuisance by drunk people @ bus stand.,Police
Illegal construction at Metro Station blocking road access.,Development Authority
Online complaint portal not working for several days.,CM Office (Miscellaneous)
Street repair left incomplete at Hospital.,Public Works Department
Street repair left incomplete at Temple.,Public Works Department
Plot boundaries changed illegally near Hospital. pls do something asap!,Development Authority
Buses not stopping at Highway despite schedule.,Transport
Heavy vehicles blocking main road near Main Road. pls do something asap!,Transport
Water supply disrupted since 12 days in Metro Station.,Municipal
Department staff being rude and unhelpful.,CM Office (Miscellaneous)
Cement road at Hospital cracked within a week of repair. pls do something asap!,Public Works Department
Unauthorized shops set up near Hospital.,Development Authority
Auto drivers overcharging passengers near Bus Stand.,Transport
repe@ed complaints ignored by department.,CM Office (Miscellaneous)
No acknowledgment received for complaint submitted last week.,CM Office (Miscellaneous)
Group of men harassing women near Metro Station.,Police
Street repair left incomplete at Park.,Public Works Department
Chain snatching reported yesterday near Metro Station.,Police
illegal hoardings @ park causing obstruction. pls do something asap!,Development Authority
traffic signal malfunctioning n bus stand.,Transport
"drainage overflow @ park, foul smell everywhere.",Municipal
Open manhole causing danger near Highway.,Municipal
Dumping of debris on open land near School. pls do something asap!,Development Authority
Broken road divider at Temple creating risk for vehicles.,Public Works Department
Drainage blocked near Colony causing flooding.,Public Works Department
Heavy vehicles blocking main road near Highway.,Transport
Heavy vehicles blocking main road near Temple.,Transport
no sanit@ion workers seen fr a week @ park.,Municipal
Plot boundaries changed illegally near Market.,Development Authority
frequent delays in public buses @ bus stand.,Transport
Frequent delays in public buses at Metro Station.,Transport
Overhead bridge construction delayed near Hospital.,Public Works Department
encroachment on government land n highway.,Development Authority
Assault reported outside Metro Station.,Police
Encroachment on government land near Metro Station. pls do something asap!,Development Authority
Water supply disrupted since 7 days in Hospital.,Municipal
Grievance No. CM8621 pending without update.,CM Office (Miscellaneous)
Repeated complaints ignored by department.,CM Office (Miscellaneous)
stray dogs @tacking people n colony.,Municipal
Street repair left incomplete at Bus Stand.,Public Works Department
"Burglary reported at Main Road, no investigation done.",Police
"Theft occurred at Market, no police arrived yet.",Police
Street repair left incomplete at Temple.,Public Works Department
bus stop shelter @ colony damaged and unsafe.,Transport
Online complaint portal not working for several days.,CM Office (Miscellaneous)
Plot boundaries changed illegally near Main Road.,Development Authority
group of men harassing women n highway.,Police
Heavy vehicles blocking main road near Metro Station. pls do something asap!,Transport
Encroachment on government land near Temple. pls do something asap!,Development Authority
footp@h tiles uneven and dangerous n school.,Public Works Department
repe@ed complaints ignored by department.,CM Office (Miscellaneous)
"Road divider missing near Park, causing accidents.",Transport
online complaint portal not working fr several days.,CM Office (Miscellaneous)
filed complaint weeks ago but no response received.,CM Office (Miscellaneous)
"Road divider missing near Colony, causing accidents.",Transport
Frequent traffic jams near Hospital.,Transport
Overhead bridge construction delayed near Main Road.,Public Works Department
Water supply disrupted since 9 days in Park.,Municipal
Street repair left incomplete at Temple.,Public Works Department
no sanit@ion workers seen fr a week @ main road.,Municipal
Online complaint portal not working for several days.,CM Office (Miscellaneous)
Illegal construction at Colony blocking road access.,Development Authority
Frequent traffic jams near Market. pls do something asap!,Transport
Auto drivers overcharging passengers near Market.,Transport
broken road divider @ park cre@ing risk fr vehicles.,Public Works Department
broken road divider @ park cre@ing risk fr vehicles.,Public Works Department
"Streetlight not working in Hospital, unsafe at night.",Municipal
Group of men harassing women near Market.,Police
Bus stop shelter at Bus Stand damaged and unsafe.,Transport
Unauthorized shops set up near Park. pls do something asap!,Development Authority
Drainage blocked near Highway causing flooding.,Public Works Department
Grievance No. CM1657 pending without update.,CM Office (Miscellaneous)
Repeated complaints ignored by department.,CM Office (Miscellaneous)
Auto drivers overcharging passengers near Temple.,Transport
building being constructed without permission n school.,Development Authority
Frequent traffic jams near School.,Transport
Cement road at Main Road cracked within a week of repair.,Public Works Department
Garbage not collected for 2 days near Colony.,Municipal
Group of men harassing women near Bus Stand.,Police
Cement road at Park cracked within a week of repair.,Public Works Department
"Streetlight not working in Highway, unsafe at night.",Municipal
land dispute reported @ main road.,Development Authority
"loud music playing l@e night @ metro st@ion, no action taken.",Police
Officials not responding to grievance at Colony. pls do something asap!,CM Office (Miscellaneous)
Drainage blocked near School causing flooding.,Public Works Department
Road at Colony has deep potholes causing accidents.,Public Works Department
"Drainage overflow at Hospital, foul smell everywhere.",Municipal
broken road divider @ highway cre@ing risk fr vehicles.,Public Works Department
"road divider missing n park, causing accidents.",Transport
"Drainage overflow at School, foul smell everywhere.",Municipal
Stray dogs attacking people near Main Road.,Municipal
Overhead bridge construction delayed near Temple.,Public Works Department
Department staff being rude and unhelpful.,CM Office (Miscellaneous)
Buses not stopping at Colony despite schedule. pls do something asap!,Transport
Land dispute reported at Bus Stand.,Development Authority
Heavy vehicles blocking main road near Highway.,Transport
"Drainage overflow at Hospital, foul smell everywhere.",Municipal
Assault reported outside Bus Stand.,Police
Unauthorized shops set up near Temple. pls do something asap!,Development Authority
"Drainage overflow at Highway, foul smell everywhere.",Municipal
"Theft occurred at Temple, no police arrived yet.",Police
"drainage overflow @ market, foul smell everywhere.",Municipal
Overhead bridge construction delayed near Metro Station.,Public Works Department
"Loud music playing late night at Metro Station, no action taken.",Police
Frequent delays in public buses at Temple.,Transport
Still waiting for action on request raised 3 days ago.,CM Office (Miscellaneous)
Filed complaint weeks ago but no response received.,CM Office (Miscellaneous)
Land dispute reported at Market.,Development Authority
"Streetlight not working in Market, unsafe at night.",Municipal
chain sn@ching reported yesterday n school.,Police
Drainage blocked near School causing flooding.,Public Works Department
Illegal hoardings at Colony causing obstruction.,Development Authority
Chain snatching reported yesterday near Main Road.,Police
Officials not responding to grievance at Hospital.,CM Office (Miscellaneous)
Open manhole causing danger near Highway.,Municipal
"Streetlight not working in Market, unsafe at night.",Municipal
Cement road at Hospital cracked within a week of repair.,Public Works Department
unauthorized shops set up n school.,Development Authority
Public nuisance by drunk people at Park.,Police
Traffic signal malfunctioning near Highway.,Transport
Grievance No. CM7997 pending without update.,CM Office (Miscellaneous)
Repeated complaints ignored by department.,CM Office (Miscellaneous)
Online complaint portal not working for several days.,CM Office (Miscellaneous)
Online complaint portal not working for several days.,CM Office (Miscellaneous)
Overhead bridge construction delayed near Hospital.,Public Works Department
Drainage blocked near Park causing flooding.,Public Works Department
Public nuisance by drunk people at Market.,Police
Officials not responding to grievance at Metro Station.,CM Office (Miscellaneous)
Buses not stopping at School despite schedule.,Transport
Department staff being rude and unhelpful.,CM Office (Miscellaneous)
Department staff being rude and unhelpful. pls do something asap!,CM Office (Miscellaneous)
"Road divider missing near Park, causing accidents.",Transport
Land dispute reported at Market.,Development Authority
Footpath tiles uneven and dangerous near Main Road.,Public Works Department
assault reported outside bus stand. pls do something asap!,Police
Repeated complaints ignored by department.,CM Office (Miscellaneous)
Road at Highway has deep potholes causing accidents. pls do something asap!,Public Works Department
Still waiting for action on request raised 6 days ago.,CM Office (Miscellaneous)
Building being constructed without permission near Main Road.,Development Authority
Assault reported outside Market.,Police
Suspicious activities happening around Hospital every night.,Police
overhead bridge construction delayed n highway.,Public Works Department
Filed complaint weeks ago but no response received.,CM Office (Miscellaneous)
"Road divider missing near Colony, causing accidents.",Transport
Footpath tiles uneven and dangerous near Market.,Public Works Department
Public nuisance by drunk people at Main Road.,Police
illegal construction @ temple blocking road access.,Development Authority
Suspicious activities happening around Market every night.,Police
Group of men harassing women near Temple.,Police
"Burglary reported at School, no investigation done.",Police
Overhead bridge construction delayed near Park.,Public Works Department
Bus stop shelter at Market damaged and unsafe.,Transport
frequent traffic jams n highway.,Transport
Online complaint portal not working for several days.,CM Office (Miscellaneous)
Garbage not collected for 10 days near Colony.,Municipal
illegal construction @ main road blocking road access. pls do something asap!,Development Authority
Broken road divider at Highway creating risk for vehicles.,Public Works Department
Public nuisance by drunk people at Market.,Police
Drainage blocked near Park causing flooding. pls do something asap!,Public Works Department
overhead bridge construction delayed n hospital.,Public Works Department
Garbage not collected for 2 days near Market.,Municipal
Footpath tiles uneven and dangerous near Temple.,Public Works Department
Still waiting for action on request raised 11 days ago.,CM Office (Miscellaneous)
Unauthorized shops set up near Park.,Development Authority
Chain snatching reported yesterday near Hospital.,Police
Public nuisance by drunk people at Park.,Police
Public toilet at Bus Stand is dirty and broken.,Municipal
illegal construction @ hospital blocking road access.,Development Authority
drainage blocked n school causing flooding.,Public Works Department
Online complaint portal not working for several days.,CM Office (Miscellaneous)
public nuisance by drunk people @ market.,Police
No sanitation workers seen for a week at Highway.,Municipal
Group of men harassing women near Market.,Police
Group of men harassing women near Metro Station.,Police
Suspicious activities happening around Temple every night.,Police
Buses not stopping at School despite schedule.,Transport
"Burglary reported at Metro Station, no investigation done.",Police
filed complaint weeks ago but no response received.,CM Office (Miscellaneous)
Broken road divider at Bus Stand creating risk for vehicles.,Public Works Department
Suspicious activities happening around School every night.,Police
Building being constructed without permission near Highway.,Development Authority
Garbage not collected for 12 days near Highway.,Municipal
Illegal construction at Bus Stand blocking road access.,Development Authority
Illegal hoardings at Hospital causing obstruction.,Development Authority
Broken road divider at Temple creating risk for vehicles.,Public Works Department
Officials not responding to grievance at Highway.,CM Office (Miscellaneous)
building being constructed without permission n colony.,Development Authority
Illegal hoardings at Temple causing obstruction.,Development Authority
Street repair left incomplete at Highway.,Public Works Department
Chain snatching reported yesterday near Market.,Police
Dumping of debris on open land near Hospital.,Development Authority
Officials not responding to grievance at Main Road.,CM Office (Miscellaneous)
Grievance No. CM6000 pending without update.,CM Office (Miscellaneous)
Stray dogs attacking people near Temple.,Municipal
Assault reported outside Park.,Police
Buses not stopping at School despite schedule.,Transport
Street repair left incomplete at Hospital.,Public Works Department
Buses not stopping at School despite schedule.,Transport
Suspicious activities happening around Colony every night.,Police
No sanitation workers seen for a week at Hospital.,Municipal
"Road divider missing near Colony, causing accidents.",Transport
Footpath tiles uneven and dangerous near Colony.,Public Works Department
Auto drivers overcharging passengers near School.,Transport
Heavy vehicles blocking main road near Temple.,Transport
open manhole causing danger n school.,Municipal
No sanitation workers seen for a week at Hospital.,Municipal
Buses not stopping at Metro Station despite schedule.,Transport
Group of men harassing women near School. pls do something asap!,Police
Illegal hoardings at Colony causing obstruction.,Development Authority
Suspicious activities happening around Park every night.,Police
Public nuisance by drunk people at Highway.,Police
Department staff being rude and unhelpful.,CM Office (Miscellaneous)
Road at Main Road has deep potholes causing accidents.,Public Works Department
No acknowledgment received for complaint submitted last week. pls do something asap!,CM Office (Miscellaneous)
Traffic signal malfunctioning near School.,Transport
Bus stop shelter at Park damaged and unsafe.,Transport
No sanitation workers seen for a week at Colony. pls do something asap!,Municipal
Frequent delays in public buses at Bus Stand.,Transport
w@er supply disrupted since 5 days in highway.,Municipal
officials not responding to grievance @ main road.,CM Office (Miscellaneous)
Garbage not collected for 8 days near Market.,Municipal
dumping of debris on open land n market.,Development Authority
Illegal construction at Highway blocking road access.,Development Authority
Chain snatching reported yesterday near Metro Station.,Police
dumping of debris on open land n colony.,Development Authority
Street repair left incomplete at Metro Station.,Public Works Department
Drainage blocked near Metro Station causing flooding.,Public Works Department
building being constructed without permission n hospital.,Development Authority
Drainage blocked near Market causing flooding.,Public Works Department
Filed complaint weeks ago but no response received.,CM Office (Miscellaneous)
Cement road at Market cracked within a week of repair.,Public Works Department
Suspicious activities happening around Park every night.,Police
Frequent traffic jams near Hospital.,Transport
Frequent traffic jams near Hospital.,Transport
Auto drivers overcharging passengers near Temple.,Transport
Encroachment on government land near School.,Development Authority
Stray dogs attacking people near Highway.,Municipal
Public nuisance by drunk people at Main Road.,Police
Illegal construction at Colony blocking road access.,Development Authority
w@er supply disrupted since 3 days in colony.,Municipal
Street repair left incomplete at Metro Station.,Public Works Department
Broken road divider at Colony creating risk for vehicles.,Public Works Department
Overhead bridge construction delayed near Colony.,Public Works Department
Heavy vehicles blocking main road near Park.,Transport
No sanitation workers seen for a week at Market.,Municipal
Unauthorized shops set up near School. pls do something asap!,Development Authority
"Streetlight not working in Bus Stand, unsafe at night.",Municipal
Encroachment on government land near Bus Stand. pls do something asap!,Development Authority
"Burglary reported at Bus Stand, no investigation done.",Police
Assault reported outside School.,Police
Grievance No. CM4118 pending without update.,CM Office (Miscellaneous)
Dumping of debris on open land near Main Road.,Development Authority
"Loud music playing late night at Temple, no action taken. pls do something asap!",Police
Stray dogs attacking people near Market.,Municipal
"Theft occurred at Hospital, no police arrived yet.",Police
Group of men harassing women near Temple.,Police
"Burglary reported at Market, no investigation done.",Police
Overhead bridge construction delayed near School.,Public Works Department
"Drainage overflow at Hospital, foul smell everywhere.",Municipal
"Drainage overflow at Metro Station, foul smell everywhere.",Municipal
Assault reported outside Metro Station.,Police
Building being constructed without permission near School.,Development Authority
Drainage blocked near Colony causing flooding.,Public Works Department
Unauthorized shops set up near Metro Station.,Development Authority
broken road divider @ temple cre@ing risk fr vehicles.,Public Works Department
w@er supply disrupted since 4 days in temple.,Municipal
Repeated complaints ignored by department.,CM Office (Miscellaneous)
Still waiting for action on request raised 8 days ago.,CM Office (Miscellaneous)
"streetlight not working in temple, unsafe @ night.",Municipal
Filed complaint weeks ago but no response received.,CM Office (Miscellaneous)
Open manhole causing danger near Temple.,Municipal
Newly constructed footpath at School already broken.,Public Works Department
Broken road divider at Highway creating risk for vehicles.,Public Works Department
heavy vehicles blocking main road n park.,Transport
Frequent delays in public buses at Park.,Transport
Traffic signal malfunctioning near Metro Station.,Transport
Newly constructed footpath at School already broken.,Public Works Department
No acknowledgment received for complaint submitted last week.,CM Office (Miscellaneous)
"Theft occurred at Park, no police arrived yet.",Police
Auto drivers overcharging passengers near Colony.,Transport
Overhead bridge construction delayed near Temple.,Public Works Department
"Theft occurred at Highway, no police arrived yet.",Police
Filed complaint weeks ago but no response received.,CM Office (Miscellaneous)
Buses not stopping at Temple despite schedule.,Transport
Street repair left incomplete at Colony.,Public Works Department
Road at School has deep potholes causing accidents.,Public Works Department
"Streetlight not working in Market, unsafe at night. pls do something asap!",Municipal
Stray dogs attacking people near Park.,Municipal
Dumping of debris on open land near Market.,Development Authority
unauthorized shops set up n temple.,Development Authority
Traffic signal malfunctioning near Park.,Transport
Frequent delays in public buses at Colony.,Transport
Officials not responding to grievance at Park.,CM Office (Miscellaneous)
frequent traffic jams n highway.,Transport
Footpath tiles uneven and dangerous near Main Road.,Public Works Department
newly constructed footp@h @ temple already broken.,Public Works Department
Online complaint portal not working for several days.,CM Office (Miscellaneous)
Department staff being rude and unhelpful.,CM Office (Miscellaneous)
Suspicious activities happening around Hospital every night.,Police
"loud music playing l@e night @ school, no action taken.",Police
Illegal construction at Temple blocking road access.,Development Authority
plot boundaries changed illegally n highway. pls do something asap!,Development Authority
Illegal hoardings at Colony causing obstruction.,Development Authority
grievance no. cm8735 pending without upd@e.,CM Office (Miscellaneous)
Frequent traffic jams near Bus Stand.,Transport
auto drivers overcharging passengers n highway.,Transport
Road at Colony has deep potholes causing accidents.,Public Works Department
Traffic signal malfunctioning near Park.,Transport
Frequent traffic jams near School.,Transport
Illegal hoardings at Park causing obstruction.,Development Authority
Road at Main Road has deep potholes causing accidents.,Public Works Department
Newly constructed footpath at Market already broken.,Public Works Department
Frequent delays in public buses at Market. pls do something asap!,Transport
Newly constructed footpath at Main Road already broken.,Public Works Department
Drainage blocked near Park causing flooding.,Public Works Department
Bus stop shelter at Temple damaged and unsafe.,Transport
Bus stop shelter at Metro Station damaged and unsafe.,Transport
Public nuisance by drunk people at Market.,Police
Open manhole causing danger near Hospital.,Municipal
heavy vehicles blocking main road n hospital.,Transport
Heavy vehicles blocking main road near School. pls do something asap!,Transport
Public toilet at School is dirty and broken.,Municipal
"Streetlight not working in Market, unsafe at night.",Municipal
Drainage blocked near Market causing flooding.,Public Works Department
Encroachment on government land near Metro Station.,Development Authority
Dumping of debris on open land near Temple. pls do something asap!,Development Authority
Auto drivers overcharging passengers near Temple.,Transport
"Burglary reported at Main Road, no investigation done.",Police
No acknowledgment received for complaint submitted last week.,CM Office (Miscellaneous)
illegal construction @ market blocking road access.,Development Authority
traffic signal malfunctioning n hospital.,Transport
Open manhole causing danger near Temple. pls do something asap!,Municipal
open manhole causing danger n school.,Municipal
Plot boundaries changed illegally near Temple.,Development Authority
"Loud music playing late night at Hospital, no action taken.",Police
heavy vehicles blocking main road n school.,Transport
newly constructed footp@h @ bus stand already broken.,Public Works Department
Cement road at Temple cracked within a week of repair.,Public Works Department
Still waiting for action on request raised 13 days ago.,CM Office (Miscellaneous)
Plot boundaries changed illegally near Highway.,Development Authority
Encroachment on government land near Market.,Development Authority
frequent traffic jams n hospital.,Transport
Illegal construction at Highway blocking road access.,Development Authority
illegal hoardings @ park causing obstruction.,Development Authority
Assault reported outside Metro Station.,Police
"Drainage overflow at Temple, foul smell everywhere.",Municipal
Heavy vehicles blocking main road near School.,Transport
Public toilet at Highway is dirty and broken.,Municipal
chain sn@ching reported yesterday n park.,Police
garbage not collected fr 3 days n metro st@ion.,Municipal
"Drainage overflow at Main Road, foul smell everywhere.",Municipal
Public toilet at Metro Station is dirty and broken.,Municipal
Water supply disrupted since 10 days in Highway.,Municipal
Cement road at Temple cracked within a week of repair.,Public Works Department
Land dispute reported at School.,Development Authority
unauthorized shops set up n bus stand.,Development Authority
Stray dogs attacking people near Hospital.,Municipal
Frequent delays in public buses at School. pls do something asap!,Transport
"Theft occurred at Highway, no police arrived yet.",Police
Suspicious activities happening around Bus Stand every night.,Police
overhead bridge construction delayed n highway.,Public Works Department
Traffic signal malfunctioning near Park.,Transport
"drainage overflow @ main road, foul smell everywhere.",Municipal
overhead bridge construction delayed n main road.,Public Works Department
Cement road at Hospital cracked within a week of repair.,Public Works Department
"Road divider missing near Market, causing accidents.",Transport
Frequent delays in public buses at Market.,Transport
Officials not responding to grievance at Market.,CM Office (Miscellaneous)
Department staff being rude and unhelpful.,CM Office (Miscellaneous)
"Burglary reported at School, no investigation done.",Police
Illegal construction at Bus Stand blocking road access.,Development Authority
online complaint portal not working fr several days.,CM Office (Miscellaneous)
Heavy vehicles blocking main road near Hospital.,Transport
Drainage blocked near Bus Stand causing flooding.,Public Works Department
Building being constructed without permission near Metro Station.,Development Authority
chain sn@ching reported yesterday n hospital.,Police
Suspicious activities happening around Market every night.,Police
Water supply disrupted since 5 days in Main Road. pls do something asap!,Municipal
Open manhole causing danger near Market.,Municipal
Frequent delays in public buses at Colony.,Transport
"Streetlight not working in School, unsafe at night.",Municipal
Frequent delays in public buses at Colony.,Transport
Open manhole causing danger near Highway.,Municipal
Traffic signal malfunctioning near Market.,Transport
"Theft occurred at Hospital, no police arrived yet.",Police
no acknowledgment received fr complaint submitted last week.,CM Office (Miscellaneous)
Illegal construction at Park blocking road access.,Development Authority
Street repair left incomplete at Highway.,Public Works Department
"Burglary reported at Park, no investigation done.",Police
Road at Colony has deep potholes causing accidents.,Public Works Department
"Streetlight not working in Main Road, unsafe at night.",Municipal
cement road @ highway cracked within a week of repair.,Public Works Department
Buses not stopping at Main Road despite schedule.,Transport
Traffic signal malfunctioning near School.,Transport
Assault reported outside Hospital.,Police
Officials not responding to grievance at Market.,CM Office (Miscellaneous)
Assault reported outside School.,Police
Buses not stopping at School despite schedule.,Transport
traffic signal malfunctioning n hospital.,Transport
Footpath tiles uneven and dangerous near Highway.,Public Works Department
Illegal hoardings at Park causing obstruction.,Development Authority
Online complaint portal not working for several days.,CM Office (Miscellaneous)
Repeated complaints ignored by department. pls do something asap!,CM Office (Miscellaneous)
Illegal hoardings at Bus Stand causing obstruction.,Development Authority
Buses not stopping at School despite schedule. pls do something asap!,Transport
group of men harassing women n bus stand.,Police
Buses not stopping at Main Road despite schedule.,Transport
Newly constructed footpath at Bus Stand already broken.,Public Works Department
Overhead bridge construction delayed near Main Road.,Public Works Department
Water supply disrupted since 5 days in Market.,Municipal
"Burglary reported at Main Road, no investigation done.",Police
"Road divider missing near Park, causing accidents.",Transport
Repeated complaints ignored by department.,CM Office (Miscellaneous)
Cement road at Metro Station cracked within a week of repair.,Public Works Department
Plot boundaries changed illegally near Market. pls do something asap!,Development Authority
No sanitation workers seen for a week at Temple.,Municipal
"Road divider missing near Metro Station, causing accidents.",Transport
Land dispute reported at Hospital.,Development Authority
Bus stop shelter at Bus Stand damaged and unsafe.,Transport
Assault reported outside Hospital.,Police
broken road divider @ market cre@ing risk fr vehicles.,Public Works Department
Officials not responding to grievance at Market.,CM Office (Miscellaneous)
frequent traffic jams n temple.,Transport
Repeated complaints ignored by department.,CM Office (Miscellaneous)
Street repair left incomplete at Bus Stand.,Public Works Department
"Theft occurred at Park, no police arrived yet.",Police
illegal construction @ school blocking road access.,Development Authority
Traffic signal malfunctioning near Colony.,Transport
Illegal hoardings at School causing obstruction.,Development Authority
Heavy vehicles blocking main road near Temple.,Transport
Open manhole causing danger near Main Road.,Municipal
Broken road divider at Park creating risk for vehicles. pls do something asap!,Public Works Department
Encroachment on government land near Main Road.,Development Authority
"Burglary reported at Bus Stand, no investigation done.",Police
Public toilet at Hospital is dirty and broken.,Municipal
"Burglary reported at Market, no investigation done.",Police
Online complaint portal not working for several days.,CM Office (Miscellaneous)
Grievance No. CM2883 pending without update.,CM Office (Miscellaneous)
Road at Metro Station has deep potholes causing accidents.,Public Works Department
Chain snatching reported yesterday near Bus Stand.,Police
Suspicious activities happening around Bus Stand every night.,Police
Overhead bridge construction delayed near Bus Stand.,Public Works Department
Still waiting for action on request raised 3 days ago.,CM Office (Miscellaneous)
Online complaint portal not working for several days. pls do something asap!,CM Office (Miscellaneous)
garbage not collected fr 3 days n market.,Municipal
Public nuisance by drunk people at Highway. pls do something asap!,Police
Online complaint portal not working for several days.,CM Office (Miscellaneous)
Water supply disrupted since 14 days in Temple.,Municipal
Filed complaint weeks ago but no response received.,CM Office (Miscellaneous)
Officials not responding to grievance at Park.,CM Office (Miscellaneous)
Unauthorized shops set up near Temple.,Development Authority
"Loud music playing late night at Hospital, no action taken.",Police
Stray dogs attacking people near Park.,Municipal
Officials not responding to grievance at Market. pls do something asap!,CM Office (Miscellaneous)
Assault reported outside Highway.,Police
Department staff being rude and unhelpful.,CM Office (Miscellaneous)
no acknowledgment received fr complaint submitted last week.,CM Office (Miscellaneous)
footp@h tiles uneven and dangerous n hospital.,Public Works Department
Newly constructed footpath at Temple already broken.,Public Works Department
Officials not responding to grievance at Colony.,CM Office (Miscellaneous)
Suspicious activities happening around Highway every night.,Police
Group of men harassing women near Main Road.,Police
"Burglary reported at Temple, no investigation done.",Police
Buses not stopping at Hospital despite schedule. pls do something asap!,Transport
Garbage not collected for 4 days near School.,Municipal
"Drainage overflow at Bus Stand, foul smell everywhere.",Municipal
drainage blocked n market causing flooding.,Public Works Department
Auto drivers overcharging passengers near Temple.,Transport
Unauthorized shops set up near Temple.,Development Authority
Buses not stopping at Metro Station despite schedule. pls do something asap!,Transport
Frequent delays in public buses at Highway.,Transport
Unauthorized shops set up near Hospital.,Development Authority
Online complaint portal not working for several days.,CM Office (Miscellaneous)
Drainage blocked near Hospital causing flooding.,Public Works Department
Illegal construction at Bus Stand blocking road access.,Development Authority
Dumping of debris on open land near Market.,Development Authority
Assault reported outside Temple.,Police
footp@h tiles uneven and dangerous n hospital.,Public Works Department
Traffic signal malfunctioning near School. pls do something asap!,Transport
"road divider missing n market, causing accidents.",Transport
"Burglary reported at Metro Station, no investigation done. pls do something asap!",Police
Water supply disrupted since 10 days in Park.,Municipal
Unauthorized shops set up near Metro Station.,Development Authority
